transaction_id,sender_id,receiver_id,merchant_id,timestamp,amount,transaction_type,payment_source,purpose_fund_id,family_pass_id,category,status,rejection_reason,reference,wallet_balance_before,wallet_balance_after,fund_balance_before,fund_balance_after,family_pass_limit_remaining_before,family_pass_limit_remaining_after,metadata_json,is_itemized
TXN-20260411-000091,23,23,,2026-04-11 09:27:00,66645.69,CASH_IN,NORMAL_WALLET,,,Deposit,COMPLETED,,Monthly Salary / Bank Add Money,22750.00,89395.69,,,,,"{""source"": ""Bank Deposit"", ""ground_truth_anomaly"": false}",False
TXN-20260411-000099,25,25,,2026-04-11 09:28:00,71497.88,CASH_IN,NORMAL_WALLET,,,Deposit,COMPLETED,,Monthly Salary / Bank Add Money,24500.00,95997.88,,,,,"{""source"": ""Bank Deposit"", ""ground_truth_anomaly"": false}",False
TXN-20260411-000100,25,,,2026-04-11 09:33:00,13000.00,FUND_ALLOCATION,NORMAL_WALLET,75,,Restaurant/Food,COMPLETED,,Allocated ৳13000.00 to Arif's Restaurant/Food Fund,95997.88,82997.88,0.00,13000.00,,,"{""fund_name"": ""Arif's Restaurant/Food Fund"", ""ground_truth_anomaly"": false}",False
TXN-20260411-000102,25,,,2026-04-11 09:33:00,10000.00,FUND_ALLOCATION,NORMAL_WALLET,77,,Grocery,COMPLETED,,Allocated ৳10000.00 to Arif's Grocery Fund,67997.88,57997.88,0.00,10000.00,,,"{""fund_name"": ""Arif's Grocery Fund"", ""ground_truth_anomaly"": false}",False
TXN-20260411-000094,23,,,2026-04-11 09:34:00,6000.00,FUND_ALLOCATION,NORMAL_WALLET,71,,Transport,COMPLETED,,Allocated ৳6000.00 to Shafiqul's Transport Fund,63395.69,57395.69,0.00,6000.00,,,"{""fund_name"": ""Shafiqul's Transport Fund"", ""ground_truth_anomaly"": false}",False
TXN-20260411-000101,25,,,2026-04-11 09:35:00,15000.00,FUND_ALLOCATION,NORMAL_WALLET,76,,Shopping,COMPLETED,,Allocated ৳15000.00 to Arif's Shopping Fund,82997.88,67997.88,0.00,15000.00,,,"{""fund_name"": ""Arif's Shopping Fund"", ""ground_truth_anomaly"": false}",False
TXN-20260411-000001,1,1,,2026-04-11 09:39:00,84699.58,CASH_IN,NORMAL_WALLET,,,Deposit,COMPLETED,,Monthly Salary / Bank Add Money,29750.00,114449.58,,,,,"{""source"": ""Bank Deposit"", ""ground_truth_anomaly"": false}",False
TXN-20260411-000055,13,13,,2026-04-11 09:40:00,9207.53,CASH_IN,NORMAL_WALLET,,,Deposit,COMPLETED,,Monthly Salary / Bank Add Money,3150.00,12357.53,,,,,"{""source"": ""Bank Deposit"", ""ground_truth_anomaly"": false}",False
TXN-20260411-000002,1,,,2026-04-11 09:46:00,18000.00,FUND_ALLOCATION,NORMAL_WALLET,1,,Grocery,COMPLETED,,Allocated ৳18000.00 to Tariq's Grocery Fund,114449.58,96449.58,0.00,18000.00,,,"{""fund_name"": ""Tariq's Grocery Fund"", ""ground_truth_anomaly"": false}",False
TXN-20260411-000003,1,,,2026-04-11 09:47:00,4500.00,FUND_ALLOCATION,NORMAL_WALLET,2,,Electricity,COMPLETED,,Allocated ৳4500.00 to Tariq's Electricity Fund,96449.58,91949.58,0.00,4500.00,,,"{""fund_name"": ""Tariq's Electricity Fund"", ""ground_truth_anomaly"": false}",False
TXN-20260411-000005,1,,,2026-04-11 09:47:00,6000.00,FUND_ALLOCATION,NORMAL_WALLET,4,,Medicine,COMPLETED,,Allocated ৳6000.00 to Tariq's Medicine Fund,79949.58,73949.58,0.00,6000.00,,,"{""fund_name"": ""Tariq's Medicine Fund"", ""ground_truth_anomaly"": false}",False
TXN-20260411-000093,23,,,2026-04-11 09:47:00,14000.00,FUND_ALLOCATION,NORMAL_WALLET,70,,Shopping,COMPLETED,,Allocated ৳14000.00 to Shafiqul's Shopping Fund,77395.69,63395.69,0.00,14000.00,,,"{""fund_name"": ""Shafiqul's Shopping Fund"", ""ground_truth_anomaly"": false}",False
TXN-20260411-000046,10,10,,2026-04-11 09:49:00,11658.27,CASH_IN,NORMAL_WALLET,,,Deposit,COMPLETED,,Monthly Salary / Bank Add Money,4200.00,15858.27,,,,,"{""source"": ""Bank Deposit"", ""ground_truth_anomaly"": false}",False
TXN-20260411-000004,1,,,2026-04-11 09:53:00,12000.00,FUND_ALLOCATION,NORMAL_WALLET,3,,Education,COMPLETED,,Allocated ৳12000.00 to Tariq's Education Fund,91949.58,79949.58,0.00,12000.00,,,"{""fund_name"": ""Tariq's Education Fund"", ""ground_truth_anomaly"": false}",False
TXN-20260411-000081,21,21,,2026-04-11 09:53:00,210728.76,CASH_IN,NORMAL_WALLET,,,Deposit,COMPLETED,,Monthly Salary / Bank Add Money,73500.00,284228.76,,,,,"{""source"": ""Bank Deposit"", ""ground_truth_anomaly"": false}",False
TXN-20260411-000048,10,,,2026-04-11 09:55:00,3000.00,FUND_ALLOCATION,NORMAL_WALLET,38,,Transport,COMPLETED,,Allocated ৳3000.00 to Samiul's Transport Fund,10858.27,7858.27,0.00,3000.00,,,"{""fund_name"": ""Samiul's Transport Fund"", ""ground_truth_anomaly"": false}",False
TXN-20260411-000092,23,,,2026-04-11 09:55:00,12000.00,FUND_ALLOCATION,NORMAL_WALLET,69,,Restaurant/Food,COMPLETED,,Allocated ৳12000.00 to Shafiqul's Restaurant/Food Fund,89395.69,77395.69,0.00,12000.00,,,"{""fund_name"": ""Shafiqul's Restaurant/Food Fund"", ""ground_truth_anomaly"": false}",False
TXN-20260411-000047,10,,,2026-04-11 09:58:00,5000.00,FUND_ALLOCATION,NORMAL_WALLET,37,,Education,COMPLETED,,Allocated ৳5000.00 to Samiul's Education Fund,15858.27,10858.27,0.00,5000.00,,,"{""fund_name"": ""Samiul's Education Fund"", ""ground_truth_anomaly"": false}",False
TXN-20260411-000057,13,,,2026-04-11 09:59:00,2000.00,FUND_ALLOCATION,NORMAL_WALLET,44,,Transport,COMPLETED,,Allocated ৳2000.00 to Nahian's Transport Fund,8357.53,6357.53,0.00,2000.00,,,"{""fund_name"": ""Nahian's Transport Fund"", ""ground_truth_anomaly"": false}",False
TXN-20260411-000016,4,4,,2026-04-11 10:05:00,107203.71,CASH_IN,NORMAL_WALLET,,,Deposit,COMPLETED,,Monthly Salary / Bank Add Money,38500.00,145703.71,,,,,"{""source"": ""Bank Deposit"", ""ground_truth_anomaly"": false}",False
TXN-20260411-000056,13,,,2026-04-11 10:07:00,4000.00,FUND_ALLOCATION,NORMAL_WALLET,43,,Education,COMPLETED,,Allocated ৳4000.00 to Nahian's Education Fund,12357.53,8357.53,0.00,4000.00,,,"{""fund_name"": ""Nahian's Education Fund"", ""ground_truth_anomaly"": false}",False
TXN-20260411-000082,21,,,2026-04-11 10:07:00,32000.00,FUND_ALLOCATION,NORMAL_WALLET,61,,Grocery,COMPLETED,,Allocated ৳32000.00 to Tanzeem's Grocery Fund,284228.76,252228.76,0.00,32000.00,,,"{""fund_name"": ""Tanzeem's Grocery Fund"", ""ground_truth_anomaly"": false}",False
TXN-20260411-000083,21,,,2026-04-11 10:08:00,45000.00,FUND_ALLOCATION,NORMAL_WALLET,62,,Rent,COMPLETED,,Allocated ৳45000.00 to Tanzeem's Rent Fund,252228.76,207228.76,0.00,45000.00,,,"{""fund_name"": ""Tanzeem's Rent Fund"", ""ground_truth_anomaly"": false}",False
TXN-20260411-000084,21,,,2026-04-11 10:12:00,18000.00,FUND_ALLOCATION,NORMAL_WALLET,63,,Restaurant/Food,COMPLETED,,Allocated ৳18000.00 to Tanzeem's Restaurant/Food Fund,207228.76,189228.76,0.00,18000.00,,,"{""fund_name"": ""Tanzeem's Restaurant/Food Fund"", ""ground_truth_anomaly"": false}",False
TXN-20260411-000118,6,,,2026-04-11 10:16:06,50.00,MOBILE_RECHARGE,NORMAL_WALLET,,,Recharge,COMPLETED,,Mobile Recharge to 01710000006,68136.35,68086.35,,,,,"{""operator"": ""Grameenphone"", ""ground_truth_anomaly"": false}",False
TXN-20260411-000019,4,,,2026-04-11 10:19:00,16000.00,FUND_ALLOCATION,NORMAL_WALLET,15,,Education,COMPLETED,,Allocated ৳16000.00 to Mahbub's Education Fund,93703.71,77703.71,0.00,16000.00,,,"{""fund_name"": ""Mahbub's Education Fund"", ""ground_truth_anomaly"": false}",False
TXN-20260411-000020,4,,,2026-04-11 10:19:00,8000.00,FUND_ALLOCATION,NORMAL_WALLET,16,,Medicine,COMPLETED,,Allocated ৳8000.00 to Mahbub's Medicine Fund,77703.71,69703.71,0.00,8000.00,,,"{""fund_name"": ""Mahbub's Medicine Fund"", ""ground_truth_anomaly"": false}",False
TXN-20260411-000026,6,6,,2026-04-11 10:23:00,89836.35,CASH_IN,NORMAL_WALLET,,,Deposit,COMPLETED,,Monthly Salary / Bank Add Money,30800.00,120636.35,,,,,"{""source"": ""Bank Deposit"", ""ground_truth_anomaly"": false}",False
TXN-20260411-000073,19,19,,2026-04-11 10:23:00,28509.96,CASH_IN,NORMAL_WALLET,,,Deposit,COMPLETED,,Monthly Salary / Bank Add Money,9800.00,38309.96,,,,,"{""source"": ""Bank Deposit"", ""ground_truth_anomaly"": false}",False
TXN-20260411-000085,21,,,2026-04-11 10:23:00,22000.00,FUND_ALLOCATION,NORMAL_WALLET,64,,Shopping,COMPLETED,,Allocated ৳22000.00 to Tanzeem's Shopping Fund,189228.76,167228.76,0.00,22000.00,,,"{""fund_name"": ""Tanzeem's Shopping Fund"", ""ground_truth_anomaly"": false}",False
TXN-20260411-000095,24,24,,2026-04-11 10:23:00,55490.21,CASH_IN,NORMAL_WALLET,,,Deposit,COMPLETED,,Monthly Salary / Bank Add Money,19250.00,74740.21,,,,,"{""source"": ""Bank Deposit"", ""ground_truth_anomaly"": false}",False
TXN-20260411-000017,4,,,2026-04-11 10:27:00,22000.00,FUND_ALLOCATION,NORMAL_WALLET,13,,Grocery,COMPLETED,,Allocated ৳22000.00 to Mahbub's Grocery Fund,145703.71,123703.71,0.00,22000.00,,,"{""fund_name"": ""Mahbub's Grocery Fund"", ""ground_truth_anomaly"": false}",False
TXN-20260411-000018,4,,,2026-04-11 10:27:00,30000.00,FUND_ALLOCATION,NORMAL_WALLET,14,,Rent,COMPLETED,,Allocated ৳30000.00 to Mahbub's Rent Fund,123703.71,93703.71,0.00,30000.00,,,"{""fund_name"": ""Mahbub's Rent Fund"", ""ground_truth_anomaly"": false}",False
TXN-20260411-000029,6,,,2026-04-11 10:30:00,4500.00,FUND_ALLOCATION,NORMAL_WALLET,23,,Electricity,COMPLETED,,Allocated ৳4500.00 to Zahid's Electricity Fund,78636.35,74136.35,0.00,4500.00,,,"{""fund_name"": ""Zahid's Electricity Fund"", ""ground_truth_anomaly"": false}",False
TXN-20260411-000052,12,12,,2026-04-11 10:30:00,11143.42,CASH_IN,NORMAL_WALLET,,,Deposit,COMPLETED,,Monthly Salary / Bank Add Money,3850.00,14993.42,,,,,"{""source"": ""Bank Deposit"", ""ground_truth_anomaly"": false}",False
TXN-20260411-000096,24,,,2026-04-11 10:31:00,10000.00,FUND_ALLOCATION,NORMAL_WALLET,72,,Restaurant/Food,COMPLETED,,Allocated ৳10000.00 to Emon's Restaurant/Food Fund,74740.21,64740.21,0.00,10000.00,,,"{""fund_name"": ""Emon's Restaurant/Food Fund"", ""ground_truth_anomaly"": false}",False
TXN-20260411-000076,20,20,,2026-04-11 10:32:00,187138.39,CASH_IN,NORMAL_WALLET,,,Deposit,COMPLETED,,Monthly Salary / Bank Add Money,64750.00,251888.39,,,,,"{""source"": ""Bank Deposit"", ""ground_truth_anomaly"": false}",False
TXN-20260411-000074,19,,,2026-04-11 10:34:00,12000.00,FUND_ALLOCATION,NORMAL_WALLET,55,,Grocery,COMPLETED,,Allocated ৳12000.00 to Sadia's Grocery Fund,38309.96,26309.96,0.00,12000.00,,,"{""fund_name"": ""Sadia's Grocery Fund"", ""ground_truth_anomaly"": false}",False
TXN-20260411-000097,24,,,2026-04-11 10:34:00,11000.00,FUND_ALLOCATION,NORMAL_WALLET,73,,Shopping,COMPLETED,,Allocated ৳11000.00 to Emon's Shopping Fund,64740.21,53740.21,0.00,11000.00,,,"{""fund_name"": ""Emon's Shopping Fund"", ""ground_truth_anomaly"": false}",False
TXN-20260411-000075,19,,,2026-04-11 10:36:00,5000.00,FUND_ALLOCATION,NORMAL_WALLET,56,,Medicine,COMPLETED,,Allocated ৳5000.00 to Sadia's Medicine Fund,26309.96,21309.96,0.00,5000.00,,,"{""fund_name"": ""Sadia's Medicine Fund"", ""ground_truth_anomaly"": false}",False
TXN-20260411-000053,12,,,2026-04-11 10:39:00,4500.00,FUND_ALLOCATION,NORMAL_WALLET,41,,Education,COMPLETED,,Allocated ৳4500.00 to Rafid's Education Fund,14993.42,10493.42,0.00,4500.00,,,"{""fund_name"": ""Rafid's Education Fund"", ""ground_truth_anomaly"": false}",False
TXN-20260411-000030,6,,,2026-04-11 10:40:00,6000.00,FUND_ALLOCATION,NORMAL_WALLET,24,,Shopping,COMPLETED,,Allocated ৳6000.00 to Zahid's Shopping Fund,74136.35,68136.35,0.00,6000.00,,,"{""fund_name"": ""Zahid's Shopping Fund"", ""ground_truth_anomaly"": false}",False
TXN-20260411-000028,6,,,2026-04-11 10:41:00,24000.00,FUND_ALLOCATION,NORMAL_WALLET,22,,Rent,COMPLETED,,Allocated ৳24000.00 to Zahid's Rent Fund,102636.35,78636.35,0.00,24000.00,,,"{""fund_name"": ""Zahid's Rent Fund"", ""ground_truth_anomaly"": false}",False
TXN-20260411-000027,6,,,2026-04-11 10:42:00,18000.00,FUND_ALLOCATION,NORMAL_WALLET,21,,Grocery,COMPLETED,,Allocated ৳18000.00 to Zahid's Grocery Fund,120636.35,102636.35,0.00,18000.00,,,"{""fund_name"": ""Zahid's Grocery Fund"", ""ground_truth_anomaly"": false}",False
TXN-20260411-000054,12,,,2026-04-11 10:50:00,2500.00,FUND_ALLOCATION,NORMAL_WALLET,42,,Transport,COMPLETED,,Allocated ৳2500.00 to Rafid's Transport Fund,10493.42,7993.42,0.00,2500.00,,,"{""fund_name"": ""Rafid's Transport Fund"", ""ground_truth_anomaly"": false}",False
TXN-20260411-000080,20,,,2026-04-11 10:50:00,15000.00,FUND_ALLOCATION,NORMAL_WALLET,60,,Treatment,COMPLETED,,Allocated ৳15000.00 to Asif's Treatment Fund,163888.39,148888.39,0.00,15000.00,,,"{""fund_name"": ""Asif's Treatment Fund"", ""ground_truth_anomaly"": false}",False
TXN-20260411-000114,12,,21,2026-04-11 10:50:33,795.10,MERCHANT_PAYMENT,NORMAL_WALLET,,,Restaurant/Food,COMPLETED,,Payment to Sultan's Dine Kacchi from Normal Wallet,7993.42,7198.32,,,,,"{""merchant"": ""Sultan's Dine Kacchi"", ""ground_truth_anomaly"": false}",False
TXN-20260411-000011,3,3,,2026-04-11 10:51:00,76837.08,CASH_IN,NORMAL_WALLET,,,Deposit,COMPLETED,,Monthly Salary / Bank Add Money,27300.00,104137.08,,,,,"{""source"": ""Bank Deposit"", ""ground_truth_anomaly"": false}",False
TXN-20260411-000098,24,,,2026-04-11 10:51:00,5000.00,FUND_ALLOCATION,NORMAL_WALLET,74,,Transport,COMPLETED,,Allocated ৳5000.00 to Emon's Transport Fund,53740.21,48740.21,0.00,5000.00,,,"{""fund_name"": ""Emon's Transport Fund"", ""ground_truth_anomaly"": false}",False
TXN-20260411-000078,20,,,2026-04-11 10:52:00,40000.00,FUND_ALLOCATION,NORMAL_WALLET,58,,Rent,COMPLETED,,Allocated ৳40000.00 to Asif's Rent Fund,223888.39,183888.39,0.00,40000.00,,,"{""fund_name"": ""Asif's Rent Fund"", ""ground_truth_anomaly"": false}",False
TXN-20260411-000067,17,17,,2026-04-11 10:53:00,21911.65,CASH_IN,NORMAL_WALLET,,,Deposit,COMPLETED,,Monthly Salary / Bank Add Money,7700.00,29611.65,,,,,"{""source"": ""Bank Deposit"", ""ground_truth_anomaly"": false}",False
TXN-20260411-000069,17,,,2026-04-11 10:58:00,4500.00,FUND_ALLOCATION,NORMAL_WALLET,52,,Medicine,COMPLETED,,Allocated ৳4500.00 to Farzana's Medicine Fund,20611.65,16111.65,0.00,4500.00,,,"{""fund_name"": ""Farzana's Medicine Fund"", ""ground_truth_anomaly"": false}",False
TXN-20260411-000077,20,,,2026-04-11 11:01:00,28000.00,FUND_ALLOCATION,NORMAL_WALLET,57,,Grocery,COMPLETED,,Allocated ৳28000.00 to Asif's Grocery Fund,251888.39,223888.39,0.00,28000.00,,,"{""fund_name"": ""Asif's Grocery Fund"", ""ground_truth_anomaly"": false}",False
TXN-20260411-000079,20,,,2026-04-11 11:02:00,20000.00,FUND_ALLOCATION,NORMAL_WALLET,59,,Shopping,COMPLETED,,Allocated ৳20000.00 to Asif's Shopping Fund,183888.39,163888.39,0.00,20000.00,,,"{""fund_name"": ""Asif's Shopping Fund"", ""ground_truth_anomaly"": false}",False
TXN-20260411-000068,17,,,2026-04-11 11:06:00,9000.00,FUND_ALLOCATION,NORMAL_WALLET,51,,Grocery,COMPLETED,,Allocated ৳9000.00 to Farzana's Grocery Fund,29611.65,20611.65,0.00,9000.00,,,"{""fund_name"": ""Farzana's Grocery Fund"", ""ground_truth_anomaly"": false}",False
TXN-20260411-000012,3,,,2026-04-11 11:08:00,16000.00,FUND_ALLOCATION,NORMAL_WALLET,9,,Grocery,COMPLETED,,Allocated ৳16000.00 to Farhan's Grocery Fund,104137.08,88137.08,0.00,16000.00,,,"{""fund_name"": ""Farhan's Grocery Fund"", ""ground_truth_anomaly"": false}",False
TXN-20260411-000014,3,,,2026-04-11 11:12:00,4000.00,FUND_ALLOCATION,NORMAL_WALLET,11,,Electricity,COMPLETED,,Allocated ৳4000.00 to Farhan's Electricity Fund,74137.08,70137.08,0.00,4000.00,,,"{""fund_name"": ""Farhan's Electricity Fund"", ""ground_truth_anomaly"": false}",False
TXN-20260411-000015,3,,,2026-04-11 11:16:00,5000.00,FUND_ALLOCATION,NORMAL_WALLET,12,,Transport,COMPLETED,,Allocated ৳5000.00 to Farhan's Transport Fund,70137.08,65137.08,0.00,5000.00,,,"{""fund_name"": ""Farhan's Transport Fund"", ""ground_truth_anomaly"": false}",False
TXN-20260411-000013,3,,,2026-04-11 11:19:00,14000.00,FUND_ALLOCATION,NORMAL_WALLET,10,,Education,COMPLETED,,Allocated ৳14000.00 to Farhan's Education Fund,88137.08,74137.08,0.00,14000.00,,,"{""fund_name"": ""Farhan's Education Fund"", ""ground_truth_anomaly"": false}",False
TXN-20260411-000061,15,15,,2026-04-11 11:19:00,10537.67,CASH_IN,NORMAL_WALLET,,,Deposit,COMPLETED,,Monthly Salary / Bank Add Money,3675.00,14212.67,,,,,"{""source"": ""Bank Deposit"", ""ground_truth_anomaly"": false}",False
TXN-20260411-000064,16,16,,2026-04-11 11:30:00,20176.24,CASH_IN,NORMAL_WALLET,,,Deposit,COMPLETED,,Monthly Salary / Bank Add Money,7000.00,27176.24,,,,,"{""source"": ""Bank Deposit"", ""ground_truth_anomaly"": false}",False
TXN-20260411-000006,2,2,,2026-04-11 11:31:00,94713.03,CASH_IN,NORMAL_WALLET,,,Deposit,COMPLETED,,Monthly Salary / Bank Add Money,33250.00,127963.03,,,,,"{""source"": ""Bank Deposit"", ""ground_truth_anomaly"": false}",False
TXN-20260411-000031,7,7,,2026-04-11 11:31:00,69595.15,CASH_IN,NORMAL_WALLET,,,Deposit,COMPLETED,,Monthly Salary / Bank Add Money,23800.00,93395.15,,,,,"{""source"": ""Bank Deposit"", ""ground_truth_anomaly"": false}",False
TXN-20260411-000032,7,,,2026-04-11 11:39:00,15000.00,FUND_ALLOCATION,NORMAL_WALLET,25,,Grocery,COMPLETED,,Allocated ৳15000.00 to Delwar's Grocery Fund,93395.15,78395.15,0.00,15000.00,,,"{""fund_name"": ""Delwar's Grocery Fund"", ""ground_truth_anomaly"": false}",False
TXN-20260411-000062,15,,,2026-04-11 11:41:00,4500.00,FUND_ALLOCATION,NORMAL_WALLET,47,,Education,COMPLETED,,Allocated ৳4500.00 to Zubair's Education Fund,14212.67,9712.67,0.00,4500.00,,,"{""fund_name"": ""Zubair's Education Fund"", ""ground_truth_anomaly"": false}",False
TXN-20260411-000009,2,,,2026-04-11 11:42:00,5000.00,FUND_ALLOCATION,NORMAL_WALLET,7,,Electricity,COMPLETED,,Allocated ৳5000.00 to Anisul's Electricity Fund,82963.03,77963.03,0.00,5000.00,,,"{""fund_name"": ""Anisul's Electricity Fund"", ""ground_truth_anomaly"": false}",False
TXN-20260411-000021,5,5,,2026-04-11 11:45:00,71816.17,CASH_IN,NORMAL_WALLET,,,Deposit,COMPLETED,,Monthly Salary / Bank Add Money,25200.00,97016.17,,,,,"{""source"": ""Bank Deposit"", ""ground_truth_anomaly"": false}",False
TXN-20260411-000086,22,22,,2026-04-11 11:45:00,161023.90,CASH_IN,NORMAL_WALLET,,,Deposit,COMPLETED,,Monthly Salary / Bank Add Money,57750.00,218773.90,,,,,"{""source"": ""Bank Deposit"", ""ground_truth_anomaly"": false}",False
TXN-20260411-000008,2,,,2026-04-11 11:46:00,25000.00,FUND_ALLOCATION,NORMAL_WALLET,6,,Rent,COMPLETED,,Allocated ৳25000.00 to Anisul's Rent Fund,107963.03,82963.03,0.00,25000.00,,,"{""fund_name"": ""Anisul's Rent Fund"", ""ground_truth_anomaly"": false}",False
TXN-20260411-000066,16,,,2026-04-11 11:47:00,4000.00,FUND_ALLOCATION,NORMAL_WALLET,50,,Medicine,COMPLETED,,Allocated ৳4000.00 to Nasrin's Medicine Fund,19176.24,15176.24,0.00,4000.00,,,"{""fund_name"": ""Nasrin's Medicine Fund"", ""ground_truth_anomaly"": false}",False
TXN-20260411-000010,2,,,2026-04-11 11:48:00,5000.00,FUND_ALLOCATION,NORMAL_WALLET,8,,Medicine,COMPLETED,,Allocated ৳5000.00 to Anisul's Medicine Fund,77963.03,72963.03,0.00,5000.00,,,"{""fund_name"": ""Anisul's Medicine Fund"", ""ground_truth_anomaly"": false}",False
TXN-20260411-000033,7,,,2026-04-11 11:49:00,3800.00,FUND_ALLOCATION,NORMAL_WALLET,26,,Electricity,COMPLETED,,Allocated ৳3800.00 to Delwar's Electricity Fund,78395.15,74595.15,0.00,3800.00,,,"{""fund_name"": ""Delwar's Electricity Fund"", ""ground_truth_anomaly"": false}",False
TXN-20260411-000063,15,,,2026-04-11 11:49:00,2500.00,FUND_ALLOCATION,NORMAL_WALLET,48,,Transport,COMPLETED,,Allocated ৳2500.00 to Zubair's Transport Fund,9712.67,7212.67,0.00,2500.00,,,"{""fund_name"": ""Zubair's Transport Fund"", ""ground_truth_anomaly"": false}",False
TXN-20260411-000025,5,,,2026-04-11 11:50:00,10000.00,FUND_ALLOCATION,NORMAL_WALLET,20,,Education,COMPLETED,,Allocated ৳10000.00 to Kamrul's Education Fund,71816.17,61816.17,0.00,10000.00,,,"{""fund_name"": ""Kamrul's Education Fund"", ""ground_truth_anomaly"": false}",False
TXN-20260411-000034,7,,,2026-04-11 11:52:00,5000.00,FUND_ALLOCATION,NORMAL_WALLET,27,,Medicine,COMPLETED,,Allocated ৳5000.00 to Delwar's Medicine Fund,74595.15,69595.15,0.00,5000.00,,,"{""fund_name"": ""Delwar's Medicine Fund"", ""ground_truth_anomaly"": false}",False
TXN-20260411-000036,8,8,,2026-04-11 11:56:00,106575.92,CASH_IN,NORMAL_WALLET,,,Deposit,COMPLETED,,Monthly Salary / Bank Add Money,36750.00,143325.92,,,,,"{""source"": ""Bank Deposit"", ""ground_truth_anomaly"": false}",False
TXN-20260411-000049,11,11,,2026-04-11 11:56:00,10277.64,CASH_IN,NORMAL_WALLET,,,Deposit,COMPLETED,,Monthly Salary / Bank Add Money,3500.00,13777.64,,,,,"{""source"": ""Bank Deposit"", ""ground_truth_anomaly"": false}",False
TXN-20260411-000070,18,18,,2026-04-11 11:56:00,24299.66,CASH_IN,NORMAL_WALLET,,,Deposit,COMPLETED,,Monthly Salary / Bank Add Money,8750.00,33049.66,,,,,"{""source"": ""Bank Deposit"", ""ground_truth_anomaly"": false}",False
TXN-20260411-000007,2,,,2026-04-11 11:57:00,20000.00,FUND_ALLOCATION,NORMAL_WALLET,5,,Grocery,COMPLETED,,Allocated ৳20000.00 to Anisul's Grocery Fund,127963.03,107963.03,0.00,20000.00,,,"{""fund_name"": ""Anisul's Grocery Fund"", ""ground_truth_anomaly"": false}",False
TXN-20260411-000089,22,,,2026-04-11 11:58:00,22000.00,FUND_ALLOCATION,NORMAL_WALLET,67,,Education,COMPLETED,,Allocated ৳22000.00 to Nafis's Education Fund,173773.90,151773.90,0.00,22000.00,,,"{""fund_name"": ""Nafis's Education Fund"", ""ground_truth_anomaly"": false}",False
TXN-20260411-000024,5,,,2026-04-11 11:59:00,6000.00,FUND_ALLOCATION,NORMAL_WALLET,19,,Medicine,COMPLETED,,Allocated ৳6000.00 to Kamrul's Medicine Fund,77816.17,71816.17,0.00,6000.00,,,"{""fund_name"": ""Kamrul's Medicine Fund"", ""ground_truth_anomaly"": false}",False
TXN-20260411-000041,9,9,,2026-04-11 11:59:00,91860.18,CASH_IN,NORMAL_WALLET,,,Deposit,COMPLETED,,Monthly Salary / Bank Add Money,31500.00,123360.18,,,,,"{""source"": ""Bank Deposit"", ""ground_truth_anomaly"": false}",False
TXN-20260411-000058,14,14,,2026-04-11 11:59:00,14146.41,CASH_IN,NORMAL_WALLET,,,Deposit,COMPLETED,,Monthly Salary / Bank Add Money,4900.00,19046.41,,,,,"{""source"": ""Bank Deposit"", ""ground_truth_anomaly"": false}",False
TXN-20260411-000065,16,,,2026-04-11 12:00:00,8000.00,FUND_ALLOCATION,NORMAL_WALLET,49,,Grocery,COMPLETED,,Allocated ৳8000.00 to Nasrin's Grocery Fund,27176.24,19176.24,0.00,8000.00,,,"{""fund_name"": ""Nasrin's Grocery Fund"", ""ground_truth_anomaly"": false}",False
TXN-20260411-000035,7,,,2026-04-11 12:01:00,4000.00,FUND_ALLOCATION,NORMAL_WALLET,28,,Transport,COMPLETED,,Allocated ৳4000.00 to Delwar's Transport Fund,69595.15,65595.15,0.00,4000.00,,,"{""fund_name"": ""Delwar's Transport Fund"", ""ground_truth_anomaly"": false}",False
TXN-20260411-000051,11,,,2026-04-11 12:04:00,3000.00,FUND_ALLOCATION,NORMAL_WALLET,40,,Restaurant/Food,COMPLETED,,Allocated ৳3000.00 to Tanvir's Restaurant/Food Fund,9777.64,6777.64,0.00,3000.00,,,"{""fund_name"": ""Tanvir's Restaurant/Food Fund"", ""ground_truth_anomaly"": false}",False
TXN-20260411-000090,22,,,2026-04-11 12:04:00,15000.00,FUND_ALLOCATION,NORMAL_WALLET,68,,Shopping,COMPLETED,,Allocated ৳15000.00 to Nafis's Shopping Fund,151773.90,136773.90,0.00,15000.00,,,"{""fund_name"": ""Nafis's Shopping Fund"", ""ground_truth_anomaly"": false}",False
TXN-20260411-000088,22,,,2026-04-11 12:06:00,20000.00,FUND_ALLOCATION,NORMAL_WALLET,66,,Treatment,COMPLETED,,Allocated ৳20000.00 to Nafis's Treatment Fund,193773.90,173773.90,0.00,20000.00,,,"{""fund_name"": ""Nafis's Treatment Fund"", ""ground_truth_anomaly"": false}",False
TXN-20260411-000023,5,,,2026-04-11 12:08:00,4200.00,FUND_ALLOCATION,NORMAL_WALLET,18,,Electricity,COMPLETED,,Allocated ৳4200.00 to Kamrul's Electricity Fund,82016.17,77816.17,0.00,4200.00,,,"{""fund_name"": ""Kamrul's Electricity Fund"", ""ground_truth_anomaly"": false}",False
TXN-20260411-000040,8,,,2026-04-11 12:09:00,10000.00,FUND_ALLOCATION,NORMAL_WALLET,32,,Treatment,COMPLETED,,Allocated ৳10000.00 to Saifur's Treatment Fund,99825.92,89825.92,0.00,10000.00,,,"{""fund_name"": ""Saifur's Treatment Fund"", ""ground_truth_anomaly"": false}",False
TXN-20260411-000022,5,,,2026-04-11 12:12:00,15000.00,FUND_ALLOCATION,NORMAL_WALLET,17,,Grocery,COMPLETED,,Allocated ৳15000.00 to Kamrul's Grocery Fund,97016.17,82016.17,0.00,15000.00,,,"{""fund_name"": ""Kamrul's Grocery Fund"", ""ground_truth_anomaly"": false}",False
TXN-20260411-000060,14,,,2026-04-11 12:12:00,4000.00,FUND_ALLOCATION,NORMAL_WALLET,46,,Shopping,COMPLETED,,Allocated ৳4000.00 to Sakib's Shopping Fund,14046.41,10046.41,0.00,4000.00,,,"{""fund_name"": ""Sakib's Shopping Fund"", ""ground_truth_anomaly"": false}",False
TXN-20260411-000038,8,,,2026-04-11 12:13:00,18000.00,FUND_ALLOCATION,NORMAL_WALLET,30,,Education,COMPLETED,,Allocated ৳18000.00 to Saifur's Education Fund,123325.92,105325.92,0.00,18000.00,,,"{""fund_name"": ""Saifur's Education Fund"", ""ground_truth_anomaly"": false}",False
TXN-20260411-000072,18,,,2026-04-11 12:15:00,5000.00,FUND_ALLOCATION,NORMAL_WALLET,54,,Shopping,COMPLETED,,Allocated ৳5000.00 to Rumana's Shopping Fund,23049.66,18049.66,0.00,5000.00,,,"{""fund_name"": ""Rumana's Shopping Fund"", ""ground_truth_anomaly"": false}",False
TXN-20260411-000087,22,,,2026-04-11 12:15:00,25000.00,FUND_ALLOCATION,NORMAL_WALLET,65,,Grocery,COMPLETED,,Allocated ৳25000.00 to Nafis's Grocery Fund,218773.90,193773.90,0.00,25000.00,,,"{""fund_name"": ""Nafis's Grocery Fund"", ""ground_truth_anomaly"": false}",False
TXN-20260411-000037,8,,,2026-04-11 12:16:00,20000.00,FUND_ALLOCATION,NORMAL_WALLET,29,,Grocery,COMPLETED,,Allocated ৳20000.00 to Saifur's Grocery Fund,143325.92,123325.92,0.00,20000.00,,,"{""fund_name"": ""Saifur's Grocery Fund"", ""ground_truth_anomaly"": false}",False
TXN-20260411-000039,8,,,2026-04-11 12:17:00,5500.00,FUND_ALLOCATION,NORMAL_WALLET,31,,Electricity,COMPLETED,,Allocated ৳5500.00 to Saifur's Electricity Fund,105325.92,99825.92,0.00,5500.00,,,"{""fund_name"": ""Saifur's Electricity Fund"", ""ground_truth_anomaly"": false}",False
TXN-20260411-000042,9,,,2026-04-11 12:19:00,19000.00,FUND_ALLOCATION,NORMAL_WALLET,33,,Grocery,COMPLETED,,Allocated ৳19000.00 to Shahidul's Grocery Fund,123360.18,104360.18,0.00,19000.00,,,"{""fund_name"": ""Shahidul's Grocery Fund"", ""ground_truth_anomaly"": false}",False
TXN-20260411-000121,10,,17,2026-04-11 12:19:07,715.90,MERCHANT_PAYMENT,FAMILY_PASS,,1,Education,COMPLETED,,FamilyPass spending by Samiul Tariq at Mastermind School,73449.58,72733.68,,,4500.00,3784.10,"{""owner_id"": 1, ""member_id"": 10, ""merchant"": ""Mastermind School"", ""ground_truth_anomaly"": false}",False
TXN-20260411-000043,9,,,2026-04-11 12:20:00,22000.00,FUND_ALLOCATION,NORMAL_WALLET,34,,Rent,COMPLETED,,Allocated ৳22000.00 to Shahidul's Rent Fund,104360.18,82360.18,0.00,22000.00,,,"{""fund_name"": ""Shahidul's Rent Fund"", ""ground_truth_anomaly"": false}",False
TXN-20260411-000044,9,,,2026-04-11 12:20:00,4000.00,FUND_ALLOCATION,NORMAL_WALLET,35,,Electricity,COMPLETED,,Allocated ৳4000.00 to Shahidul's Electricity Fund,82360.18,78360.18,0.00,4000.00,,,"{""fund_name"": ""Shahidul's Electricity Fund"", ""ground_truth_anomaly"": false}",False
TXN-20260411-000071,18,,,2026-04-11 12:20:00,10000.00,FUND_ALLOCATION,NORMAL_WALLET,53,,Grocery,COMPLETED,,Allocated ৳10000.00 to Rumana's Grocery Fund,33049.66,23049.66,0.00,10000.00,,,"{""fund_name"": ""Rumana's Grocery Fund"", ""ground_truth_anomaly"": false}",False
TXN-20260411-000059,14,,,2026-04-11 12:21:00,5000.00,FUND_ALLOCATION,NORMAL_WALLET,45,,Restaurant/Food,COMPLETED,,Allocated ৳5000.00 to Sakib's Restaurant/Food Fund,19046.41,14046.41,0.00,5000.00,,,"{""fund_name"": ""Sakib's Restaurant/Food Fund"", ""ground_truth_anomaly"": false}",False
TXN-20260411-000050,11,,,2026-04-11 12:22:00,4000.00,FUND_ALLOCATION,NORMAL_WALLET,39,,Education,COMPLETED,,Allocated ৳4000.00 to Tanvir's Education Fund,13777.64,9777.64,0.00,4000.00,,,"{""fund_name"": ""Tanvir's Education Fund"", ""ground_truth_anomaly"": false}",False
TXN-20260411-000045,9,,,2026-04-11 12:29:00,6000.00,FUND_ALLOCATION,NORMAL_WALLET,36,,Medicine,COMPLETED,,Allocated ৳6000.00 to Shahidul's Medicine Fund,78360.18,72360.18,0.00,6000.00,,,"{""fund_name"": ""Shahidul's Medicine Fund"", ""ground_truth_anomaly"": false}",False
TXN-20260411-000120,11,,24,2026-04-11 13:20:10,623.97,MERCHANT_PAYMENT,FAMILY_PASS,,3,Restaurant/Food,COMPLETED,,FamilyPass spending by Tanvir Haque at Takeout Gourmet Burgers,72763.03,72139.06,,,3500.00,2876.03,"{""owner_id"": 2, ""member_id"": 11, ""merchant"": ""Takeout Gourmet Burgers"", ""ground_truth_anomaly"": false}",True
TXN-20260411-000106,3,,,2026-04-11 14:22:59,500.00,MOBILE_RECHARGE,NORMAL_WALLET,,,Recharge,COMPLETED,,Mobile Recharge to 01710000003,65137.08,64637.08,,,,,"{""operator"": ""Grameenphone"", ""ground_truth_anomaly"": false}",False
TXN-20260411-000116,1,,,2026-04-11 14:43:36,500.00,MOBILE_RECHARGE,NORMAL_WALLET,,,Recharge,COMPLETED,,Mobile Recharge to 01710000001,73949.58,73449.58,,,,,"{""operator"": ""Grameenphone"", ""ground_truth_anomaly"": false}",False
TXN-20260411-000115,23,,23,2026-04-11 15:50:53,411.59,MERCHANT_PAYMENT,NORMAL_WALLET,,,Restaurant/Food,COMPLETED,,Payment to Kacchi Bhai Biryani from Normal Wallet,57395.69,56984.10,,,,,"{""merchant"": ""Kacchi Bhai Biryani"", ""ground_truth_anomaly"": false}",False
TXN-20260411-000112,2,,18,2026-04-11 16:26:55,512.85,MERCHANT_PAYMENT,PURPOSE_FUND,7,,Electricity,COMPLETED,,Payment to DESCO Prepaid Utility via Anisul's Electricity Fund,72763.03,72763.03,5000.00,4487.15,,,"{""merchant"": ""DESCO Prepaid Utility"", ""fund"": ""Anisul's Electricity Fund"", ""ground_truth_anomaly"": false}",False
TXN-20260411-000111,2,,,2026-04-11 17:08:10,200.00,MOBILE_RECHARGE,NORMAL_WALLET,,,Recharge,COMPLETED,,Mobile Recharge to 01710000002,72963.03,72763.03,,,,,"{""operator"": ""Grameenphone"", ""ground_truth_anomaly"": false}",False
TXN-20260411-000105,18,,7,2026-04-11 17:12:24,645.12,MERCHANT_PAYMENT,FAMILY_PASS,,6,Medicine,COMPLETED,,FamilyPass spending by Rumana Alam at Labaid Pharmacy,69117.65,68472.53,,,11413.94,10768.82,"{""owner_id"": 4, ""member_id"": 18, ""merchant"": ""Labaid Pharmacy"", ""ground_truth_anomaly"": false}",False
TXN-20260411-000108,7,,20,2026-04-11 17:27:39,538.73,MERCHANT_PAYMENT,PURPOSE_FUND,26,,Electricity,COMPLETED,,Payment to Link3 Internet Utilities via Delwar's Electricity Fund,65595.15,65595.15,3800.00,3261.27,,,"{""merchant"": ""Link3 Internet Utilities"", ""fund"": ""Delwar's Electricity Fund"", ""ground_truth_anomaly"": false}",False
TXN-20260411-000109,8,,,2026-04-11 18:11:02,500.00,CASH_OUT,NORMAL_WALLET,,,Cash Out,COMPLETED,,Agent Cash Out Withdrawal,89825.92,89325.92,,,,,"{""agent_code"": ""AGT-7712"", ""ground_truth_anomaly"": false}",False
TXN-20260411-000119,11,,21,2026-04-11 19:11:41,1215.69,MERCHANT_PAYMENT,PURPOSE_FUND,40,,Restaurant/Food,COMPLETED,,Payment to Sultan's Dine Kacchi via Tanvir's Restaurant/Food Fund,6777.64,6777.64,3000.00,1784.31,,,"{""merchant"": ""Sultan's Dine Kacchi"", ""fund"": ""Tanvir's Restaurant/Food Fund"", ""ground_truth_anomaly"": false}",False
TXN-20260411-000110,4,,22,2026-04-11 19:12:30,316.81,MERCHANT_PAYMENT,NORMAL_WALLET,,,Restaurant/Food,COMPLETED,,Payment to Star Kabab & Restaurant from Normal Wallet,68472.53,68155.72,,,,,"{""merchant"": ""Star Kabab & Restaurant"", ""ground_truth_anomaly"": false}",False
TXN-20260411-000107,20,15,,2026-04-11 19:28:20,500.00,SEND_MONEY,NORMAL_WALLET,,,Transfer,COMPLETED,,Sent money to Zubair Ahmed,148888.39,148388.39,,,,,"{""recipient_phone"": ""01710000015"", ""ground_truth_anomaly"": false}",False
TXN-20260411-000117,1,,20,2026-04-11 19:35:48,556.20,MERCHANT_PAYMENT,PURPOSE_FUND,2,,Electricity,COMPLETED,,Payment to Link3 Internet Utilities via Tariq's Electricity Fund,73449.58,73449.58,4500.00,3943.80,,,"{""merchant"": ""Link3 Internet Utilities"", ""fund"": ""Tariq's Electricity Fund"", ""ground_truth_anomaly"": false}",False
TXN-20260411-000113,9,,20,2026-04-11 20:26:18,729.87,MERCHANT_PAYMENT,PURPOSE_FUND,35,,Electricity,COMPLETED,,Payment to Link3 Internet Utilities via Shahidul's Electricity Fund,72360.18,72360.18,4000.00,3270.13,,,"{""merchant"": ""Link3 Internet Utilities"", ""fund"": ""Shahidul's Electricity Fund"", ""ground_truth_anomaly"": false}",False
TXN-20260411-000104,18,,5,2026-04-11 21:32:18,586.06,MERCHANT_PAYMENT,FAMILY_PASS,,6,Grocery,COMPLETED,,FamilyPass spending by Rumana Alam at Chaldal Grocery Express,69703.71,69117.65,,,12000.00,11413.94,"{""owner_id"": 4, ""member_id"": 18, ""merchant"": ""Chaldal Grocery Express"", ""ground_truth_anomaly"": false}",False
TXN-20260411-000103,19,16,,2026-04-11 21:55:31,500.00,SEND_MONEY,NORMAL_WALLET,,,Transfer,COMPLETED,,Sent money to Nasrin Rahman,21309.96,20809.96,,,,,"{""recipient_phone"": ""01710000016"", ""ground_truth_anomaly"": false}",False
TXN-20260412-000152,11,,15,2026-04-12 09:19:13,4000.00,MERCHANT_PAYMENT,PURPOSE_FUND,39,,Education,COMPLETED,,Payment to Sunnydale Academy via Tanvir's Education Fund,6777.64,6777.64,4000.00,0.00,,,"{""merchant"": ""Sunnydale Academy"", ""fund"": ""Tanvir's Education Fund"", ""ground_truth_anomaly"": false}",False
TXN-20260412-000146,25,,6,2026-04-12 09:25:24,748.54,MERCHANT_PAYMENT,PURPOSE_FUND,77,,Grocery,COMPLETED,,Payment to Karwan Bazar Wholesale via Arif's Grocery Fund,57997.88,57997.88,10000.00,9251.46,,,"{""merchant"": ""Karwan Bazar Wholesale"", ""fund"": ""Arif's Grocery Fund"", ""ground_truth_anomaly"": false}",False
TXN-20260412-000147,6,,19,2026-04-12 10:09:46,858.97,MERCHANT_PAYMENT,PURPOSE_FUND,23,,Electricity,COMPLETED,,Payment to DPDC Electricity Payment via Zahid's Electricity Fund,68086.35,68086.35,1105.00,246.03,,,"{""merchant"": ""DPDC Electricity Payment"", ""fund"": ""Zahid's Electricity Fund"", ""ground_truth_anomaly"": false}",False
TXN-20260412-000153,11,,23,2026-04-12 10:20:31,321.42,MERCHANT_PAYMENT,FAMILY_PASS,,3,Restaurant/Food,COMPLETED,,FamilyPass spending by Tanvir Haque at Kacchi Bhai Biryani,72139.06,71817.64,,,2876.03,2554.61,"{""owner_id"": 2, ""member_id"": 11, ""merchant"": ""Kacchi Bhai Biryani"", ""ground_truth_anomaly"": false}",True
TXN-20260412-000141,13,,,2026-04-12 11:47:57,100.00,MOBILE_RECHARGE,NORMAL_WALLET,,,Recharge,COMPLETED,,Mobile Recharge to 01710000013,6357.53,6257.53,,,,,"{""operator"": ""Grameenphone"", ""ground_truth_anomaly"": false}",False
TXN-20260412-000138,5,,10,2026-04-12 12:09:14,100.00,MERCHANT_PAYMENT,PURPOSE_FUND,19,,Medicine,COMPLETED,,Payment to Square Hospital Pharmacy via Kamrul's Medicine Fund,57563.17,57563.17,6000.00,5900.00,,,"{""merchant"": ""Square Hospital Pharmacy"", ""fund"": ""Kamrul's Medicine Fund"", ""ground_truth_anomaly"": false}",False
TXN-20260412-000142,22,,30,2026-04-12 13:55:12,1952.20,MERCHANT_PAYMENT,PURPOSE_FUND,68,,Shopping,COMPLETED,,Payment to Aarong Lifestyle Retail via Nafis's Shopping Fund,133336.90,133336.90,15000.00,13047.80,,,"{""merchant"": ""Aarong Lifestyle Retail"", ""fund"": ""Nafis's Shopping Fund"", ""ground_truth_anomaly"": false}",False
TXN-20260412-000134,19,,,2026-04-12 14:07:00,4735.00,BILL_PAYMENT,NORMAL_WALLET,,,Electricity,COMPLETED,,DESCO Prepaid Meter Utility Recharge,20809.96,16074.96,,,,,"{""provider"": ""DESCO"", ""bill_type"": ""Electricity"", ""account_number"": ""MTR-99410"", ""ground_truth_anomaly"": false}",False
TXN-20260412-000133,18,,,2026-04-12 14:10:00,2429.00,BILL_PAYMENT,NORMAL_WALLET,,,Electricity,COMPLETED,,DESCO Prepaid Meter Utility Recharge,18049.66,15620.66,,,,,"{""provider"": ""DESCO"", ""bill_type"": ""Electricity"", ""account_number"": ""MTR-99410"", ""ground_truth_anomaly"": false}",False
TXN-20260412-000128,7,,,2026-04-12 14:18:00,3988.00,BILL_PAYMENT,NORMAL_WALLET,,,Electricity,COMPLETED,,DESCO Prepaid Meter Utility Recharge,65595.15,61607.15,,,,,"{""provider"": ""DESCO"", ""bill_type"": ""Electricity"", ""account_number"": ""MTR-99410"", ""ground_truth_anomaly"": false}",False
TXN-20260412-000137,22,,,2026-04-12 14:27:00,3437.00,BILL_PAYMENT,NORMAL_WALLET,,,Electricity,COMPLETED,,DESCO Prepaid Meter Utility Recharge,136773.90,133336.90,,,,,"{""provider"": ""DESCO"", ""bill_type"": ""Electricity"", ""account_number"": ""MTR-99410"", ""ground_truth_anomaly"": false}",False
TXN-20260412-000131,16,,,2026-04-12 14:34:00,4598.00,BILL_PAYMENT,NORMAL_WALLET,,,Electricity,COMPLETED,,DESCO Prepaid Meter Utility Recharge,15676.24,11078.24,,,,,"{""provider"": ""DESCO"", ""bill_type"": ""Electricity"", ""account_number"": ""MTR-99410"", ""ground_truth_anomaly"": false}",False
TXN-20260412-000135,20,,,2026-04-12 15:33:00,2352.00,BILL_PAYMENT,NORMAL_WALLET,,,Electricity,COMPLETED,,DESCO Prepaid Meter Utility Recharge,148388.39,146036.39,,,,,"{""provider"": ""DESCO"", ""bill_type"": ""Electricity"", ""account_number"": ""MTR-99410"", ""ground_truth_anomaly"": false}",False
TXN-20260412-000132,17,,,2026-04-12 15:35:00,3602.00,BILL_PAYMENT,NORMAL_WALLET,,,Electricity,COMPLETED,,DESCO Prepaid Meter Utility Recharge,16111.65,12509.65,,,,,"{""provider"": ""DESCO"", ""bill_type"": ""Electricity"", ""account_number"": ""MTR-99410"", ""ground_truth_anomaly"": false}",False
TXN-20260412-000145,20,,1,2026-04-12 15:46:16,373.88,MERCHANT_PAYMENT,PURPOSE_FUND,57,,Grocery,COMPLETED,,Payment to Agora Super Shop via Asif's Grocery Fund,146036.39,146036.39,28000.00,27626.12,,,"{""merchant"": ""Agora Super Shop"", ""fund"": ""Asif's Grocery Fund"", ""ground_truth_anomaly"": false}",False
TXN-20260412-000149,9,,10,2026-04-12 15:47:40,250.38,MERCHANT_PAYMENT,PURPOSE_FUND,36,,Medicine,COMPLETED,,Payment to Square Hospital Pharmacy via Shahidul's Medicine Fund,68944.18,68944.18,6000.00,5749.62,,,"{""merchant"": ""Square Hospital Pharmacy"", ""fund"": ""Shahidul's Medicine Fund"", ""ground_truth_anomaly"": false}",False
TXN-20260412-000127,6,,20,2026-04-12 16:03:00,3395.00,MERCHANT_PAYMENT,PURPOSE_FUND,23,,Electricity,COMPLETED,,Electricity recharge at Link3 Internet Utilities,68086.35,68086.35,4500.00,1105.00,,,"{""provider"": ""Link3 Internet Utilities"", ""ground_truth_anomaly"": false}",False
TXN-20260412-000126,5,,,2026-04-12 16:24:00,4253.00,BILL_PAYMENT,NORMAL_WALLET,,,Electricity,COMPLETED,,DESCO Prepaid Meter Utility Recharge,61816.17,57563.17,,,,,"{""provider"": ""DESCO"", ""bill_type"": ""Electricity"", ""account_number"": ""MTR-99410"", ""ground_truth_anomaly"": false}",False
TXN-20260412-000123,2,,18,2026-04-12 16:38:00,3855.00,MERCHANT_PAYMENT,PURPOSE_FUND,7,,Electricity,COMPLETED,,Electricity recharge at DESCO Prepaid Utility,72139.06,72139.06,4487.15,632.15,,,"{""provider"": ""DESCO Prepaid Utility"", ""ground_truth_anomaly"": false}",False
TXN-20260412-000129,8,,18,2026-04-12 16:46:00,3553.00,MERCHANT_PAYMENT,PURPOSE_FUND,31,,Electricity,COMPLETED,,Electricity recharge at DESCO Prepaid Utility,89325.92,89325.92,5500.00,1947.00,,,"{""provider"": ""DESCO Prepaid Utility"", ""ground_truth_anomaly"": false}",False
TXN-20260412-000125,4,,,2026-04-12 16:55:00,2689.00,BILL_PAYMENT,NORMAL_WALLET,,,Electricity,COMPLETED,,DESCO Prepaid Meter Utility Recharge,68155.72,65466.72,,,,,"{""provider"": ""DESCO"", ""bill_type"": ""Electricity"", ""account_number"": ""MTR-99410"", ""ground_truth_anomaly"": false}",False
TXN-20260412-000151,1,24,,2026-04-12 17:10:01,300.00,SEND_MONEY,NORMAL_WALLET,,,Transfer,COMPLETED,,Sent money to Emon Khandaker,67846.68,67546.68,,,,,"{""recipient_phone"": ""01710000024"", ""ground_truth_anomaly"": false}",False
TXN-20260412-000130,9,,,2026-04-12 17:20:00,3416.00,BILL_PAYMENT,NORMAL_WALLET,,,Electricity,COMPLETED,,DESCO Prepaid Meter Utility Recharge,72360.18,68944.18,,,,,"{""provider"": ""DESCO"", ""bill_type"": ""Electricity"", ""account_number"": ""MTR-99410"", ""ground_truth_anomaly"": false}",False
TXN-20260412-000156,21,,30,2026-04-12 17:21:20,461.35,MERCHANT_PAYMENT,NORMAL_WALLET,,,Shopping,COMPLETED,,Payment to Aarong Lifestyle Retail from Normal Wallet,163578.76,163117.41,,,,,"{""merchant"": ""Aarong Lifestyle Retail"", ""ground_truth_anomaly"": false}",False
TXN-20260412-000124,3,,,2026-04-12 17:27:00,4633.00,BILL_PAYMENT,NORMAL_WALLET,,,Electricity,COMPLETED,,DESCO Prepaid Meter Utility Recharge,64637.08,60004.08,,,,,"{""provider"": ""DESCO"", ""bill_type"": ""Electricity"", ""account_number"": ""MTR-99410"", ""ground_truth_anomaly"": false}",False
TXN-20260412-000154,24,19,,2026-04-12 17:53:22,1000.00,SEND_MONEY,NORMAL_WALLET,,,Transfer,COMPLETED,,Sent money to Sadia Chowdhury,49040.21,48040.21,,,,,"{""recipient_phone"": ""01710000019"", ""ground_truth_anomaly"": false}",False
TXN-20260412-000122,1,,,2026-04-12 18:02:00,4687.00,BILL_PAYMENT,NORMAL_WALLET,,,Electricity,COMPLETED,,DESCO Prepaid Meter Utility Recharge,72733.68,68046.68,,,,,"{""provider"": ""DESCO"", ""bill_type"": ""Electricity"", ""account_number"": ""MTR-99410"", ""ground_truth_anomaly"": false}",False
TXN-20260412-000139,12,,26,2026-04-12 18:05:53,294.67,MERCHANT_PAYMENT,FAMILY_PASS,,5,Transport,COMPLETED,,FamilyPass spending by Rafid Kabir at Uber Bangladesh Mobility,60004.08,59709.41,,,4000.00,3705.33,"{""owner_id"": 3, ""member_id"": 12, ""merchant"": ""Uber Bangladesh Mobility"", ""ground_truth_anomaly"": false}",False
TXN-20260412-000136,21,,,2026-04-12 18:41:00,3650.00,BILL_PAYMENT,NORMAL_WALLET,,,Electricity,COMPLETED,,DESCO Prepaid Meter Utility Recharge,167228.76,163578.76,,,,,"{""provider"": ""DESCO"", ""bill_type"": ""Electricity"", ""account_number"": ""MTR-99410"", ""ground_truth_anomaly"": false}",False
TXN-20260412-000140,14,,24,2026-04-12 19:20:03,1181.45,MERCHANT_PAYMENT,PURPOSE_FUND,45,,Restaurant/Food,COMPLETED,,Payment to Takeout Gourmet Burgers via Sakib's Restaurant/Food Fund,10046.41,10046.41,5000.00,3818.55,,,"{""merchant"": ""Takeout Gourmet Burgers"", ""fund"": ""Sakib's Restaurant/Food Fund"", ""ground_truth_anomaly"": false}",False
TXN-20260412-000155,15,,15,2026-04-12 20:05:51,3338.05,MERCHANT_PAYMENT,PURPOSE_FUND,47,,Education,COMPLETED,,Payment to Sunnydale Academy via Zubair's Education Fund,7712.67,7712.67,4500.00,1161.95,,,"{""merchant"": ""Sunnydale Academy"", ""fund"": ""Zubair's Education Fund"", ""ground_truth_anomaly"": false}",False
TXN-20260412-000148,6,,19,2026-04-12 20:10:57,246.03,MERCHANT_PAYMENT,PURPOSE_FUND,23,,Electricity,COMPLETED,,Payment to DPDC Electricity Payment via Zahid's Electricity Fund,68086.35,68086.35,246.03,0.00,,,"{""merchant"": ""DPDC Electricity Payment"", ""fund"": ""Zahid's Electricity Fund"", ""ground_truth_anomaly"": false}",False
TXN-20260412-000143,8,,11,2026-04-12 20:37:19,2707.53,MERCHANT_PAYMENT,PURPOSE_FUND,32,,Treatment,COMPLETED,,Payment to Square Hospital Diagnostic via Saifur's Treatment Fund,89325.92,89325.92,10000.00,7292.47,,,"{""merchant"": ""Square Hospital Diagnostic"", ""fund"": ""Saifur's Treatment Fund"", ""ground_truth_anomaly"": false}",False
TXN-20260412-000150,1,,,2026-04-12 21:34:10,200.00,MOBILE_RECHARGE,NORMAL_WALLET,,,Recharge,COMPLETED,,Mobile Recharge to 01710000001,68046.68,67846.68,,,,,"{""operator"": ""Grameenphone"", ""ground_truth_anomaly"": false}",False
TXN-20260412-000144,23,,22,2026-04-12 22:33:44,953.43,MERCHANT_PAYMENT,PURPOSE_FUND,69,,Restaurant/Food,COMPLETED,,Payment to Star Kabab & Restaurant via Shafiqul's Restaurant/Food Fund,56984.10,56984.10,12000.00,11046.57,,,"{""merchant"": ""Star Kabab & Restaurant"", ""fund"": ""Shafiqul's Restaurant/Food Fund"", ""ground_truth_anomaly"": false}",False
TXN-20260413-000169,22,,30,2026-04-13 08:51:23,1315.95,MERCHANT_PAYMENT,PURPOSE_FUND,68,,Shopping,COMPLETED,,Payment to Aarong Lifestyle Retail via Nafis's Shopping Fund,133336.90,133336.90,13047.80,11731.85,,,"{""merchant"": ""Aarong Lifestyle Retail"", ""fund"": ""Nafis's Shopping Fund"", ""ground_truth_anomaly"": false}",False
TXN-20260413-000174,3,,,2026-04-13 10:43:53,300.00,MOBILE_RECHARGE,NORMAL_WALLET,,,Recharge,COMPLETED,,Mobile Recharge to 01710000003,59404.69,59104.69,,,,,"{""operator"": ""Grameenphone"", ""ground_truth_anomaly"": false}",False
TXN-20260413-000165,7,,,2026-04-13 11:43:10,300.00,MOBILE_RECHARGE,NORMAL_WALLET,,,Recharge,COMPLETED,,Mobile Recharge to 01710000007,63107.15,62807.15,,,,,"{""operator"": ""Grameenphone"", ""ground_truth_anomaly"": false}",False
TXN-20260413-000173,16,,3,2026-04-13 12:27:32,433.34,MERCHANT_PAYMENT,PURPOSE_FUND,49,,Grocery,COMPLETED,,Payment to Unimart Hypermarket via Nasrin's Grocery Fund,11078.24,11078.24,8000.00,7566.66,,,"{""merchant"": ""Unimart Hypermarket"", ""fund"": ""Nasrin's Grocery Fund"", ""ground_truth_anomaly"": false}",False
TXN-20260413-000167,5,,,2026-04-13 12:58:30,200.00,MOBILE_RECHARGE,NORMAL_WALLET,,,Recharge,COMPLETED,,Mobile Recharge to 01710000005,57563.17,57363.17,,,,,"{""operator"": ""Grameenphone"", ""ground_truth_anomaly"": false}",False
TXN-20260413-000157,8,,12,2026-04-13 14:07:20,3348.29,MERCHANT_PAYMENT,PURPOSE_FUND,32,,Treatment,COMPLETED,,Payment to Evercare Hospital Lab via Saifur's Treatment Fund,89325.92,89325.92,7292.47,3944.18,,,"{""merchant"": ""Evercare Hospital Lab"", ""fund"": ""Saifur's Treatment Fund"", ""ground_truth_anomaly"": false}",False
TXN-20260413-000163,13,,25,2026-04-13 14:49:13,163.72,MERCHANT_PAYMENT,PURPOSE_FUND,44,,Transport,COMPLETED,,Payment to Shohoz Interdistrict Ride via Nahian's Transport Fund,6257.53,6257.53,2000.00,1836.28,,,"{""merchant"": ""Shohoz Interdistrict Ride"", ""fund"": ""Nahian's Transport Fund"", ""ground_truth_anomaly"": false}",False
TXN-20260413-000161,14,,30,2026-04-13 14:59:25,2375.81,MERCHANT_PAYMENT,PURPOSE_FUND,46,,Shopping,COMPLETED,,Payment to Aarong Lifestyle Retail via Sakib's Shopping Fund,10046.41,10046.41,4000.00,1624.19,,,"{""merchant"": ""Aarong Lifestyle Retail"", ""fund"": ""Sakib's Shopping Fund"", ""ground_truth_anomaly"": false}",True
TXN-20260413-000159,12,,26,2026-04-13 16:25:25,304.72,MERCHANT_PAYMENT,FAMILY_PASS,,5,Transport,COMPLETED,,FamilyPass spending by Rafid Kabir at Uber Bangladesh Mobility,59709.41,59404.69,,,3705.33,3400.61,"{""owner_id"": 3, ""member_id"": 12, ""merchant"": ""Uber Bangladesh Mobility"", ""ground_truth_anomaly"": false}",False
TXN-20260413-000168,15,,27,2026-04-13 16:31:56,282.04,MERCHANT_PAYMENT,FAMILY_PASS,,10,Transport,COMPLETED,,FamilyPass spending by Zubair Ahmed at Pathao Transportation,55984.10,55702.06,,,3500.00,3217.96,"{""owner_id"": 23, ""member_id"": 15, ""merchant"": ""Pathao Transportation"", ""ground_truth_anomaly"": false}",False
TXN-20260413-000164,13,,,2026-04-13 17:12:34,100.00,MOBILE_RECHARGE,NORMAL_WALLET,,,Recharge,COMPLETED,,Mobile Recharge to 01710000013,6257.53,6157.53,,,,,"{""operator"": ""Grameenphone"", ""ground_truth_anomaly"": false}",False
TXN-20260413-000158,23,4,,2026-04-13 18:14:21,1000.00,SEND_MONEY,NORMAL_WALLET,,,Transfer,COMPLETED,,Sent money to Mahbub Alam,56984.10,55984.10,,,,,"{""recipient_phone"": ""01710000004"", ""ground_truth_anomaly"": false}",False
TXN-20260413-000172,11,,24,2026-04-13 18:23:11,263.47,MERCHANT_PAYMENT,FAMILY_PASS,,3,Restaurant/Food,COMPLETED,,FamilyPass spending by Tanvir Haque at Takeout Gourmet Burgers,71817.64,71554.17,,,2554.61,2291.14,"{""owner_id"": 2, ""member_id"": 11, ""merchant"": ""Takeout Gourmet Burgers"", ""ground_truth_anomaly"": false}",False
TXN-20260413-000170,10,18,,2026-04-13 18:52:26,1000.00,SEND_MONEY,NORMAL_WALLET,,,Transfer,COMPLETED,,Sent money to Rumana Alam,7858.27,6858.27,,,,,"{""recipient_phone"": ""01710000018"", ""ground_truth_anomaly"": false}",False
TXN-20260413-000171,11,,23,2026-04-13 18:54:32,1260.15,MERCHANT_PAYMENT,PURPOSE_FUND,40,,Restaurant/Food,COMPLETED,,Payment to Kacchi Bhai Biryani via Tanvir's Restaurant/Food Fund,6777.64,6777.64,1784.31,524.16,,,"{""merchant"": ""Kacchi Bhai Biryani"", ""fund"": ""Tanvir's Restaurant/Food Fund"", ""ground_truth_anomaly"": false}",False
TXN-20260413-000160,24,7,,2026-04-13 19:40:53,1500.00,SEND_MONEY,NORMAL_WALLET,,,Transfer,COMPLETED,,Sent money to Delwar Hossain,48040.21,46540.21,,,,,"{""recipient_phone"": ""01710000007"", ""ground_truth_anomaly"": false}",False
TXN-20260413-000166,7,,1,2026-04-13 19:43:37,815.90,MERCHANT_PAYMENT,PURPOSE_FUND,25,,Grocery,COMPLETED,,Payment to Agora Super Shop via Delwar's Grocery Fund,62807.15,62807.15,15000.00,14184.10,,,"{""merchant"": ""Agora Super Shop"", ""fund"": ""Delwar's Grocery Fund"", ""ground_truth_anomaly"": false}",True
TXN-20260413-000162,19,,1,2026-04-13 20:51:30,866.24,MERCHANT_PAYMENT,PURPOSE_FUND,55,,Grocery,COMPLETED,,Payment to Agora Super Shop via Sadia's Grocery Fund,17074.96,17074.96,12000.00,11133.76,,,"{""merchant"": ""Agora Super Shop"", ""fund"": ""Sadia's Grocery Fund"", ""ground_truth_anomaly"": false}",False
TXN-20260414-000189,14,,23,2026-04-14 10:29:22,314.96,MERCHANT_PAYMENT,NORMAL_WALLET,,,Restaurant/Food,COMPLETED,,Payment to Kacchi Bhai Biryani from Normal Wallet,10046.41,9731.45,,,,,"{""merchant"": ""Kacchi Bhai Biryani"", ""ground_truth_anomaly"": false}",False
TXN-20260414-000181,25,,,2026-04-14 11:14:42,100.00,MOBILE_RECHARGE,NORMAL_WALLET,,,Recharge,COMPLETED,,Mobile Recharge to 01710000025,57997.88,57897.88,,,,,"{""operator"": ""Grameenphone"", ""ground_truth_anomaly"": false}",False
TXN-20260414-000180,5,,15,2026-04-14 11:52:05,4164.30,MERCHANT_PAYMENT,PURPOSE_FUND,20,,Education,COMPLETED,,Payment to Sunnydale Academy via Kamrul's Education Fund,57363.17,57363.17,10000.00,5835.70,,,"{""merchant"": ""Sunnydale Academy"", ""fund"": ""Kamrul's Education Fund"", ""ground_truth_anomaly"": false}",False
TXN-20260414-000186,19,,10,2026-04-14 11:57:58,354.82,MERCHANT_PAYMENT,PURPOSE_FUND,56,,Medicine,COMPLETED,,Payment to Square Hospital Pharmacy via Sadia's Medicine Fund,17074.96,17074.96,5000.00,4645.18,,,"{""merchant"": ""Square Hospital Pharmacy"", ""fund"": ""Sadia's Medicine Fund"", ""ground_truth_anomaly"": false}",False
TXN-20260414-000194,1,,,2026-04-14 12:15:32,50.00,MOBILE_RECHARGE,NORMAL_WALLET,,,Recharge,COMPLETED,,Mobile Recharge to 01710000001,66322.75,66272.75,,,,,"{""operator"": ""Grameenphone"", ""ground_truth_anomaly"": false}",False
TXN-20260414-000190,14,,24,2026-04-14 13:05:37,515.44,MERCHANT_PAYMENT,FAMILY_PASS,,8,Restaurant/Food,COMPLETED,,FamilyPass spending by Sakib Chowdhury at Takeout Gourmet Burgers,146036.39,145520.95,,,6000.00,5484.56,"{""owner_id"": 20, ""member_id"": 14, ""merchant"": ""Takeout Gourmet Burgers"", ""ground_truth_anomaly"": false}",False
TXN-20260414-000176,20,,2,2026-04-14 14:29:10,1159.80,MERCHANT_PAYMENT,PURPOSE_FUND,57,,Grocery,COMPLETED,,Payment to Shwapno Superstore via Asif's Grocery Fund,146036.39,146036.39,27626.12,26466.32,,,"{""merchant"": ""Shwapno Superstore"", ""fund"": ""Asif's Grocery Fund"", ""ground_truth_anomaly"": false}",False
TXN-20260414-000191,15,,26,2026-04-14 17:09:57,117.41,MERCHANT_PAYMENT,FAMILY_PASS,,10,Transport,COMPLETED,,FamilyPass spending by Zubair Ahmed at Uber Bangladesh Mobility,55202.06,55084.65,,,3217.96,3100.55,"{""owner_id"": 23, ""member_id"": 15, ""merchant"": ""Uber Bangladesh Mobility"", ""ground_truth_anomaly"": false}",False
TXN-20260414-000192,11,,,2026-04-14 17:16:01,500.00,MOBILE_RECHARGE,NORMAL_WALLET,,,Recharge,COMPLETED,,Mobile Recharge to 01710000011,6777.64,6277.64,,,,,"{""operator"": ""Grameenphone"", ""ground_truth_anomaly"": false}",False
TXN-20260414-000178,18,,30,2026-04-14 17:29:43,1762.28,MERCHANT_PAYMENT,PURPOSE_FUND,54,,Shopping,COMPLETED,,Payment to Aarong Lifestyle Retail via Rumana's Shopping Fund,16620.66,16620.66,5000.00,3237.72,,,"{""merchant"": ""Aarong Lifestyle Retail"", ""fund"": ""Rumana's Shopping Fund"", ""ground_truth_anomaly"": false}",True
TXN-20260414-000182,25,12,,2026-04-14 17:55:27,500.00,SEND_MONEY,NORMAL_WALLET,,,Transfer,COMPLETED,,Sent money to Rafid Kabir,57897.88,57397.88,,,,,"{""recipient_phone"": ""01710000012"", ""ground_truth_anomaly"": false}",False
TXN-20260414-000187,17,,1,2026-04-14 17:56:17,936.10,MERCHANT_PAYMENT,PURPOSE_FUND,51,,Grocery,COMPLETED,,Payment to Agora Super Shop via Farzana's Grocery Fund,12509.65,12509.65,9000.00,8063.90,,,"{""merchant"": ""Agora Super Shop"", ""fund"": ""Farzana's Grocery Fund"", ""ground_truth_anomaly"": false}",False
TXN-20260414-000185,21,,,2026-04-14 18:12:57,500.00,CASH_OUT,NORMAL_WALLET,,,Cash Out,COMPLETED,,Agent Cash Out Withdrawal,163117.41,162617.41,,,,,"{""agent_code"": ""AGT-7712"", ""ground_truth_anomaly"": false}",False
TXN-20260414-000183,23,3,,2026-04-14 18:28:59,500.00,SEND_MONEY,NORMAL_WALLET,,,Transfer,COMPLETED,,Sent money to Farhan Kabir,55702.06,55202.06,,,,,"{""recipient_phone"": ""01710000003"", ""ground_truth_anomaly"": false}",False
TXN-20260414-000188,13,,,2026-04-14 18:37:03,200.00,MOBILE_RECHARGE,NORMAL_WALLET,,,Recharge,COMPLETED,,Mobile Recharge to 01710000013,6157.53,5957.53,,,,,"{""operator"": ""Grameenphone"", ""ground_truth_anomaly"": false}",False
TXN-20260414-000177,24,,,2026-04-14 18:58:34,500.00,MOBILE_RECHARGE,NORMAL_WALLET,,,Recharge,COMPLETED,,Mobile Recharge to 01710000024,46540.21,46040.21,,,,,"{""operator"": ""Grameenphone"", ""ground_truth_anomaly"": false}",False
TXN-20260414-000184,23,,27,2026-04-14 19:07:48,273.57,MERCHANT_PAYMENT,PURPOSE_FUND,71,,Transport,COMPLETED,,Payment to Pathao Transportation via Shafiqul's Transport Fund,55202.06,55202.06,6000.00,5726.43,,,"{""merchant"": ""Pathao Transportation"", ""fund"": ""Shafiqul's Transport Fund"", ""ground_truth_anomaly"": false}",False
TXN-20260414-000193,10,,17,2026-04-14 19:54:57,1223.93,MERCHANT_PAYMENT,FAMILY_PASS,,1,Education,COMPLETED,,FamilyPass spending by Samiul Tariq at Mastermind School,67546.68,66322.75,,,3784.10,2560.17,"{""owner_id"": 1, ""member_id"": 10, ""merchant"": ""Mastermind School"", ""ground_truth_anomaly"": false}",False
TXN-20260414-000175,20,,28,2026-04-14 20:17:50,572.55,MERCHANT_PAYMENT,PURPOSE_FUND,58,,Rent,COMPLETED,,Payment to Eastern Housing Rental via Asif's Rent Fund,146036.39,146036.39,40000.00,39427.45,,,"{""merchant"": ""Eastern Housing Rental"", ""fund"": ""Asif's Rent Fund"", ""ground_truth_anomaly"": false}",False
TXN-20260414-000179,7,,,2026-04-14 20:44:52,50.00,MOBILE_RECHARGE,NORMAL_WALLET,,,Recharge,COMPLETED,,Mobile Recharge to 01710000007,62807.15,62757.15,,,,,"{""operator"": ""Grameenphone"", ""ground_truth_anomaly"": false}",False
TXN-20260415-000210,25,,,2026-04-15 08:01:21,300.00,MOBILE_RECHARGE,NORMAL_WALLET,,,Recharge,COMPLETED,,Mobile Recharge to 01710000025,57397.88,57097.88,,,,,"{""operator"": ""Grameenphone"", ""ground_truth_anomaly"": false}",False
TXN-20260415-000212,21,,30,2026-04-15 10:39:33,2615.05,MERCHANT_PAYMENT,PURPOSE_FUND,64,,Shopping,COMPLETED,,Payment to Aarong Lifestyle Retail via Tanzeem's Shopping Fund,162617.41,162617.41,22000.00,19384.95,,,"{""merchant"": ""Aarong Lifestyle Retail"", ""fund"": ""Tanzeem's Shopping Fund"", ""ground_truth_anomaly"": false}",False
TXN-20260415-000202,4,10,,2026-04-15 11:18:39,300.00,SEND_MONEY,NORMAL_WALLET,,,Transfer,COMPLETED,,Sent money to Samiul Tariq,66466.72,66166.72,,,,,"{""recipient_phone"": ""01710000010"", ""ground_truth_anomaly"": false}",False
TXN-20260415-000211,24,17,,2026-04-15 12:30:48,1500.00,SEND_MONEY,NORMAL_WALLET,,,Transfer,COMPLETED,,Sent money to Farzana Haque,46040.21,44540.21,,,,,"{""recipient_phone"": ""01710000017"", ""ground_truth_anomaly"": false}",False
TXN-20260415-000205,16,,8,2026-04-15 12:35:12,389.33,MERCHANT_PAYMENT,PURPOSE_FUND,50,,Medicine,COMPLETED,,Payment to Tamanna Pharmacy via Nasrin's Medicine Fund,11078.24,11078.24,4000.00,3610.67,,,"{""merchant"": ""Tamanna Pharmacy"", ""fund"": ""Nasrin's Medicine Fund"", ""ground_truth_anomaly"": false}",False
TXN-20260415-000209,1,,19,2026-04-15 15:15:19,549.93,MERCHANT_PAYMENT,PURPOSE_FUND,2,,Electricity,COMPLETED,,Payment to DPDC Electricity Payment via Tariq's Electricity Fund,66272.75,66272.75,3943.80,3393.87,,,"{""merchant"": ""DPDC Electricity Payment"", ""fund"": ""Tariq's Electricity Fund"", ""ground_truth_anomaly"": false}",False
TXN-20260415-000204,19,,4,2026-04-15 16:15:02,446.68,MERCHANT_PAYMENT,FAMILY_PASS,,9,Grocery,COMPLETED,,FamilyPass spending by Sadia Chowdhury at Meena Bazar,145520.95,145074.27,,,15000.00,14553.32,"{""owner_id"": 20, ""member_id"": 19, ""merchant"": ""Meena Bazar"", ""ground_truth_anomaly"": false}",False
TXN-20260415-000208,9,22,,2026-04-15 17:22:05,1000.00,SEND_MONEY,NORMAL_WALLET,,,Transfer,COMPLETED,,Sent money to Nafis Fuad,68944.18,67944.18,,,,,"{""recipient_phone"": ""01710000022"", ""ground_truth_anomaly"": false}",False
TXN-20260415-000195,8,,19,2026-04-15 17:50:08,917.36,MERCHANT_PAYMENT,PURPOSE_FUND,31,,Electricity,COMPLETED,,Payment to DPDC Electricity Payment via Saifur's Electricity Fund,89325.92,89325.92,1947.00,1029.64,,,"{""merchant"": ""DPDC Electricity Payment"", ""fund"": ""Saifur's Electricity Fund"", ""ground_truth_anomaly"": false}",False
TXN-20260415-000201,7,,20,2026-04-15 18:30:03,792.63,MERCHANT_PAYMENT,PURPOSE_FUND,26,,Electricity,COMPLETED,,Payment to Link3 Internet Utilities via Delwar's Electricity Fund,62257.15,62257.15,3261.27,2468.64,,,"{""merchant"": ""Link3 Internet Utilities"", ""fund"": ""Delwar's Electricity Fund"", ""ground_truth_anomaly"": false}",False
TXN-20260415-000197,20,,1,2026-04-15 18:35:10,676.13,MERCHANT_PAYMENT,PURPOSE_FUND,57,,Grocery,COMPLETED,,Payment to Agora Super Shop via Asif's Grocery Fund,145520.95,145520.95,26466.32,25790.19,,,"{""merchant"": ""Agora Super Shop"", ""fund"": ""Asif's Grocery Fund"", ""ground_truth_anomaly"": false}",False
TXN-20260415-000203,19,,4,2026-04-15 19:10:35,983.34,MERCHANT_PAYMENT,PURPOSE_FUND,55,,Grocery,COMPLETED,,Payment to Meena Bazar via Sadia's Grocery Fund,17074.96,17074.96,11133.76,10150.42,,,"{""merchant"": ""Meena Bazar"", ""fund"": ""Sadia's Grocery Fund"", ""ground_truth_anomaly"": false}",True
TXN-20260415-000206,13,,27,2026-04-15 19:36:55,324.28,MERCHANT_PAYMENT,PURPOSE_FUND,44,,Transport,COMPLETED,,Payment to Pathao Transportation via Nahian's Transport Fund,5957.53,5957.53,1836.28,1512.00,,,"{""merchant"": ""Pathao Transportation"", ""fund"": ""Nahian's Transport Fund"", ""ground_truth_anomaly"": false}",False
TXN-20260415-000207,18,,30,2026-04-15 20:11:31,2488.22,MERCHANT_PAYMENT,PURPOSE_FUND,54,,Shopping,COMPLETED,,Payment to Aarong Lifestyle Retail via Rumana's Shopping Fund,16620.66,16620.66,3237.72,749.50,,,"{""merchant"": ""Aarong Lifestyle Retail"", ""fund"": ""Rumana's Shopping Fund"", ""ground_truth_anomaly"": false}",False
TXN-20260415-000196,20,,28,2026-04-15 20:37:01,265.67,MERCHANT_PAYMENT,PURPOSE_FUND,58,,Rent,COMPLETED,,Payment to Eastern Housing Rental via Asif's Rent Fund,145520.95,145520.95,39427.45,39161.78,,,"{""merchant"": ""Eastern Housing Rental"", ""fund"": ""Asif's Rent Fund"", ""ground_truth_anomaly"": false}",False
TXN-20260415-000199,15,2,,2026-04-15 20:51:45,1000.00,SEND_MONEY,NORMAL_WALLET,,,Transfer,COMPLETED,,Sent money to Anisul Haque,7712.67,6712.67,,,,,"{""recipient_phone"": ""01710000002"", ""ground_truth_anomaly"": false}",False
TXN-20260415-000198,6,,5,2026-04-15 22:15:12,825.12,MERCHANT_PAYMENT,PURPOSE_FUND,21,,Grocery,COMPLETED,,Payment to Chaldal Grocery Express via Zahid's Grocery Fund,68086.35,68086.35,18000.00,17174.88,,,"{""merchant"": ""Chaldal Grocery Express"", ""fund"": ""Zahid's Grocery Fund"", ""ground_truth_anomaly"": false}",True
TXN-20260415-000200,7,2,,2026-04-15 22:44:29,500.00,SEND_MONEY,NORMAL_WALLET,,,Transfer,COMPLETED,,Sent money to Anisul Haque,62757.15,62257.15,,,,,"{""recipient_phone"": ""01710000002"", ""ground_truth_anomaly"": false}",False
TXN-20260416-000224,11,,21,2026-04-16 11:32:12,457.14,MERCHANT_PAYMENT,FAMILY_PASS,,3,Restaurant/Food,COMPLETED,,FamilyPass spending by Tanvir Haque at Sultan's Dine Kacchi,73054.17,72597.03,,,2291.14,1834.00,"{""owner_id"": 2, ""member_id"": 11, ""merchant"": ""Sultan's Dine Kacchi"", ""ground_truth_anomaly"": false}",True
TXN-20260416-000216,25,,4,2026-04-16 12:08:38,835.48,MERCHANT_PAYMENT,PURPOSE_FUND,77,,Grocery,COMPLETED,,Payment to Meena Bazar via Arif's Grocery Fund,57047.88,57047.88,9251.46,8415.98,,,"{""merchant"": ""Meena Bazar"", ""fund"": ""Arif's Grocery Fund"", ""ground_truth_anomaly"": false}",True
TXN-20260416-000220,4,,26,2026-04-16 12:44:40,613.57,MERCHANT_PAYMENT,NORMAL_WALLET,,,Transport,COMPLETED,,Payment to Uber Bangladesh Mobility from Normal Wallet,66166.72,65553.15,,,,,"{""merchant"": ""Uber Bangladesh Mobility"", ""ground_truth_anomaly"": false}",False
TXN-20260416-000228,2,,5,2026-04-16 14:09:28,912.80,MERCHANT_PAYMENT,PURPOSE_FUND,5,,Grocery,COMPLETED,,Payment to Chaldal Grocery Express via Anisul's Grocery Fund,72597.03,72597.03,20000.00,19087.20,,,"{""merchant"": ""Chaldal Grocery Express"", ""fund"": ""Anisul's Grocery Fund"", ""ground_truth_anomaly"": false}",False
TXN-20260416-000222,20,,29,2026-04-16 15:57:58,594.69,MERCHANT_PAYMENT,PURPOSE_FUND,58,,Rent,COMPLETED,,Payment to Rangs Living Rent via Asif's Rent Fund,145074.27,145074.27,39161.78,38567.09,,,"{""merchant"": ""Rangs Living Rent"", ""fund"": ""Asif's Rent Fund"", ""ground_truth_anomaly"": false}",False
TXN-20260416-000231,18,,9,2026-04-16 16:22:10,694.89,MERCHANT_PAYMENT,FAMILY_PASS,,6,Medicine,COMPLETED,,FamilyPass spending by Rumana Alam at Green Life Model Pharmacy,65553.15,64858.26,,,10768.82,10073.93,"{""owner_id"": 4, ""member_id"": 18, ""merchant"": ""Green Life Model Pharmacy"", ""ground_truth_anomaly"": false}",False
TXN-20260416-000225,11,,,2026-04-16 16:22:40,100.00,MOBILE_RECHARGE,NORMAL_WALLET,,,Recharge,COMPLETED,,Mobile Recharge to 01710000011,6277.64,6177.64,,,,,"{""operator"": ""Grameenphone"", ""ground_truth_anomaly"": false}",False
TXN-20260416-000230,5,,4,2026-04-16 16:22:47,999.36,MERCHANT_PAYMENT,PURPOSE_FUND,17,,Grocery,COMPLETED,,Payment to Meena Bazar via Kamrul's Grocery Fund,57363.17,57363.17,15000.00,14000.64,,,"{""merchant"": ""Meena Bazar"", ""fund"": ""Kamrul's Grocery Fund"", ""ground_truth_anomaly"": false}",True
TXN-20260416-000217,1,,8,2026-04-16 17:24:44,481.12,MERCHANT_PAYMENT,PURPOSE_FUND,4,,Medicine,COMPLETED,,Payment to Tamanna Pharmacy via Tariq's Medicine Fund,66272.75,66272.75,6000.00,5518.88,,,"{""merchant"": ""Tamanna Pharmacy"", ""fund"": ""Tariq's Medicine Fund"", ""ground_truth_anomaly"": false}",False
TXN-20260416-000219,19,18,,2026-04-16 19:39:19,1000.00,SEND_MONEY,NORMAL_WALLET,,,Transfer,COMPLETED,,Sent money to Rumana Alam,17074.96,16074.96,,,,,"{""recipient_phone"": ""01710000018"", ""ground_truth_anomaly"": false}",False
TXN-20260416-000213,21,,30,2026-04-16 19:53:19,1904.47,MERCHANT_PAYMENT,PURPOSE_FUND,64,,Shopping,COMPLETED,,Payment to Aarong Lifestyle Retail via Tanzeem's Shopping Fund,162617.41,162617.41,19384.95,17480.48,,,"{""merchant"": ""Aarong Lifestyle Retail"", ""fund"": ""Tanzeem's Shopping Fund"", ""ground_truth_anomaly"": false}",True
TXN-20260416-000223,8,,15,2026-04-16 19:55:01,3301.87,MERCHANT_PAYMENT,PURPOSE_FUND,30,,Education,COMPLETED,,Payment to Sunnydale Academy via Saifur's Education Fund,89325.92,89325.92,18000.00,14698.13,,,"{""merchant"": ""Sunnydale Academy"", ""fund"": ""Saifur's Education Fund"", ""ground_truth_anomaly"": false}",False
TXN-20260416-000214,21,,28,2026-04-16 20:06:39,766.64,MERCHANT_PAYMENT,PURPOSE_FUND,62,,Rent,COMPLETED,,Payment to Eastern Housing Rental via Tanzeem's Rent Fund,162617.41,162617.41,45000.00,44233.36,,,"{""merchant"": ""Eastern Housing Rental"", ""fund"": ""Tanzeem's Rent Fund"", ""ground_truth_anomaly"": false}",False
TXN-20260416-000227,13,,,2026-04-16 20:12:55,100.00,MOBILE_RECHARGE,NORMAL_WALLET,,,Recharge,COMPLETED,,Mobile Recharge to 01710000013,5957.53,5857.53,,,,,"{""operator"": ""Grameenphone"", ""ground_truth_anomaly"": false}",False
TXN-20260416-000218,15,,,2026-04-16 20:19:10,300.00,MOBILE_RECHARGE,NORMAL_WALLET,,,Recharge,COMPLETED,,Mobile Recharge to 01710000015,6712.67,6412.67,,,,,"{""operator"": ""Grameenphone"", ""ground_truth_anomaly"": false}",False
TXN-20260416-000221,4,,17,2026-04-16 20:53:39,4304.74,MERCHANT_PAYMENT,PURPOSE_FUND,15,,Education,COMPLETED,,Payment to Mastermind School via Mahbub's Education Fund,65553.15,65553.15,16000.00,11695.26,,,"{""merchant"": ""Mastermind School"", ""fund"": ""Mahbub's Education Fund"", ""ground_truth_anomaly"": false}",False
TXN-20260416-000226,22,,15,2026-04-16 21:06:56,3296.81,MERCHANT_PAYMENT,PURPOSE_FUND,67,,Education,COMPLETED,,Payment to Sunnydale Academy via Nafis's Education Fund,134336.90,134336.90,22000.00,18703.19,,,"{""merchant"": ""Sunnydale Academy"", ""fund"": ""Nafis's Education Fund"", ""ground_truth_anomaly"": false}",False
TXN-20260416-000229,7,3,,2026-04-16 22:05:01,1500.00,SEND_MONEY,NORMAL_WALLET,,,Transfer,COMPLETED,,Sent money to Farhan Kabir,62257.15,60757.15,,,,,"{""recipient_phone"": ""01710000003"", ""ground_truth_anomaly"": false}",False
TXN-20260416-000215,25,,,2026-04-16 23:14:55,50.00,MOBILE_RECHARGE,NORMAL_WALLET,,,Recharge,COMPLETED,,Mobile Recharge to 01710000025,57097.88,57047.88,,,,,"{""operator"": ""Grameenphone"", ""ground_truth_anomaly"": false}",False
TXN-20260417-000238,3,,6,2026-04-17 08:26:29,664.16,MERCHANT_PAYMENT,PURPOSE_FUND,9,,Grocery,COMPLETED,,Payment to Karwan Bazar Wholesale via Farhan's Grocery Fund,61104.69,61104.69,16000.00,15335.84,,,"{""merchant"": ""Karwan Bazar Wholesale"", ""fund"": ""Farhan's Grocery Fund"", ""ground_truth_anomaly"": false}",False
TXN-20260417-000249,5,,18,2026-04-17 09:14:29,842.62,MERCHANT_PAYMENT,PURPOSE_FUND,18,,Electricity,COMPLETED,,Payment to DESCO Prepaid Utility via Kamrul's Electricity Fund,56290.68,56290.68,4200.00,3357.38,,,"{""merchant"": ""DESCO Prepaid Utility"", ""fund"": ""Kamrul's Electricity Fund"", ""ground_truth_anomaly"": false}",False
TXN-20260417-000253,17,,2,2026-04-17 09:19:09,601.26,MERCHANT_PAYMENT,FAMILY_PASS,,4,Grocery,COMPLETED,,FamilyPass spending by Farzana Haque at Shwapno Superstore,71405.12,70803.86,,,9248.47,8647.21,"{""owner_id"": 2, ""member_id"": 17, ""merchant"": ""Shwapno Superstore"", ""ground_truth_anomaly"": false}",False
TXN-20260417-000242,9,,5,2026-04-17 10:04:58,1131.25,MERCHANT_PAYMENT,PURPOSE_FUND,33,,Grocery,COMPLETED,,Payment to Chaldal Grocery Express via Shahidul's Grocery Fund,67944.18,67944.18,19000.00,17868.75,,,"{""merchant"": ""Chaldal Grocery Express"", ""fund"": ""Shahidul's Grocery Fund"", ""ground_truth_anomaly"": false}",True
TXN-20260417-000246,19,,2,2026-04-17 10:12:17,666.09,MERCHANT_PAYMENT,PURPOSE_FUND,55,,Grocery,COMPLETED,,Payment to Shwapno Superstore via Sadia's Grocery Fund,16074.96,16074.96,10150.42,9484.33,,,"{""merchant"": ""Shwapno Superstore"", ""fund"": ""Sadia's Grocery Fund"", ""ground_truth_anomaly"": false}",False
TXN-20260417-000235,8,21,,2026-04-17 10:21:25,1500.00,SEND_MONEY,NORMAL_WALLET,,,Transfer,COMPLETED,,Sent money to Tanzeem Morshed,89325.92,87825.92,,,,,"{""recipient_phone"": ""01710000021"", ""ground_truth_anomaly"": false}",False
TXN-20260417-000239,3,,20,2026-04-17 10:21:27,1124.48,MERCHANT_PAYMENT,PURPOSE_FUND,11,,Electricity,COMPLETED,,Payment to Link3 Internet Utilities via Farhan's Electricity Fund,61104.69,61104.69,4000.00,2875.52,,,"{""merchant"": ""Link3 Internet Utilities"", ""fund"": ""Farhan's Electricity Fund"", ""ground_truth_anomaly"": false}",False
TXN-20260417-000247,10,,14,2026-04-17 10:29:24,1658.71,MERCHANT_PAYMENT,FAMILY_PASS,,1,Education,COMPLETED,,FamilyPass spending by Samiul Tariq at Scholastica School,66272.75,64614.04,,,2560.17,901.46,"{""owner_id"": 1, ""member_id"": 10, ""merchant"": ""Scholastica School"", ""ground_truth_anomaly"": false}",False
TXN-20260417-000241,20,,3,2026-04-17 10:39:34,597.62,MERCHANT_PAYMENT,PURPOSE_FUND,57,,Grocery,COMPLETED,,Payment to Unimart Hypermarket via Asif's Grocery Fund,144641.80,144641.80,25790.19,25192.57,,,"{""merchant"": ""Unimart Hypermarket"", ""fund"": ""Asif's Grocery Fund"", ""ground_truth_anomaly"": false}",True
TXN-20260417-000240,25,,23,2026-04-17 11:03:04,1768.53,MERCHANT_PAYMENT,PURPOSE_FUND,75,,Restaurant/Food,COMPLETED,,Payment to Kacchi Bhai Biryani via Arif's Restaurant/Food Fund,57047.88,57047.88,13000.00,11231.47,,,"{""merchant"": ""Kacchi Bhai Biryani"", ""fund"": ""Arif's Restaurant/Food Fund"", ""ground_truth_anomaly"": false}",False
TXN-20260417-000244,11,,24,2026-04-17 11:03:26,440.38,MERCHANT_PAYMENT,FAMILY_PASS,,3,Restaurant/Food,COMPLETED,,FamilyPass spending by Tanvir Haque at Takeout Gourmet Burgers,72597.03,72156.65,,,1834.00,1393.62,"{""owner_id"": 2, ""member_id"": 11, ""merchant"": ""Takeout Gourmet Burgers"", ""ground_truth_anomaly"": false}",False
TXN-20260417-000250,5,,,2026-04-17 11:35:16,500.00,MOBILE_RECHARGE,NORMAL_WALLET,,,Recharge,COMPLETED,,Mobile Recharge to 01710000005,56290.68,55790.68,,,,,"{""operator"": ""Grameenphone"", ""ground_truth_anomaly"": false}",False
TXN-ANOM-20260417-003194,22,,13,2026-04-17 11:41:00,13663.00,MERCHANT_PAYMENT,NORMAL_WALLET,,,Treatment,COMPLETED,,Emergency diagnostic package at Popular Diagnostic Centre,424827.75,411164.75,,,,,"{""ground_truth_anomaly"": true, ""anomaly_type"": ""UNUSUAL_CATEGORY""}",True
TXN-20260417-000232,14,,24,2026-04-17 12:35:39,432.47,MERCHANT_PAYMENT,FAMILY_PASS,,8,Restaurant/Food,COMPLETED,,FamilyPass spending by Sakib Chowdhury at Takeout Gourmet Burgers,145074.27,144641.80,,,5484.56,5052.09,"{""owner_id"": 20, ""member_id"": 14, ""merchant"": ""Takeout Gourmet Burgers"", ""ground_truth_anomaly"": false}",True
TXN-20260417-000251,24,,30,2026-04-17 15:12:48,2587.70,MERCHANT_PAYMENT,PURPOSE_FUND,73,,Shopping,COMPLETED,,Payment to Aarong Lifestyle Retail via Emon's Shopping Fund,44540.21,44540.21,11000.00,8412.30,,,"{""merchant"": ""Aarong Lifestyle Retail"", ""fund"": ""Emon's Shopping Fund"", ""ground_truth_anomaly"": false}",True
TXN-20260417-000254,18,,3,2026-04-17 16:18:19,780.38,MERCHANT_PAYMENT,FAMILY_PASS,,6,Grocery,COMPLETED,,FamilyPass spending by Rumana Alam at Unimart Hypermarket,64858.26,64077.88,,,10073.93,9293.55,"{""owner_id"": 4, ""member_id"": 18, ""merchant"": ""Unimart Hypermarket"", ""ground_truth_anomaly"": false}",False
TXN-20260417-000233,4,,16,2026-04-17 16:22:52,2086.34,MERCHANT_PAYMENT,PURPOSE_FUND,15,,Education,COMPLETED,,Payment to Daffodil University Tuition via Mahbub's Education Fund,64858.26,64858.26,11695.26,9608.92,,,"{""merchant"": ""Daffodil University Tuition"", ""fund"": ""Mahbub's Education Fund"", ""ground_truth_anomaly"": false}",False
TXN-20260417-000245,7,,3,2026-04-17 16:40:40,757.97,MERCHANT_PAYMENT,PURPOSE_FUND,25,,Grocery,COMPLETED,,Payment to Unimart Hypermarket via Delwar's Grocery Fund,60757.15,60757.15,14184.10,13426.13,,,"{""merchant"": ""Unimart Hypermarket"", ""fund"": ""Delwar's Grocery Fund"", ""ground_truth_anomaly"": false}",False
TXN-20260417-000243,11,,24,2026-04-17 17:01:48,524.16,MERCHANT_PAYMENT,PURPOSE_FUND,40,,Restaurant/Food,COMPLETED,,Payment to Takeout Gourmet Burgers via Tanvir's Restaurant/Food Fund,6177.64,6177.64,524.16,0.00,,,"{""merchant"": ""Takeout Gourmet Burgers"", ""fund"": ""Tanvir's Restaurant/Food Fund"", ""ground_truth_anomaly"": false}",False
TXN-20260417-000234,23,,26,2026-04-17 18:00:58,262.16,MERCHANT_PAYMENT,PURPOSE_FUND,71,,Transport,COMPLETED,,Payment to Uber Bangladesh Mobility via Shafiqul's Transport Fund,55084.65,55084.65,5726.43,5464.27,,,"{""merchant"": ""Uber Bangladesh Mobility"", ""fund"": ""Shafiqul's Transport Fund"", ""ground_truth_anomaly"": false}",False
TXN-20260417-000237,12,,26,2026-04-17 18:22:00,152.18,MERCHANT_PAYMENT,PURPOSE_FUND,42,,Transport,COMPLETED,,Payment to Uber Bangladesh Mobility via Rafid's Transport Fund,7698.32,7698.32,2500.00,2347.82,,,"{""merchant"": ""Uber Bangladesh Mobility"", ""fund"": ""Rafid's Transport Fund"", ""ground_truth_anomaly"": false}",False
TXN-20260417-000248,13,,14,2026-04-17 19:17:35,1072.49,MERCHANT_PAYMENT,FAMILY_PASS,,7,Education,COMPLETED,,FamilyPass spending by Nahian Hasan at Scholastica School,57363.17,56290.68,,,3000.00,1927.51,"{""owner_id"": 5, ""member_id"": 13, ""merchant"": ""Scholastica School"", ""ground_truth_anomaly"": false}",False
TXN-20260417-000236,8,23,,2026-04-17 19:23:55,1500.00,SEND_MONEY,NORMAL_WALLET,,,Transfer,COMPLETED,,Sent money to Shafiqul Huda,87825.92,86325.92,,,,,"{""recipient_phone"": ""01710000023"", ""ground_truth_anomaly"": false}",False
TXN-20260417-000252,17,,4,2026-04-17 20:03:35,751.53,MERCHANT_PAYMENT,FAMILY_PASS,,4,Grocery,COMPLETED,,FamilyPass spending by Farzana Haque at Meena Bazar,72156.65,71405.12,,,10000.00,9248.47,"{""owner_id"": 2, ""member_id"": 17, ""merchant"": ""Meena Bazar"", ""ground_truth_anomaly"": false}",False
TXN-20260418-000268,2,,,2026-04-18 10:03:33,200.00,MOBILE_RECHARGE,NORMAL_WALLET,,,Recharge,COMPLETED,,Mobile Recharge to 01710000002,70234.76,70034.76,,,,,"{""operator"": ""Grameenphone"", ""ground_truth_anomaly"": false}",False
TXN-20260418-000264,20,,4,2026-04-18 10:12:47,399.36,MERCHANT_PAYMENT,PURPOSE_FUND,57,,Grocery,COMPLETED,,Payment to Meena Bazar via Asif's Grocery Fund,144641.80,144641.80,25192.57,24793.21,,,"{""merchant"": ""Meena Bazar"", ""fund"": ""Asif's Grocery Fund"", ""ground_truth_anomaly"": false}",True
TXN-20260418-000266,19,,,2026-04-18 13:56:49,300.00,MOBILE_RECHARGE,NORMAL_WALLET,,,Recharge,COMPLETED,,Mobile Recharge to 01710000019,16074.96,15774.96,,,,,"{""operator"": ""Grameenphone"", ""ground_truth_anomaly"": false}",False
TXN-20260418-000262,11,,22,2026-04-18 16:27:12,569.10,MERCHANT_PAYMENT,FAMILY_PASS,,3,Restaurant/Food,COMPLETED,,FamilyPass spending by Tanvir Haque at Star Kabab & Restaurant,70803.86,70234.76,,,1393.62,824.52,"{""owner_id"": 2, ""member_id"": 11, ""merchant"": ""Star Kabab & Restaurant"", ""ground_truth_anomaly"": false}",False
TXN-20260418-000260,1,,9,2026-04-18 16:43:00,871.80,MERCHANT_PAYMENT,PURPOSE_FUND,4,,Medicine,COMPLETED,,Payment to Green Life Model Pharmacy via Tariq's Medicine Fund,64614.04,64614.04,5518.88,4647.08,,,"{""merchant"": ""Green Life Model Pharmacy"", ""fund"": ""Tariq's Medicine Fund"", ""ground_truth_anomaly"": false}",False
TXN-ANOM-20260418-003237,16,,30,2026-04-18 17:00:00,13522.00,MERCHANT_PAYMENT,NORMAL_WALLET,,,Shopping,COMPLETED,,High value purchase at Aarong Lifestyle Retail,20290.510,6768.510,,,,,"{""ground_truth_anomaly"": true, ""anomaly_type"": ""LARGE_AMOUNT""}",True
TXN-20260418-000255,7,,18,2026-04-18 17:26:43,411.64,MERCHANT_PAYMENT,PURPOSE_FUND,26,,Electricity,COMPLETED,,Payment to DESCO Prepaid Utility via Delwar's Electricity Fund,60757.15,60757.15,2468.64,2057.00,,,"{""merchant"": ""DESCO Prepaid Utility"", ""fund"": ""Delwar's Electricity Fund"", ""ground_truth_anomaly"": false}",False
TXN-20260418-000267,2,,6,2026-04-18 17:47:20,518.66,MERCHANT_PAYMENT,PURPOSE_FUND,5,,Grocery,COMPLETED,,Payment to Karwan Bazar Wholesale via Anisul's Grocery Fund,70234.76,70234.76,19087.20,18568.54,,,"{""merchant"": ""Karwan Bazar Wholesale"", ""fund"": ""Anisul's Grocery Fund"", ""ground_truth_anomaly"": false}",False
TXN-20260418-000263,23,,30,2026-04-18 18:45:31,1674.00,MERCHANT_PAYMENT,PURPOSE_FUND,70,,Shopping,COMPLETED,,Payment to Aarong Lifestyle Retail via Shafiqul's Shopping Fund,56584.65,56584.65,14000.00,12326.00,,,"{""merchant"": ""Aarong Lifestyle Retail"", ""fund"": ""Shafiqul's Shopping Fund"", ""ground_truth_anomaly"": false}",False
TXN-20260418-000258,18,,30,2026-04-18 21:03:41,749.50,MERCHANT_PAYMENT,PURPOSE_FUND,54,,Shopping,COMPLETED,,Payment to Aarong Lifestyle Retail via Rumana's Shopping Fund,17620.66,17620.66,749.50,0.00,,,"{""merchant"": ""Aarong Lifestyle Retail"", ""fund"": ""Rumana's Shopping Fund"", ""ground_truth_anomaly"": false}",True
TXN-20260418-000269,5,,,2026-04-18 21:14:16,200.00,MOBILE_RECHARGE,NORMAL_WALLET,,,Recharge,COMPLETED,,Mobile Recharge to 01710000005,55790.68,55590.68,,,,,"{""operator"": ""Grameenphone"", ""ground_truth_anomaly"": false}",False
TXN-20260418-000256,21,,23,2026-04-18 21:31:44,1359.32,MERCHANT_PAYMENT,PURPOSE_FUND,63,,Restaurant/Food,COMPLETED,,Payment to Kacchi Bhai Biryani via Tanzeem's Restaurant/Food Fund,164117.41,164117.41,18000.00,16640.68,,,"{""merchant"": ""Kacchi Bhai Biryani"", ""fund"": ""Tanzeem's Restaurant/Food Fund"", ""ground_truth_anomaly"": false}",False
TXN-20260418-000257,25,,30,2026-04-18 21:35:40,980.26,MERCHANT_PAYMENT,PURPOSE_FUND,76,,Shopping,COMPLETED,,Payment to Aarong Lifestyle Retail via Arif's Shopping Fund,57047.88,57047.88,15000.00,14019.74,,,"{""merchant"": ""Aarong Lifestyle Retail"", ""fund"": ""Arif's Shopping Fund"", ""ground_truth_anomaly"": false}",False
TXN-20260418-000270,5,,16,2026-04-18 21:36:59,3096.64,MERCHANT_PAYMENT,PURPOSE_FUND,20,,Education,COMPLETED,,Payment to Daffodil University Tuition via Kamrul's Education Fund,55590.68,55590.68,5835.70,2739.06,,,"{""merchant"": ""Daffodil University Tuition"", ""fund"": ""Kamrul's Education Fund"", ""ground_truth_anomaly"": false}",False
TXN-20260418-000265,19,,9,2026-04-18 21:39:26,342.24,MERCHANT_PAYMENT,PURPOSE_FUND,56,,Medicine,COMPLETED,,Payment to Green Life Model Pharmacy via Sadia's Medicine Fund,16074.96,16074.96,4645.18,4302.94,,,"{""merchant"": ""Green Life Model Pharmacy"", ""fund"": ""Sadia's Medicine Fund"", ""ground_truth_anomaly"": false}",False
TXN-20260418-000261,24,,30,2026-04-18 21:41:08,443.48,MERCHANT_PAYMENT,NORMAL_WALLET,,,Shopping,COMPLETED,,Payment to Aarong Lifestyle Retail from Normal Wallet,44540.21,44096.73,,,,,"{""merchant"": ""Aarong Lifestyle Retail"", ""ground_truth_anomaly"": false}",False
TXN-20260418-000259,1,,20,2026-04-18 22:16:07,754.10,MERCHANT_PAYMENT,PURPOSE_FUND,2,,Electricity,COMPLETED,,Payment to Link3 Internet Utilities via Tariq's Electricity Fund,64614.04,64614.04,3393.87,2639.77,,,"{""merchant"": ""Link3 Internet Utilities"", ""fund"": ""Tariq's Electricity Fund"", ""ground_truth_anomaly"": false}",False
TXN-20260419-000272,3,,,2026-04-19 08:06:28,500.00,MOBILE_RECHARGE,NORMAL_WALLET,,,Recharge,COMPLETED,,Mobile Recharge to 01710000003,61104.69,60604.69,,,,,"{""operator"": ""Grameenphone"", ""ground_truth_anomaly"": false}",False
TXN-20260419-000271,24,,30,2026-04-19 09:01:45,1981.08,MERCHANT_PAYMENT,PURPOSE_FUND,73,,Shopping,COMPLETED,,Payment to Aarong Lifestyle Retail via Emon's Shopping Fund,44096.73,44096.73,8412.30,6431.22,,,"{""merchant"": ""Aarong Lifestyle Retail"", ""fund"": ""Emon's Shopping Fund"", ""ground_truth_anomaly"": false}",True
TXN-20260419-000276,9,,,2026-04-19 09:19:00,50.00,MOBILE_RECHARGE,NORMAL_WALLET,,,Recharge,COMPLETED,,Mobile Recharge to 01710000009,67944.18,67894.18,,,,,"{""operator"": ""Grameenphone"", ""ground_truth_anomaly"": false}",False
TXN-20260419-000290,23,,30,2026-04-19 10:10:33,1582.02,MERCHANT_PAYMENT,PURPOSE_FUND,70,,Shopping,COMPLETED,,Payment to Aarong Lifestyle Retail via Shafiqul's Shopping Fund,56384.65,56384.65,12326.00,10743.98,,,"{""merchant"": ""Aarong Lifestyle Retail"", ""fund"": ""Shafiqul's Shopping Fund"", ""ground_truth_anomaly"": false}",False
TXN-20260419-000286,17,,27,2026-04-19 10:17:07,678.44,MERCHANT_PAYMENT,NORMAL_WALLET,,,Transport,COMPLETED,,Payment to Pathao Transportation from Normal Wallet,14009.65,13331.21,,,,,"{""merchant"": ""Pathao Transportation"", ""ground_truth_anomaly"": false}",False
TXN-20260419-000285,17,,10,2026-04-19 10:31:26,487.25,MERCHANT_PAYMENT,PURPOSE_FUND,52,,Medicine,COMPLETED,,Payment to Square Hospital Pharmacy via Farzana's Medicine Fund,14009.65,14009.65,4500.00,4012.75,,,"{""merchant"": ""Square Hospital Pharmacy"", ""fund"": ""Farzana's Medicine Fund"", ""ground_truth_anomaly"": false}",False
TXN-20260419-000282,19,,3,2026-04-19 10:31:43,885.92,MERCHANT_PAYMENT,PURPOSE_FUND,55,,Grocery,COMPLETED,,Payment to Unimart Hypermarket via Sadia's Grocery Fund,15774.96,15774.96,9484.33,8598.41,,,"{""merchant"": ""Unimart Hypermarket"", ""fund"": ""Sadia's Grocery Fund"", ""ground_truth_anomaly"": false}",False
TXN-20260419-000288,20,,21,2026-04-19 11:01:42,187.47,MERCHANT_PAYMENT,NORMAL_WALLET,,,Restaurant/Food,COMPLETED,,Payment to Sultan's Dine Kacchi from Normal Wallet,144641.80,144454.33,,,,,"{""merchant"": ""Sultan's Dine Kacchi"", ""ground_truth_anomaly"": false}",False
TXN-20260419-000273,18,,1,2026-04-19 11:14:02,451.90,MERCHANT_PAYMENT,FAMILY_PASS,,6,Grocery,COMPLETED,,FamilyPass spending by Rumana Alam at Agora Super Shop,64077.88,63625.98,,,9293.55,8841.65,"{""owner_id"": 4, ""member_id"": 18, ""merchant"": ""Agora Super Shop"", ""ground_truth_anomaly"": false}",False
TXN-20260419-000275,9,,2,2026-04-19 13:15:22,1144.58,MERCHANT_PAYMENT,PURPOSE_FUND,33,,Grocery,COMPLETED,,Payment to Shwapno Superstore via Shahidul's Grocery Fund,67944.18,67944.18,17868.75,16724.17,,,"{""merchant"": ""Shwapno Superstore"", ""fund"": ""Shahidul's Grocery Fund"", ""ground_truth_anomaly"": false}",False
TXN-20260419-000287,7,,,2026-04-19 13:52:47,100.00,MOBILE_RECHARGE,NORMAL_WALLET,,,Recharge,COMPLETED,,Mobile Recharge to 01710000007,60757.15,60657.15,,,,,"{""operator"": ""Grameenphone"", ""ground_truth_anomaly"": false}",False
TXN-20260419-000284,10,,25,2026-04-19 14:16:34,296.64,MERCHANT_PAYMENT,PURPOSE_FUND,38,,Transport,COMPLETED,,Payment to Shohoz Interdistrict Ride via Samiul's Transport Fund,7158.27,7158.27,3000.00,2703.36,,,"{""merchant"": ""Shohoz Interdistrict Ride"", ""fund"": ""Samiul's Transport Fund"", ""ground_truth_anomaly"": false}",False
TXN-20260419-000278,13,,15,2026-04-19 14:52:37,1123.11,MERCHANT_PAYMENT,FAMILY_PASS,,7,Education,COMPLETED,,FamilyPass spending by Nahian Hasan at Sunnydale Academy,55590.68,54467.57,,,1927.51,804.40,"{""owner_id"": 5, ""member_id"": 13, ""merchant"": ""Sunnydale Academy"", ""ground_truth_anomaly"": false}",False
TXN-20260419-000277,21,,30,2026-04-19 15:48:28,531.93,MERCHANT_PAYMENT,NORMAL_WALLET,,,Shopping,COMPLETED,,Payment to Aarong Lifestyle Retail from Normal Wallet,164117.41,163585.48,,,,,"{""merchant"": ""Aarong Lifestyle Retail"", ""ground_truth_anomaly"": false}",False
TXN-20260419-000280,6,,,2026-04-19 18:11:37,500.00,MOBILE_RECHARGE,NORMAL_WALLET,,,Recharge,COMPLETED,,Mobile Recharge to 01710000006,68086.35,67586.35,,,,,"{""operator"": ""Grameenphone"", ""ground_truth_anomaly"": false}",False
TXN-20260419-000291,11,,24,2026-04-19 18:44:23,511.11,MERCHANT_PAYMENT,FAMILY_PASS,,3,Restaurant/Food,COMPLETED,,FamilyPass spending by Tanvir Haque at Takeout Gourmet Burgers,71034.76,70523.65,,,824.52,313.41,"{""owner_id"": 2, ""member_id"": 11, ""merchant"": ""Takeout Gourmet Burgers"", ""ground_truth_anomaly"": false}",True
TXN-20260419-000274,5,,14,2026-04-19 19:06:57,2739.06,MERCHANT_PAYMENT,PURPOSE_FUND,20,,Education,COMPLETED,,Payment to Scholastica School via Kamrul's Education Fund,55590.68,55590.68,2739.06,0.00,,,"{""merchant"": ""Scholastica School"", ""fund"": ""Kamrul's Education Fund"", ""ground_truth_anomaly"": false}",False
TXN-20260419-000289,23,,,2026-04-19 19:19:09,200.00,MOBILE_RECHARGE,NORMAL_WALLET,,,Recharge,COMPLETED,,Mobile Recharge to 01710000023,56584.65,56384.65,,,,,"{""operator"": ""Grameenphone"", ""ground_truth_anomaly"": false}",False
TXN-20260419-000281,6,,,2026-04-19 20:04:47,300.00,MOBILE_RECHARGE,NORMAL_WALLET,,,Recharge,COMPLETED,,Mobile Recharge to 01710000006,67586.35,67286.35,,,,,"{""operator"": ""Grameenphone"", ""ground_truth_anomaly"": false}",False
TXN-ANOM-20260419-003252,24,,30,2026-04-19 20:17:00,10815.00,MERCHANT_PAYMENT,NORMAL_WALLET,,,Shopping,COMPLETED,,High value purchase at Aarong Lifestyle Retail,185158.75,174343.75,,,,,"{""ground_truth_anomaly"": true, ""anomaly_type"": ""LARGE_AMOUNT""}",True
TXN-20260419-000279,1,2,,2026-04-19 20:49:38,1000.00,SEND_MONEY,NORMAL_WALLET,,,Transfer,COMPLETED,,Sent money to Anisul Haque,64614.04,63614.04,,,,,"{""recipient_phone"": ""01710000002"", ""ground_truth_anomaly"": false}",False
TXN-20260419-000283,2,,3,2026-04-19 20:55:56,1416.65,MERCHANT_PAYMENT,PURPOSE_FUND,5,,Grocery,COMPLETED,,Payment to Unimart Hypermarket via Anisul's Grocery Fund,71034.76,71034.76,18568.54,17151.89,,,"{""merchant"": ""Unimart Hypermarket"", ""fund"": ""Anisul's Grocery Fund"", ""ground_truth_anomaly"": false}",False
TXN-20260420-000302,13,,14,2026-04-20 08:06:22,4000.00,MERCHANT_PAYMENT,PURPOSE_FUND,43,,Education,COMPLETED,,Payment to Scholastica School via Nahian's Education Fund,5857.53,5857.53,4000.00,0.00,,,"{""merchant"": ""Scholastica School"", ""fund"": ""Nahian's Education Fund"", ""ground_truth_anomaly"": false}",False
TXN-20260420-000307,25,,30,2026-04-20 08:19:58,1121.88,MERCHANT_PAYMENT,PURPOSE_FUND,76,,Shopping,COMPLETED,,Payment to Aarong Lifestyle Retail via Arif's Shopping Fund,57047.88,57047.88,14019.74,12897.86,,,"{""merchant"": ""Aarong Lifestyle Retail"", ""fund"": ""Arif's Shopping Fund"", ""ground_truth_anomaly"": false}",True
TXN-20260420-000301,6,,,2026-04-20 15:02:12,500.00,CASH_OUT,NORMAL_WALLET,,,Cash Out,COMPLETED,,Agent Cash Out Withdrawal,67286.35,66786.35,,,,,"{""agent_code"": ""AGT-7712"", ""ground_truth_anomaly"": false}",False
TXN-20260420-000296,24,,22,2026-04-20 15:20:55,1131.64,MERCHANT_PAYMENT,PURPOSE_FUND,72,,Restaurant/Food,COMPLETED,,Payment to Star Kabab & Restaurant via Emon's Restaurant/Food Fund,44096.73,44096.73,10000.00,8868.36,,,"{""merchant"": ""Star Kabab & Restaurant"", ""fund"": ""Emon's Restaurant/Food Fund"", ""ground_truth_anomaly"": false}",False
TXN-20260420-000294,8,,15,2026-04-20 15:29:02,5194.58,MERCHANT_PAYMENT,PURPOSE_FUND,30,,Education,COMPLETED,,Payment to Sunnydale Academy via Saifur's Education Fund,86325.92,86325.92,14698.13,9503.55,,,"{""merchant"": ""Sunnydale Academy"", ""fund"": ""Saifur's Education Fund"", ""ground_truth_anomaly"": false}",False
TXN-20260420-000306,17,13,,2026-04-20 15:31:50,300.00,SEND_MONEY,NORMAL_WALLET,,,Transfer,COMPLETED,,Sent money to Nahian Hasan,13331.21,13031.21,,,,,"{""recipient_phone"": ""01710000013"", ""ground_truth_anomaly"": false}",False
TXN-20260420-000292,4,,10,2026-04-20 16:52:51,425.63,MERCHANT_PAYMENT,PURPOSE_FUND,16,,Medicine,COMPLETED,,Payment to Square Hospital Pharmacy via Mahbub's Medicine Fund,63625.98,63625.98,8000.00,7574.37,,,"{""merchant"": ""Square Hospital Pharmacy"", ""fund"": ""Mahbub's Medicine Fund"", ""ground_truth_anomaly"": false}",False
TXN-20260420-000298,21,,,2026-04-20 16:56:56,2000.00,CASH_OUT,NORMAL_WALLET,,,Cash Out,COMPLETED,,Agent Cash Out Withdrawal,163085.48,161085.48,,,,,"{""agent_code"": ""AGT-7712"", ""ground_truth_anomaly"": false}",False
TXN-20260420-000295,8,,18,2026-04-20 17:48:44,593.37,MERCHANT_PAYMENT,PURPOSE_FUND,31,,Electricity,COMPLETED,,Payment to DESCO Prepaid Utility via Saifur's Electricity Fund,86325.92,86325.92,1029.64,436.27,,,"{""merchant"": ""DESCO Prepaid Utility"", ""fund"": ""Saifur's Electricity Fund"", ""ground_truth_anomaly"": false}",False
TXN-20260420-000300,11,,24,2026-04-20 18:04:26,313.41,MERCHANT_PAYMENT,FAMILY_PASS,,3,Restaurant/Food,COMPLETED,,FamilyPass spending by Tanvir Haque at Takeout Gourmet Burgers,70523.65,70210.24,,,313.41,0.00,"{""owner_id"": 2, ""member_id"": 11, ""merchant"": ""Takeout Gourmet Burgers"", ""ground_truth_anomaly"": false}",True
TXN-20260420-000297,21,,,2026-04-20 19:07:03,500.00,CASH_OUT,NORMAL_WALLET,,,Cash Out,COMPLETED,,Agent Cash Out Withdrawal,163585.48,163085.48,,,,,"{""agent_code"": ""AGT-7712"", ""ground_truth_anomaly"": false}",False
TXN-20260420-000293,4,,7,2026-04-20 19:41:32,467.30,MERCHANT_PAYMENT,PURPOSE_FUND,16,,Medicine,COMPLETED,,Payment to Labaid Pharmacy via Mahbub's Medicine Fund,63625.98,63625.98,7574.37,7107.07,,,"{""merchant"": ""Labaid Pharmacy"", ""fund"": ""Mahbub's Medicine Fund"", ""ground_truth_anomaly"": false}",False
TXN-20260420-000305,17,,6,2026-04-20 19:57:46,730.40,MERCHANT_PAYMENT,FAMILY_PASS,,4,Grocery,COMPLETED,,FamilyPass spending by Farzana Haque at Karwan Bazar Wholesale,70210.24,69479.84,,,8647.21,7916.81,"{""owner_id"": 2, ""member_id"": 17, ""merchant"": ""Karwan Bazar Wholesale"", ""ground_truth_anomaly"": false}",False
TXN-20260420-000304,14,,23,2026-04-20 20:32:25,993.93,MERCHANT_PAYMENT,PURPOSE_FUND,45,,Restaurant/Food,COMPLETED,,Payment to Kacchi Bhai Biryani via Sakib's Restaurant/Food Fund,9731.45,9731.45,3818.55,2824.62,,,"{""merchant"": ""Kacchi Bhai Biryani"", ""fund"": ""Sakib's Restaurant/Food Fund"", ""ground_truth_anomaly"": false}",False
TXN-ANOM-20260420-003112,15,,21,2026-04-20 21:17:00,2796.00,MERCHANT_PAYMENT,NORMAL_WALLET,,,Restaurant/Food,COMPLETED,,Large banquet charge at Sultan's Dine Kacchi,23441.74,20645.74,,,,,"{""ground_truth_anomaly"": true, ""anomaly_type"": ""SPENDING_BURST""}",True
TXN-20260420-000299,5,,,2026-04-20 21:30:04,200.00,MOBILE_RECHARGE,NORMAL_WALLET,,,Recharge,COMPLETED,,Mobile Recharge to 01710000005,54467.57,54267.57,,,,,"{""operator"": ""Grameenphone"", ""ground_truth_anomaly"": false}",False
TXN-20260420-000303,12,,26,2026-04-20 21:38:41,228.43,MERCHANT_PAYMENT,FAMILY_PASS,,5,Transport,COMPLETED,,FamilyPass spending by Rafid Kabir at Uber Bangladesh Mobility,60604.69,60376.26,,,3400.61,3172.18,"{""owner_id"": 3, ""member_id"": 12, ""merchant"": ""Uber Bangladesh Mobility"", ""ground_truth_anomaly"": false}",False
TXN-20260421-000317,10,1,,2026-04-21 08:49:36,300.00,SEND_MONEY,NORMAL_WALLET,,,Transfer,COMPLETED,,Sent money to Tariq Rahman,6858.27,6558.27,,,,,"{""recipient_phone"": ""01710000001"", ""ground_truth_anomaly"": false}",False
TXN-20260421-000322,7,,26,2026-04-21 11:13:07,259.08,MERCHANT_PAYMENT,PURPOSE_FUND,28,,Transport,COMPLETED,,Payment to Uber Bangladesh Mobility via Delwar's Transport Fund,60557.15,60557.15,4000.00,3740.92,,,"{""merchant"": ""Uber Bangladesh Mobility"", ""fund"": ""Delwar's Transport Fund"", ""ground_truth_anomaly"": false}",False
TXN-20260421-000323,19,,,2026-04-21 11:18:05,200.00,MOBILE_RECHARGE,NORMAL_WALLET,,,Recharge,COMPLETED,,Mobile Recharge to 01710000019,15774.96,15574.96,,,,,"{""operator"": ""Grameenphone"", ""ground_truth_anomaly"": false}",False
TXN-20260421-000319,24,,24,2026-04-21 11:39:33,494.07,MERCHANT_PAYMENT,PURPOSE_FUND,72,,Restaurant/Food,COMPLETED,,Payment to Takeout Gourmet Burgers via Emon's Restaurant/Food Fund,44096.73,44096.73,8868.36,8374.29,,,"{""merchant"": ""Takeout Gourmet Burgers"", ""fund"": ""Emon's Restaurant/Food Fund"", ""ground_truth_anomaly"": false}",False
TXN-20260421-000310,15,,26,2026-04-21 13:14:14,153.56,MERCHANT_PAYMENT,FAMILY_PASS,,10,Transport,COMPLETED,,FamilyPass spending by Zubair Ahmed at Uber Bangladesh Mobility,56384.65,56231.09,,,3100.55,2946.99,"{""owner_id"": 23, ""member_id"": 15, ""merchant"": ""Uber Bangladesh Mobility"", ""ground_truth_anomaly"": false}",False
TXN-20260421-000316,10,3,,2026-04-21 15:21:15,300.00,SEND_MONEY,NORMAL_WALLET,,,Transfer,COMPLETED,,Sent money to Farhan Kabir,7158.27,6858.27,,,,,"{""recipient_phone"": ""01710000003"", ""ground_truth_anomaly"": false}",False
TXN-20260421-000313,3,,19,2026-04-21 15:43:58,674.45,MERCHANT_PAYMENT,PURPOSE_FUND,11,,Electricity,COMPLETED,,Payment to DPDC Electricity Payment via Farhan's Electricity Fund,60376.26,60376.26,2875.52,2201.07,,,"{""merchant"": ""DPDC Electricity Payment"", ""fund"": ""Farhan's Electricity Fund"", ""ground_truth_anomaly"": false}",False
TXN-20260421-000320,24,,23,2026-04-21 17:03:44,1099.85,MERCHANT_PAYMENT,PURPOSE_FUND,72,,Restaurant/Food,COMPLETED,,Payment to Kacchi Bhai Biryani via Emon's Restaurant/Food Fund,44096.73,44096.73,8374.29,7274.44,,,"{""merchant"": ""Kacchi Bhai Biryani"", ""fund"": ""Emon's Restaurant/Food Fund"", ""ground_truth_anomaly"": false}",False
TXN-20260421-000318,22,,21,2026-04-21 17:08:10,312.92,MERCHANT_PAYMENT,NORMAL_WALLET,,,Restaurant/Food,COMPLETED,,Payment to Sultan's Dine Kacchi from Normal Wallet,134336.90,134023.98,,,,,"{""merchant"": ""Sultan's Dine Kacchi"", ""ground_truth_anomaly"": false}",False
TXN-REJ-20260421-003295,2,,23,2026-04-21 17:48:00,1681.00,MERCHANT_PAYMENT,PURPOSE_FUND,5,,Restaurant/Food,REJECTED,"Category Restriction Mismatch: Merchant 'Kacchi Bhai Biryani' is registered as 'Restaurant/Food', but 'Anisul's Grocery Fund' can ONLY be used for 'Grocery' payments.",Attempted payment to Kacchi Bhai Biryani via Anisul's Grocery Fund,206213.36,206213.36,132119.03,132119.03,,,"{""ground_truth_anomaly"": false, ""policy_violation"": ""CATEGORY_RESTRICTION_ERROR""}",False
TXN-20260421-000325,25,,21,2026-04-21 18:02:51,1123.38,MERCHANT_PAYMENT,PURPOSE_FUND,75,,Restaurant/Food,COMPLETED,,Payment to Sultan's Dine Kacchi via Arif's Restaurant/Food Fund,57047.88,57047.88,11231.47,10108.09,,,"{""merchant"": ""Sultan's Dine Kacchi"", ""fund"": ""Arif's Restaurant/Food Fund"", ""ground_truth_anomaly"": false}",False
TXN-20260421-000309,5,,18,2026-04-21 18:23:29,309.36,MERCHANT_PAYMENT,PURPOSE_FUND,18,,Electricity,COMPLETED,,Payment to DESCO Prepaid Utility via Kamrul's Electricity Fund,54267.57,54267.57,3357.38,3048.02,,,"{""merchant"": ""DESCO Prepaid Utility"", ""fund"": ""Kamrul's Electricity Fund"", ""ground_truth_anomaly"": false}",False
TXN-20260421-000324,1,,20,2026-04-21 18:38:42,527.13,MERCHANT_PAYMENT,PURPOSE_FUND,2,,Electricity,COMPLETED,,Payment to Link3 Internet Utilities via Tariq's Electricity Fund,63263.44,63263.44,2639.77,2112.64,,,"{""merchant"": ""Link3 Internet Utilities"", ""fund"": ""Tariq's Electricity Fund"", ""ground_truth_anomaly"": false}",False
TXN-20260421-000311,14,,24,2026-04-21 18:59:38,412.49,MERCHANT_PAYMENT,FAMILY_PASS,,8,Restaurant/Food,COMPLETED,,FamilyPass spending by Sakib Chowdhury at Takeout Gourmet Burgers,144454.33,144041.84,,,5052.09,4639.60,"{""owner_id"": 20, ""member_id"": 14, ""merchant"": ""Takeout Gourmet Burgers"", ""ground_truth_anomaly"": false}",False
TXN-20260421-000321,7,,,2026-04-21 20:17:27,100.00,MOBILE_RECHARGE,NORMAL_WALLET,,,Recharge,COMPLETED,,Mobile Recharge to 01710000007,60657.15,60557.15,,,,,"{""operator"": ""Grameenphone"", ""ground_truth_anomaly"": false}",False
TXN-20260421-000312,9,,3,2026-04-21 20:56:15,687.73,MERCHANT_PAYMENT,PURPOSE_FUND,33,,Grocery,COMPLETED,,Payment to Unimart Hypermarket via Shahidul's Grocery Fund,67894.18,67894.18,16724.17,16036.44,,,"{""merchant"": ""Unimart Hypermarket"", ""fund"": ""Shahidul's Grocery Fund"", ""ground_truth_anomaly"": false}",False
TXN-ANOM-20260421-003128,7,,21,2026-04-21 21:13:00,3620.00,MERCHANT_PAYMENT,NORMAL_WALLET,,,Restaurant/Food,COMPLETED,,Large banquet charge at Sultan's Dine Kacchi,140430.11,136810.11,,,,,"{""ground_truth_anomaly"": true, ""anomaly_type"": ""SPENDING_BURST""}",True
TXN-20260421-000314,6,,28,2026-04-21 21:22:05,356.31,MERCHANT_PAYMENT,PURPOSE_FUND,22,,Rent,COMPLETED,,Payment to Eastern Housing Rental via Zahid's Rent Fund,66786.35,66786.35,24000.00,23643.69,,,"{""merchant"": ""Eastern Housing Rental"", ""fund"": ""Zahid's Rent Fund"", ""ground_truth_anomaly"": false}",False
TXN-20260421-000308,5,,4,2026-04-21 21:29:05,790.83,MERCHANT_PAYMENT,PURPOSE_FUND,17,,Grocery,COMPLETED,,Payment to Meena Bazar via Kamrul's Grocery Fund,54267.57,54267.57,14000.64,13209.81,,,"{""merchant"": ""Meena Bazar"", ""fund"": ""Kamrul's Grocery Fund"", ""ground_truth_anomaly"": false}",True
TXN-20260421-000315,16,,5,2026-04-21 22:15:36,650.60,MERCHANT_PAYMENT,FAMILY_PASS,,2,Grocery,COMPLETED,,FamilyPass spending by Nasrin Rahman at Chaldal Grocery Express,63614.04,62963.44,,,9000.00,8349.40,"{""owner_id"": 1, ""member_id"": 16, ""merchant"": ""Chaldal Grocery Express"", ""ground_truth_anomaly"": false}",False
TXN-ANOM-20260422-003185,20,,27,2026-04-22 02:25:00,1674.00,MERCHANT_PAYMENT,NORMAL_WALLET,,,Transport,COMPLETED,,Late night inter-district transport fare via Pathao Transportation,514548.88,512874.88,,,,,"{""ground_truth_anomaly"": true, ""anomaly_type"": ""UNUSUAL_TIME""}",False
TXN-20260422-000340,2,,,2026-04-22 10:33:20,200.00,MOBILE_RECHARGE,NORMAL_WALLET,,,Recharge,COMPLETED,,Mobile Recharge to 01710000002,68918.11,68718.11,,,,,"{""operator"": ""Grameenphone"", ""ground_truth_anomaly"": false}",False
TXN-20260422-000332,25,,30,2026-04-22 10:51:15,1760.06,MERCHANT_PAYMENT,PURPOSE_FUND,76,,Shopping,COMPLETED,,Payment to Aarong Lifestyle Retail via Arif's Shopping Fund,57047.88,57047.88,12897.86,11137.80,,,"{""merchant"": ""Aarong Lifestyle Retail"", ""fund"": ""Arif's Shopping Fund"", ""ground_truth_anomaly"": false}",True
TXN-20260422-000337,18,,6,2026-04-22 11:18:36,609.87,MERCHANT_PAYMENT,PURPOSE_FUND,53,,Grocery,COMPLETED,,Payment to Karwan Bazar Wholesale via Rumana's Grocery Fund,17620.66,17620.66,10000.00,9390.13,,,"{""merchant"": ""Karwan Bazar Wholesale"", ""fund"": ""Rumana's Grocery Fund"", ""ground_truth_anomaly"": false}",False
TXN-20260422-000330,17,,9,2026-04-22 13:02:52,492.69,MERCHANT_PAYMENT,PURPOSE_FUND,52,,Medicine,COMPLETED,,Payment to Green Life Model Pharmacy via Farzana's Medicine Fund,13031.21,13031.21,4012.75,3520.06,,,"{""merchant"": ""Green Life Model Pharmacy"", ""fund"": ""Farzana's Medicine Fund"", ""ground_truth_anomaly"": false}",False
TXN-20260422-000331,17,,6,2026-04-22 14:48:58,561.73,MERCHANT_PAYMENT,FAMILY_PASS,,4,Grocery,COMPLETED,,FamilyPass spending by Farzana Haque at Karwan Bazar Wholesale,69479.84,68918.11,,,7916.81,7355.08,"{""owner_id"": 2, ""member_id"": 17, ""merchant"": ""Karwan Bazar Wholesale"", ""ground_truth_anomaly"": false}",True
TXN-20260422-000336,6,,30,2026-04-22 15:22:59,1172.62,MERCHANT_PAYMENT,PURPOSE_FUND,24,,Shopping,COMPLETED,,Payment to Aarong Lifestyle Retail via Zahid's Shopping Fund,66786.35,66786.35,6000.00,4827.38,,,"{""merchant"": ""Aarong Lifestyle Retail"", ""fund"": ""Zahid's Shopping Fund"", ""ground_truth_anomaly"": false}",False
TXN-20260422-000339,20,15,,2026-04-22 16:14:13,1000.00,SEND_MONEY,NORMAL_WALLET,,,Transfer,COMPLETED,,Sent money to Zubair Ahmed,142988.42,141988.42,,,,,"{""recipient_phone"": ""01710000015"", ""ground_truth_anomaly"": false}",False
TXN-20260422-000341,2,,,2026-04-22 16:16:57,500.00,MOBILE_RECHARGE,NORMAL_WALLET,,,Recharge,COMPLETED,,Mobile Recharge to 01710000002,68718.11,68218.11,,,,,"{""operator"": ""Grameenphone"", ""ground_truth_anomaly"": false}",False
TXN-20260422-000328,23,,30,2026-04-22 17:30:06,1972.66,MERCHANT_PAYMENT,PURPOSE_FUND,70,,Shopping,COMPLETED,,Payment to Aarong Lifestyle Retail via Shafiqul's Shopping Fund,56231.09,56231.09,10743.98,8771.32,,,"{""merchant"": ""Aarong Lifestyle Retail"", ""fund"": ""Shafiqul's Shopping Fund"", ""ground_truth_anomaly"": false}",True
TXN-20260422-000338,15,,25,2026-04-22 17:52:57,462.60,MERCHANT_PAYMENT,PURPOSE_FUND,48,,Transport,COMPLETED,,Payment to Shohoz Interdistrict Ride via Zubair's Transport Fund,6412.67,6412.67,2500.00,2037.40,,,"{""merchant"": ""Shohoz Interdistrict Ride"", ""fund"": ""Zubair's Transport Fund"", ""ground_truth_anomaly"": false}",False
TXN-20260422-000342,4,,16,2026-04-22 18:02:46,3059.76,MERCHANT_PAYMENT,PURPOSE_FUND,15,,Education,COMPLETED,,Payment to Daffodil University Tuition via Mahbub's Education Fund,63625.98,63625.98,9608.92,6549.16,,,"{""merchant"": ""Daffodil University Tuition"", ""fund"": ""Mahbub's Education Fund"", ""ground_truth_anomaly"": false}",False
TXN-20260422-000333,25,,27,2026-04-22 19:35:45,668.95,MERCHANT_PAYMENT,NORMAL_WALLET,,,Transport,COMPLETED,,Payment to Pathao Transportation from Normal Wallet,57047.88,56378.93,,,,,"{""merchant"": ""Pathao Transportation"", ""ground_truth_anomaly"": false}",False
TXN-20260422-000327,14,,22,2026-04-22 19:57:42,544.01,MERCHANT_PAYMENT,FAMILY_PASS,,8,Restaurant/Food,COMPLETED,,FamilyPass spending by Sakib Chowdhury at Star Kabab & Restaurant,144041.84,143497.83,,,4639.60,4095.59,"{""owner_id"": 20, ""member_id"": 14, ""merchant"": ""Star Kabab & Restaurant"", ""ground_truth_anomaly"": false}",True
TXN-20260422-000329,13,,25,2026-04-22 20:45:27,414.18,MERCHANT_PAYMENT,PURPOSE_FUND,44,,Transport,COMPLETED,,Payment to Shohoz Interdistrict Ride via Nahian's Transport Fund,6157.53,6157.53,1512.00,1097.82,,,"{""merchant"": ""Shohoz Interdistrict Ride"", ""fund"": ""Nahian's Transport Fund"", ""ground_truth_anomaly"": false}",False
TXN-20260422-000334,19,,1,2026-04-22 20:59:39,509.41,MERCHANT_PAYMENT,FAMILY_PASS,,9,Grocery,COMPLETED,,FamilyPass spending by Sadia Chowdhury at Agora Super Shop,143497.83,142988.42,,,14553.32,14043.91,"{""owner_id"": 20, ""member_id"": 19, ""merchant"": ""Agora Super Shop"", ""ground_truth_anomaly"": false}",True
TXN-20260422-000326,24,,,2026-04-22 22:07:11,300.00,MOBILE_RECHARGE,NORMAL_WALLET,,,Recharge,COMPLETED,,Mobile Recharge to 01710000024,44096.73,43796.73,,,,,"{""operator"": ""Grameenphone"", ""ground_truth_anomaly"": false}",False
TXN-20260422-000335,19,,,2026-04-22 22:53:21,1000.00,CASH_OUT,NORMAL_WALLET,,,Cash Out,COMPLETED,,Agent Cash Out Withdrawal,15574.96,14574.96,,,,,"{""agent_code"": ""AGT-7712"", ""ground_truth_anomaly"": false}",False
TXN-20260423-000343,24,,,2026-04-23 10:23:31,500.00,MOBILE_RECHARGE,NORMAL_WALLET,,,Recharge,COMPLETED,,Mobile Recharge to 01710000024,43796.73,43296.73,,,,,"{""operator"": ""Grameenphone"", ""ground_truth_anomaly"": false}",False
TXN-20260423-000344,5,4,,2026-04-23 11:41:24,1000.00,SEND_MONEY,NORMAL_WALLET,,,Transfer,COMPLETED,,Sent money to Mahbub Alam,54267.57,53267.57,,,,,"{""recipient_phone"": ""01710000004"", ""ground_truth_anomaly"": false}",False
TXN-20260423-000356,19,,,2026-04-23 11:54:46,2000.00,CASH_OUT,NORMAL_WALLET,,,Cash Out,COMPLETED,,Agent Cash Out Withdrawal,14574.96,12574.96,,,,,"{""agent_code"": ""AGT-7712"", ""ground_truth_anomaly"": false}",False
TXN-20260423-000351,21,,23,2026-04-23 11:57:59,802.92,MERCHANT_PAYMENT,PURPOSE_FUND,63,,Restaurant/Food,COMPLETED,,Payment to Kacchi Bhai Biryani via Tanzeem's Restaurant/Food Fund,161085.48,161085.48,16640.68,15837.76,,,"{""merchant"": ""Kacchi Bhai Biryani"", ""fund"": ""Tanzeem's Restaurant/Food Fund"", ""ground_truth_anomaly"": false}",False
TXN-20260423-000355,1,,,2026-04-23 14:27:00,200.00,MOBILE_RECHARGE,NORMAL_WALLET,,,Recharge,COMPLETED,,Mobile Recharge to 01710000001,63263.44,63063.44,,,,,"{""operator"": ""Grameenphone"", ""ground_truth_anomaly"": false}",False
TXN-20260423-000347,9,,26,2026-04-23 16:04:58,817.19,MERCHANT_PAYMENT,NORMAL_WALLET,,,Transport,COMPLETED,,Payment to Uber Bangladesh Mobility from Normal Wallet,67894.18,67076.99,,,,,"{""merchant"": ""Uber Bangladesh Mobility"", ""ground_truth_anomaly"": false}",False
TXN-20260423-000350,3,,,2026-04-23 17:44:17,50.00,MOBILE_RECHARGE,NORMAL_WALLET,,,Recharge,COMPLETED,,Mobile Recharge to 01710000003,60676.26,60626.26,,,,,"{""operator"": ""Grameenphone"", ""ground_truth_anomaly"": false}",False
TXN-20260423-000353,4,,9,2026-04-23 17:53:31,467.06,MERCHANT_PAYMENT,PURPOSE_FUND,16,,Medicine,COMPLETED,,Payment to Green Life Model Pharmacy via Mahbub's Medicine Fund,63830.73,63830.73,7107.07,6640.01,,,"{""merchant"": ""Green Life Model Pharmacy"", ""fund"": ""Mahbub's Medicine Fund"", ""ground_truth_anomaly"": false}",False
TXN-REJ-20260423-003290,18,,2,2026-04-23 18:01:00,13687.00,MERCHANT_PAYMENT,FAMILY_PASS,,6,Grocery,REJECTED,"FamilyPass spending limit exceeded. Remaining allowance: ৳12,000.00, requested: ৳13,687.00",Attempted FamilyPass spending exceeding allowance,166685.00,166685.00,,,12000.00,12000.00,"{""ground_truth_anomaly"": false, ""policy_violation"": ""FAMILYPASS_LIMIT_EXCEEDED""}",False
TXN-20260423-000354,25,15,,2026-04-23 18:25:49,1000.00,SEND_MONEY,NORMAL_WALLET,,,Transfer,COMPLETED,,Sent money to Zubair Ahmed,56378.93,55378.93,,,,,"{""recipient_phone"": ""01710000015"", ""ground_truth_anomaly"": false}",False
TXN-20260423-000348,23,,30,2026-04-23 18:27:14,2176.27,MERCHANT_PAYMENT,PURPOSE_FUND,70,,Shopping,COMPLETED,,Payment to Aarong Lifestyle Retail via Shafiqul's Shopping Fund,56231.09,56231.09,8771.32,6595.05,,,"{""merchant"": ""Aarong Lifestyle Retail"", ""fund"": ""Shafiqul's Shopping Fund"", ""ground_truth_anomaly"": false}",False
TXN-20260423-000346,18,,9,2026-04-23 18:41:36,795.25,MERCHANT_PAYMENT,FAMILY_PASS,,6,Medicine,COMPLETED,,FamilyPass spending by Rumana Alam at Green Life Model Pharmacy,64625.98,63830.73,,,8841.65,8046.40,"{""owner_id"": 4, ""member_id"": 18, ""merchant"": ""Green Life Model Pharmacy"", ""ground_truth_anomaly"": false}",False
TXN-20260423-000345,6,,29,2026-04-23 19:31:17,743.15,MERCHANT_PAYMENT,PURPOSE_FUND,22,,Rent,COMPLETED,,Payment to Rangs Living Rent via Zahid's Rent Fund,66786.35,66786.35,23643.69,22900.54,,,"{""merchant"": ""Rangs Living Rent"", ""fund"": ""Zahid's Rent Fund"", ""ground_truth_anomaly"": false}",False
TXN-20260423-000349,14,,24,2026-04-23 20:17:46,549.30,MERCHANT_PAYMENT,FAMILY_PASS,,8,Restaurant/Food,COMPLETED,,FamilyPass spending by Sakib Chowdhury at Takeout Gourmet Burgers,141988.42,141439.12,,,4095.59,3546.29,"{""owner_id"": 20, ""member_id"": 14, ""merchant"": ""Takeout Gourmet Burgers"", ""ground_truth_anomaly"": false}",False
TXN-ANOM-20260423-003247,16,,22,2026-04-23 21:13:00,2828.00,MERCHANT_PAYMENT,NORMAL_WALLET,,,Restaurant/Food,COMPLETED,,Large banquet charge at Star Kabab & Restaurant,3301.510,473.510,,,,,"{""ground_truth_anomaly"": true, ""anomaly_type"": ""SPENDING_BURST""}",True
TXN-20260423-000352,12,,27,2026-04-23 22:52:35,139.00,MERCHANT_PAYMENT,FAMILY_PASS,,5,Transport,COMPLETED,,FamilyPass spending by Rafid Kabir at Pathao Transportation,60626.26,60487.26,,,3172.18,3033.18,"{""owner_id"": 3, ""member_id"": 12, ""merchant"": ""Pathao Transportation"", ""ground_truth_anomaly"": false}",False
TXN-20260424-000373,5,9,,2026-04-24 08:22:05,300.00,SEND_MONEY,NORMAL_WALLET,,,Transfer,COMPLETED,,Sent money to Shahidul Islam,53267.57,52967.57,,,,,"{""recipient_phone"": ""01710000009"", ""ground_truth_anomaly"": false}",False
TXN-20260424-000360,16,,6,2026-04-24 08:55:24,821.89,MERCHANT_PAYMENT,PURPOSE_FUND,49,,Grocery,COMPLETED,,Payment to Karwan Bazar Wholesale via Nasrin's Grocery Fund,11078.24,11078.24,7566.66,6744.77,,,"{""merchant"": ""Karwan Bazar Wholesale"", ""fund"": ""Nasrin's Grocery Fund"", ""ground_truth_anomaly"": false}",True
TXN-20260424-000377,8,,16,2026-04-24 09:37:33,5043.42,MERCHANT_PAYMENT,PURPOSE_FUND,30,,Education,COMPLETED,,Payment to Daffodil University Tuition via Saifur's Education Fund,86325.92,86325.92,9503.55,4460.13,,,"{""merchant"": ""Daffodil University Tuition"", ""fund"": ""Saifur's Education Fund"", ""ground_truth_anomaly"": false}",False
TXN-20260424-000376,9,,19,2026-04-24 09:48:10,493.86,MERCHANT_PAYMENT,PURPOSE_FUND,35,,Electricity,COMPLETED,,Payment to DPDC Electricity Payment via Shahidul's Electricity Fund,67676.99,67676.99,3127.70,2633.84,,,"{""merchant"": ""DPDC Electricity Payment"", ""fund"": ""Shahidul's Electricity Fund"", ""ground_truth_anomaly"": false}",False
TXN-20260424-000358,14,,21,2026-04-24 11:04:36,480.10,MERCHANT_PAYMENT,FAMILY_PASS,,8,Restaurant/Food,COMPLETED,,FamilyPass spending by Sakib Chowdhury at Sultan's Dine Kacchi,141439.12,140959.02,,,3546.29,3066.19,"{""owner_id"": 20, ""member_id"": 14, ""merchant"": ""Sultan's Dine Kacchi"", ""ground_truth_anomaly"": false}",True
TXN-20260424-000367,17,,5,2026-04-24 11:36:05,1016.42,MERCHANT_PAYMENT,PURPOSE_FUND,51,,Grocery,COMPLETED,,Payment to Chaldal Grocery Express via Farzana's Grocery Fund,13031.21,13031.21,8063.90,7047.48,,,"{""merchant"": ""Chaldal Grocery Express"", ""fund"": ""Farzana's Grocery Fund"", ""ground_truth_anomaly"": false}",False
TXN-20260424-000364,25,,24,2026-04-24 12:10:48,1378.82,MERCHANT_PAYMENT,PURPOSE_FUND,75,,Restaurant/Food,COMPLETED,,Payment to Takeout Gourmet Burgers via Arif's Restaurant/Food Fund,55378.93,55378.93,10108.09,8729.27,,,"{""merchant"": ""Takeout Gourmet Burgers"", ""fund"": ""Arif's Restaurant/Food Fund"", ""ground_truth_anomaly"": false}",False
TXN-20260424-000365,23,,23,2026-04-24 12:46:28,966.91,MERCHANT_PAYMENT,PURPOSE_FUND,69,,Restaurant/Food,COMPLETED,,Payment to Kacchi Bhai Biryani via Shafiqul's Restaurant/Food Fund,56231.09,56231.09,11046.57,10079.66,,,"{""merchant"": ""Kacchi Bhai Biryani"", ""fund"": ""Shafiqul's Restaurant/Food Fund"", ""ground_truth_anomaly"": false}",False
TXN-20260424-000362,2,,29,2026-04-24 12:55:07,354.97,MERCHANT_PAYMENT,PURPOSE_FUND,6,,Rent,COMPLETED,,Payment to Rangs Living Rent via Anisul's Rent Fund,67218.11,67218.11,25000.00,24645.03,,,"{""merchant"": ""Rangs Living Rent"", ""fund"": ""Anisul's Rent Fund"", ""ground_truth_anomaly"": false}",False
TXN-20260424-000371,19,,,2026-04-24 12:57:59,50.00,MOBILE_RECHARGE,NORMAL_WALLET,,,Recharge,COMPLETED,,Mobile Recharge to 01710000019,12574.96,12524.96,,,,,"{""operator"": ""Grameenphone"", ""ground_truth_anomaly"": false}",False
TXN-20260424-000366,17,,3,2026-04-24 13:33:10,700.41,MERCHANT_PAYMENT,FAMILY_PASS,,4,Grocery,COMPLETED,,FamilyPass spending by Farzana Haque at Unimart Hypermarket,67218.11,66517.70,,,7355.08,6654.67,"{""owner_id"": 2, ""member_id"": 17, ""merchant"": ""Unimart Hypermarket"", ""ground_truth_anomaly"": false}",False
TXN-ANOM-20260424-003135,20,,30,2026-04-24 14:12:00,17067.00,MERCHANT_PAYMENT,NORMAL_WALLET,,,Shopping,COMPLETED,,High value purchase at Aarong Lifestyle Retail,562184.88,545117.88,,,,,"{""ground_truth_anomaly"": true, ""anomaly_type"": ""LARGE_AMOUNT""}",True
TXN-20260424-000370,22,,30,2026-04-24 15:56:04,929.02,MERCHANT_PAYMENT,PURPOSE_FUND,68,,Shopping,COMPLETED,,Payment to Aarong Lifestyle Retail via Nafis's Shopping Fund,134023.98,134023.98,11731.85,10802.83,,,"{""merchant"": ""Aarong Lifestyle Retail"", ""fund"": ""Nafis's Shopping Fund"", ""ground_truth_anomaly"": false}",False
TXN-20260424-000375,9,,20,2026-04-24 16:11:44,142.43,MERCHANT_PAYMENT,PURPOSE_FUND,35,,Electricity,COMPLETED,,Payment to Link3 Internet Utilities via Shahidul's Electricity Fund,67676.99,67676.99,3270.13,3127.70,,,"{""merchant"": ""Link3 Internet Utilities"", ""fund"": ""Shahidul's Electricity Fund"", ""ground_truth_anomaly"": false}",False
TXN-20260424-000363,18,,30,2026-04-24 16:25:25,857.09,MERCHANT_PAYMENT,NORMAL_WALLET,,,Shopping,COMPLETED,,Payment to Aarong Lifestyle Retail from Normal Wallet,17620.66,16763.57,,,,,"{""merchant"": ""Aarong Lifestyle Retail"", ""ground_truth_anomaly"": false}",False
TXN-20260424-000357,21,9,,2026-04-24 16:33:57,300.00,SEND_MONEY,NORMAL_WALLET,,,Transfer,COMPLETED,,Sent money to Shahidul Islam,161085.48,160785.48,,,,,"{""recipient_phone"": ""01710000009"", ""ground_truth_anomaly"": false}",False
TXN-20260424-000359,14,,30,2026-04-24 17:30:52,1624.19,MERCHANT_PAYMENT,PURPOSE_FUND,46,,Shopping,COMPLETED,,Payment to Aarong Lifestyle Retail via Sakib's Shopping Fund,9731.45,9731.45,1624.19,0.00,,,"{""merchant"": ""Aarong Lifestyle Retail"", ""fund"": ""Sakib's Shopping Fund"", ""ground_truth_anomaly"": false}",False
TXN-20260424-000372,3,,,2026-04-24 19:09:34,500.00,MOBILE_RECHARGE,NORMAL_WALLET,,,Recharge,COMPLETED,,Mobile Recharge to 01710000003,60487.26,59987.26,,,,,"{""operator"": ""Grameenphone"", ""ground_truth_anomaly"": false}",False
TXN-REJ-20260424-003304,19,,30,2026-04-24 19:31:00,702.00,MERCHANT_PAYMENT,FAMILY_PASS,,9,Shopping,REJECTED,Category Restriction Mismatch: Merchant 'Aarong Lifestyle Retail' category 'Shopping' is not allowed for this FamilyPass.,Attempted FamilyPass spending at Aarong Lifestyle Retail,481695.88,481695.88,,,15000.00,15000.00,"{""ground_truth_anomaly"": false, ""policy_violation"": ""FAMILYPASS_CATEGORY_MISMATCH""}",False
TXN-20260424-000374,12,,26,2026-04-24 20:02:28,288.82,MERCHANT_PAYMENT,FAMILY_PASS,,5,Transport,COMPLETED,,FamilyPass spending by Rafid Kabir at Uber Bangladesh Mobility,59987.26,59698.44,,,3033.18,2744.36,"{""owner_id"": 3, ""member_id"": 12, ""merchant"": ""Uber Bangladesh Mobility"", ""ground_truth_anomaly"": false}",False
TXN-20260424-000361,2,,,2026-04-24 21:17:20,1000.00,CASH_OUT,NORMAL_WALLET,,,Cash Out,COMPLETED,,Agent Cash Out Withdrawal,68218.11,67218.11,,,,,"{""agent_code"": ""AGT-7712"", ""ground_truth_anomaly"": false}",False
TXN-20260424-000368,7,,25,2026-04-24 21:24:25,374.08,MERCHANT_PAYMENT,PURPOSE_FUND,28,,Transport,COMPLETED,,Payment to Shohoz Interdistrict Ride via Delwar's Transport Fund,60557.15,60557.15,3740.92,3366.84,,,"{""merchant"": ""Shohoz Interdistrict Ride"", ""fund"": ""Delwar's Transport Fund"", ""ground_truth_anomaly"": false}",False
TXN-20260424-000369,7,,,2026-04-24 22:23:44,200.00,MOBILE_RECHARGE,NORMAL_WALLET,,,Recharge,COMPLETED,,Mobile Recharge to 01710000007,60557.15,60357.15,,,,,"{""operator"": ""Grameenphone"", ""ground_truth_anomaly"": false}",False
TXN-20260425-000387,15,,25,2026-04-25 08:13:07,180.10,MERCHANT_PAYMENT,FAMILY_PASS,,10,Transport,COMPLETED,,FamilyPass spending by Zubair Ahmed at Shohoz Interdistrict Ride,55757.31,55577.21,,,2946.99,2766.89,"{""owner_id"": 23, ""member_id"": 15, ""merchant"": ""Shohoz Interdistrict Ride"", ""ground_truth_anomaly"": false}",False
TXN-20260425-000388,12,,27,2026-04-25 11:06:20,247.00,MERCHANT_PAYMENT,FAMILY_PASS,,5,Transport,COMPLETED,,FamilyPass spending by Rafid Kabir at Pathao Transportation,59698.44,59451.44,,,2744.36,2497.36,"{""owner_id"": 3, ""member_id"": 12, ""merchant"": ""Pathao Transportation"", ""ground_truth_anomaly"": false}",False
TXN-20260425-000384,5,,4,2026-04-25 11:21:30,1126.72,MERCHANT_PAYMENT,PURPOSE_FUND,17,,Grocery,COMPLETED,,Payment to Meena Bazar via Kamrul's Grocery Fund,52967.57,52967.57,13209.81,12083.09,,,"{""merchant"": ""Meena Bazar"", ""fund"": ""Kamrul's Grocery Fund"", ""ground_truth_anomaly"": false}",True
TXN-20260425-000378,19,,7,2026-04-25 12:16:18,694.54,MERCHANT_PAYMENT,PURPOSE_FUND,56,,Medicine,COMPLETED,,Payment to Labaid Pharmacy via Sadia's Medicine Fund,12524.96,12524.96,4302.94,3608.40,,,"{""merchant"": ""Labaid Pharmacy"", ""fund"": ""Sadia's Medicine Fund"", ""ground_truth_anomaly"": false}",False
TXN-20260425-000386,25,,30,2026-04-25 13:17:20,2033.11,MERCHANT_PAYMENT,PURPOSE_FUND,76,,Shopping,COMPLETED,,Payment to Aarong Lifestyle Retail via Arif's Shopping Fund,55378.93,55378.93,11137.80,9104.69,,,"{""merchant"": ""Aarong Lifestyle Retail"", ""fund"": ""Arif's Shopping Fund"", ""ground_truth_anomaly"": false}",False
TXN-REJ-20260425-003291,23,,10,2026-04-25 13:23:00,1528.00,MERCHANT_PAYMENT,PURPOSE_FUND,71,,Medicine,REJECTED,"Category Restriction Mismatch: Merchant 'Square Hospital Pharmacy' is registered as 'Medicine', but 'Shafiqul's Transport Fund' can ONLY be used for 'Transport' payments.",Attempted payment to Square Hospital Pharmacy via Shafiqul's Transport Fund,193471.73,193471.73,35955.35,35955.35,,,"{""ground_truth_anomaly"": false, ""policy_violation"": ""CATEGORY_RESTRICTION_ERROR""}",False
TXN-20260425-000393,18,,4,2026-04-25 13:28:38,480.02,MERCHANT_PAYMENT,PURPOSE_FUND,53,,Grocery,COMPLETED,,Payment to Meena Bazar via Rumana's Grocery Fund,16763.57,16763.57,9390.13,8910.11,,,"{""merchant"": ""Meena Bazar"", ""fund"": ""Rumana's Grocery Fund"", ""ground_truth_anomaly"": false}",False
TXN-20260425-000389,6,,4,2026-04-25 15:47:50,1168.47,MERCHANT_PAYMENT,PURPOSE_FUND,21,,Grocery,COMPLETED,,Payment to Meena Bazar via Zahid's Grocery Fund,66786.35,66786.35,17174.88,16006.41,,,"{""merchant"": ""Meena Bazar"", ""fund"": ""Zahid's Grocery Fund"", ""ground_truth_anomaly"": false}",False
TXN-20260425-000385,5,,5,2026-04-25 16:01:32,741.10,MERCHANT_PAYMENT,PURPOSE_FUND,17,,Grocery,COMPLETED,,Payment to Chaldal Grocery Express via Kamrul's Grocery Fund,52967.57,52967.57,12083.09,11341.99,,,"{""merchant"": ""Chaldal Grocery Express"", ""fund"": ""Kamrul's Grocery Fund"", ""ground_truth_anomaly"": false}",False
TXN-20260425-000382,4,,6,2026-04-25 17:48:26,1223.87,MERCHANT_PAYMENT,PURPOSE_FUND,13,,Grocery,COMPLETED,,Payment to Karwan Bazar Wholesale via Mahbub's Grocery Fund,63830.73,63830.73,22000.00,20776.13,,,"{""merchant"": ""Karwan Bazar Wholesale"", ""fund"": ""Mahbub's Grocery Fund"", ""ground_truth_anomaly"": false}",False
TXN-20260425-000392,17,,4,2026-04-25 17:56:24,899.46,MERCHANT_PAYMENT,FAMILY_PASS,,4,Grocery,COMPLETED,,FamilyPass spending by Farzana Haque at Meena Bazar,66517.70,65618.24,,,6654.67,5755.21,"{""owner_id"": 2, ""member_id"": 17, ""merchant"": ""Meena Bazar"", ""ground_truth_anomaly"": false}",False
TXN-20260425-000381,14,,24,2026-04-25 18:44:35,293.14,MERCHANT_PAYMENT,FAMILY_PASS,,8,Restaurant/Food,COMPLETED,,FamilyPass spending by Sakib Chowdhury at Takeout Gourmet Burgers,140959.02,140665.88,,,3066.19,2773.05,"{""owner_id"": 20, ""member_id"": 14, ""merchant"": ""Takeout Gourmet Burgers"", ""ground_truth_anomaly"": false}",False
TXN-20260425-000391,17,,5,2026-04-25 18:47:01,1355.27,MERCHANT_PAYMENT,PURPOSE_FUND,51,,Grocery,COMPLETED,,Payment to Chaldal Grocery Express via Farzana's Grocery Fund,13031.21,13031.21,7047.48,5692.21,,,"{""merchant"": ""Chaldal Grocery Express"", ""fund"": ""Farzana's Grocery Fund"", ""ground_truth_anomaly"": false}",False
TXN-20260425-000383,20,,2,2026-04-25 20:55:42,670.47,MERCHANT_PAYMENT,PURPOSE_FUND,57,,Grocery,COMPLETED,,Payment to Shwapno Superstore via Asif's Grocery Fund,140665.88,140665.88,24793.21,24122.74,,,"{""merchant"": ""Shwapno Superstore"", ""fund"": ""Asif's Grocery Fund"", ""ground_truth_anomaly"": false}",False
TXN-20260425-000379,23,,30,2026-04-25 21:20:57,473.78,MERCHANT_PAYMENT,NORMAL_WALLET,,,Shopping,COMPLETED,,Payment to Aarong Lifestyle Retail from Normal Wallet,56231.09,55757.31,,,,,"{""merchant"": ""Aarong Lifestyle Retail"", ""ground_truth_anomaly"": false}",False
TXN-ANOM-20260425-003231,24,,22,2026-04-25 21:25:00,3356.00,MERCHANT_PAYMENT,NORMAL_WALLET,,,Restaurant/Food,COMPLETED,,Large banquet charge at Star Kabab & Restaurant,198117.75,194761.75,,,,,"{""ground_truth_anomaly"": true, ""anomaly_type"": ""SPENDING_BURST""}",True
TXN-20260425-000380,1,,20,2026-04-25 21:34:05,208.96,MERCHANT_PAYMENT,PURPOSE_FUND,2,,Electricity,COMPLETED,,Payment to Link3 Internet Utilities via Tariq's Electricity Fund,63063.44,63063.44,2112.64,1903.68,,,"{""merchant"": ""Link3 Internet Utilities"", ""fund"": ""Tariq's Electricity Fund"", ""ground_truth_anomaly"": false}",False
TXN-20260425-000390,21,,28,2026-04-25 21:47:22,633.91,MERCHANT_PAYMENT,PURPOSE_FUND,62,,Rent,COMPLETED,,Payment to Eastern Housing Rental via Tanzeem's Rent Fund,160785.48,160785.48,44233.36,43599.45,,,"{""merchant"": ""Eastern Housing Rental"", ""fund"": ""Tanzeem's Rent Fund"", ""ground_truth_anomaly"": false}",False
TXN-20260426-000398,2,13,,2026-04-26 08:47:57,500.00,SEND_MONEY,NORMAL_WALLET,,,Transfer,COMPLETED,,Sent money to Nahian Hasan,65618.24,65118.24,,,,,"{""recipient_phone"": ""01710000013"", ""ground_truth_anomaly"": false}",False
TXN-20260426-000403,20,,29,2026-04-26 09:05:08,495.01,MERCHANT_PAYMENT,PURPOSE_FUND,58,,Rent,COMPLETED,,Payment to Rangs Living Rent via Asif's Rent Fund,140182.83,140182.83,38567.09,38072.08,,,"{""merchant"": ""Rangs Living Rent"", ""fund"": ""Asif's Rent Fund"", ""ground_truth_anomaly"": false}",False
TXN-20260426-000408,17,,10,2026-04-26 10:22:47,630.11,MERCHANT_PAYMENT,PURPOSE_FUND,52,,Medicine,COMPLETED,,Payment to Square Hospital Pharmacy via Farzana's Medicine Fund,13031.21,13031.21,3520.06,2889.95,,,"{""merchant"": ""Square Hospital Pharmacy"", ""fund"": ""Farzana's Medicine Fund"", ""ground_truth_anomaly"": false}",False
TXN-20260426-000404,13,,17,2026-04-26 11:38:29,804.40,MERCHANT_PAYMENT,FAMILY_PASS,,7,Education,COMPLETED,,FamilyPass spending by Nahian Hasan at Mastermind School,52967.57,52163.17,,,804.40,0.00,"{""owner_id"": 5, ""member_id"": 13, ""merchant"": ""Mastermind School"", ""ground_truth_anomaly"": false}",False
TXN-20260426-000409,17,,4,2026-04-26 13:54:47,1135.90,MERCHANT_PAYMENT,PURPOSE_FUND,51,,Grocery,COMPLETED,,Payment to Meena Bazar via Farzana's Grocery Fund,13031.21,13031.21,5692.21,4556.31,,,"{""merchant"": ""Meena Bazar"", ""fund"": ""Farzana's Grocery Fund"", ""ground_truth_anomaly"": false}",False
TXN-20260426-000395,15,,17,2026-04-26 14:18:31,1161.95,MERCHANT_PAYMENT,PURPOSE_FUND,47,,Education,COMPLETED,,Payment to Mastermind School via Zubair's Education Fund,8412.67,8412.67,1161.95,0.00,,,"{""merchant"": ""Mastermind School"", ""fund"": ""Zubair's Education Fund"", ""ground_truth_anomaly"": false}",False
TXN-20260426-000399,7,,9,2026-04-26 15:32:30,596.60,MERCHANT_PAYMENT,PURPOSE_FUND,27,,Medicine,COMPLETED,,Payment to Green Life Model Pharmacy via Delwar's Medicine Fund,60357.15,60357.15,5000.00,4403.40,,,"{""merchant"": ""Green Life Model Pharmacy"", ""fund"": ""Delwar's Medicine Fund"", ""ground_truth_anomaly"": false}",False
TXN-20260426-000405,6,,,2026-04-26 15:42:30,200.00,MOBILE_RECHARGE,NORMAL_WALLET,,,Recharge,COMPLETED,,Mobile Recharge to 01710000006,66786.35,66586.35,,,,,"{""operator"": ""Grameenphone"", ""ground_truth_anomaly"": false}",False
TXN-20260426-000394,24,,,2026-04-26 16:35:15,300.00,MOBILE_RECHARGE,NORMAL_WALLET,,,Recharge,COMPLETED,,Mobile Recharge to 01710000024,43296.73,42996.73,,,,,"{""operator"": ""Grameenphone"", ""ground_truth_anomaly"": false}",False
TXN-20260426-000396,23,,,2026-04-26 19:14:27,100.00,MOBILE_RECHARGE,NORMAL_WALLET,,,Recharge,COMPLETED,,Mobile Recharge to 01710000023,55577.21,55477.21,,,,,"{""operator"": ""Grameenphone"", ""ground_truth_anomaly"": false}",False
TXN-20260426-000402,5,,19,2026-04-26 19:43:27,601.70,MERCHANT_PAYMENT,PURPOSE_FUND,18,,Electricity,COMPLETED,,Payment to DPDC Electricity Payment via Kamrul's Electricity Fund,52967.57,52967.57,3048.02,2446.32,,,"{""merchant"": ""DPDC Electricity Payment"", ""fund"": ""Kamrul's Electricity Fund"", ""ground_truth_anomaly"": false}",False
TXN-20260426-000407,19,,30,2026-04-26 19:49:30,379.97,MERCHANT_PAYMENT,NORMAL_WALLET,,,Shopping,COMPLETED,,Payment to Aarong Lifestyle Retail from Normal Wallet,12524.96,12144.99,,,,,"{""merchant"": ""Aarong Lifestyle Retail"", ""ground_truth_anomaly"": false}",False
TXN-20260426-000400,10,,26,2026-04-26 19:52:41,202.89,MERCHANT_PAYMENT,PURPOSE_FUND,38,,Transport,COMPLETED,,Payment to Uber Bangladesh Mobility via Samiul's Transport Fund,6558.27,6558.27,2703.36,2500.47,,,"{""merchant"": ""Uber Bangladesh Mobility"", ""fund"": ""Samiul's Transport Fund"", ""ground_truth_anomaly"": false}",False
TXN-20260426-000397,14,,22,2026-04-26 20:19:16,483.05,MERCHANT_PAYMENT,FAMILY_PASS,,8,Restaurant/Food,COMPLETED,,FamilyPass spending by Sakib Chowdhury at Star Kabab & Restaurant,140665.88,140182.83,,,2773.05,2290.00,"{""owner_id"": 20, ""member_id"": 14, ""merchant"": ""Star Kabab & Restaurant"", ""ground_truth_anomaly"": false}",True
TXN-20260426-000406,12,,,2026-04-26 20:36:32,500.00,MOBILE_RECHARGE,NORMAL_WALLET,,,Recharge,COMPLETED,,Mobile Recharge to 01710000012,7698.32,7198.32,,,,,"{""operator"": ""Grameenphone"", ""ground_truth_anomaly"": false}",False
TXN-20260426-000410,22,,30,2026-04-26 21:02:19,1360.72,MERCHANT_PAYMENT,PURPOSE_FUND,68,,Shopping,COMPLETED,,Payment to Aarong Lifestyle Retail via Nafis's Shopping Fund,134023.98,134023.98,10802.83,9442.11,,,"{""merchant"": ""Aarong Lifestyle Retail"", ""fund"": ""Nafis's Shopping Fund"", ""ground_truth_anomaly"": false}",True
TXN-ANOM-20260426-003213,18,,23,2026-04-26 21:13:00,3558.00,MERCHANT_PAYMENT,NORMAL_WALLET,,,Restaurant/Food,COMPLETED,,Large banquet charge at Kacchi Bhai Biryani,47788.12,44230.12,,,,,"{""ground_truth_anomaly"": true, ""anomaly_type"": ""SPENDING_BURST""}",True
TXN-20260426-000401,5,,9,2026-04-26 22:43:10,650.73,MERCHANT_PAYMENT,PURPOSE_FUND,19,,Medicine,COMPLETED,,Payment to Green Life Model Pharmacy via Kamrul's Medicine Fund,52967.57,52967.57,5900.00,5249.27,,,"{""merchant"": ""Green Life Model Pharmacy"", ""fund"": ""Kamrul's Medicine Fund"", ""ground_truth_anomaly"": false}",False
TXN-ANOM-20260427-003217,16,,27,2026-04-27 02:13:00,2362.00,MERCHANT_PAYMENT,NORMAL_WALLET,,,Transport,COMPLETED,,Late night inter-district transport fare via Pathao Transportation,5251.51,2889.51,,,,,"{""ground_truth_anomaly"": true, ""anomaly_type"": ""UNUSUAL_TIME""}",False
TXN-20260427-000422,12,,25,2026-04-27 08:06:02,146.49,MERCHANT_PAYMENT,FAMILY_PASS,,5,Transport,COMPLETED,,FamilyPass spending by Rafid Kabir at Shohoz Interdistrict Ride,59451.44,59304.95,,,2497.36,2350.87,"{""owner_id"": 3, ""member_id"": 12, ""merchant"": ""Shohoz Interdistrict Ride"", ""ground_truth_anomaly"": false}",False
TXN-20260427-000428,5,9,,2026-04-27 08:20:21,500.00,SEND_MONEY,NORMAL_WALLET,,,Transfer,COMPLETED,,Sent money to Shahidul Islam,52163.17,51663.17,,,,,"{""recipient_phone"": ""01710000009"", ""ground_truth_anomaly"": false}",False
TXN-20260427-000420,7,,27,2026-04-27 09:22:02,497.00,MERCHANT_PAYMENT,PURPOSE_FUND,28,,Transport,COMPLETED,,Payment to Pathao Transportation via Delwar's Transport Fund,60357.15,60357.15,3366.84,2869.84,,,"{""merchant"": ""Pathao Transportation"", ""fund"": ""Delwar's Transport Fund"", ""ground_truth_anomaly"": false}",False
TXN-20260427-000418,22,,,2026-04-27 11:05:25,500.00,MOBILE_RECHARGE,NORMAL_WALLET,,,Recharge,COMPLETED,,Mobile Recharge to 01710000022,134023.98,133523.98,,,,,"{""operator"": ""Grameenphone"", ""ground_truth_anomaly"": false}",False
TXN-20260427-000416,8,9,,2026-04-27 11:41:21,1000.00,SEND_MONEY,NORMAL_WALLET,,,Transfer,COMPLETED,,Sent money to Shahidul Islam,86325.92,85325.92,,,,,"{""recipient_phone"": ""01710000009"", ""ground_truth_anomaly"": false}",False
TXN-20260427-000425,10,,16,2026-04-27 12:59:59,901.46,MERCHANT_PAYMENT,FAMILY_PASS,,1,Education,COMPLETED,,FamilyPass spending by Samiul Tariq at Daffodil University Tuition,63063.44,62161.98,,,901.46,0.00,"{""owner_id"": 1, ""member_id"": 10, ""merchant"": ""Daffodil University Tuition"", ""ground_truth_anomaly"": false}",False
TXN-20260427-000429,21,,1,2026-04-27 14:52:01,848.03,MERCHANT_PAYMENT,PURPOSE_FUND,61,,Grocery,COMPLETED,,Payment to Agora Super Shop via Tanzeem's Grocery Fund,160785.48,160785.48,32000.00,31151.97,,,"{""merchant"": ""Agora Super Shop"", ""fund"": ""Tanzeem's Grocery Fund"", ""ground_truth_anomaly"": false}",False
TXN-20260427-000423,24,,30,2026-04-27 15:17:59,1178.34,MERCHANT_PAYMENT,PURPOSE_FUND,73,,Shopping,COMPLETED,,Payment to Aarong Lifestyle Retail via Emon's Shopping Fund,42996.73,42996.73,6431.22,5252.88,,,"{""merchant"": ""Aarong Lifestyle Retail"", ""fund"": ""Emon's Shopping Fund"", ""ground_truth_anomaly"": false}",True
TXN-20260427-000421,12,,14,2026-04-27 15:19:32,4275.26,MERCHANT_PAYMENT,PURPOSE_FUND,41,,Education,COMPLETED,,Payment to Scholastica School via Rafid's Education Fund,7198.32,7198.32,4500.00,224.74,,,"{""merchant"": ""Scholastica School"", ""fund"": ""Rafid's Education Fund"", ""ground_truth_anomaly"": false}",False
TXN-20260427-000414,16,,30,2026-04-27 16:41:01,859.04,MERCHANT_PAYMENT,NORMAL_WALLET,,,Shopping,COMPLETED,,Payment to Aarong Lifestyle Retail from Normal Wallet,11078.24,10219.20,,,,,"{""merchant"": ""Aarong Lifestyle Retail"", ""ground_truth_anomaly"": false}",False
TXN-20260427-000424,23,,25,2026-04-27 16:56:53,615.25,MERCHANT_PAYMENT,NORMAL_WALLET,,,Transport,COMPLETED,,Payment to Shohoz Interdistrict Ride from Normal Wallet,55477.21,54861.96,,,,,"{""merchant"": ""Shohoz Interdistrict Ride"", ""ground_truth_anomaly"": false}",False
TXN-20260427-000412,2,14,,2026-04-27 18:36:31,500.00,SEND_MONEY,NORMAL_WALLET,,,Transfer,COMPLETED,,Sent money to Sakib Chowdhury,66118.24,65618.24,,,,,"{""recipient_phone"": ""01710000014"", ""ground_truth_anomaly"": false}",False
TXN-20260427-000415,25,,6,2026-04-27 18:53:08,1035.97,MERCHANT_PAYMENT,PURPOSE_FUND,77,,Grocery,COMPLETED,,Payment to Karwan Bazar Wholesale via Arif's Grocery Fund,55378.93,55378.93,8415.98,7380.01,,,"{""merchant"": ""Karwan Bazar Wholesale"", ""fund"": ""Arif's Grocery Fund"", ""ground_truth_anomaly"": false}",True
TXN-20260427-000426,10,,14,2026-04-27 20:19:55,5000.00,MERCHANT_PAYMENT,PURPOSE_FUND,37,,Education,COMPLETED,,Payment to Scholastica School via Samiul's Education Fund,6558.27,6558.27,5000.00,0.00,,,"{""merchant"": ""Scholastica School"", ""fund"": ""Samiul's Education Fund"", ""ground_truth_anomaly"": false}",False
TXN-20260427-000419,22,,,2026-04-27 20:24:32,300.00,MOBILE_RECHARGE,NORMAL_WALLET,,,Recharge,COMPLETED,,Mobile Recharge to 01710000022,133523.98,133223.98,,,,,"{""operator"": ""Grameenphone"", ""ground_truth_anomaly"": false}",False
TXN-20260427-000411,14,2,,2026-04-27 20:28:26,1000.00,SEND_MONEY,NORMAL_WALLET,,,Transfer,COMPLETED,,Sent money to Anisul Haque,9731.45,8731.45,,,,,"{""recipient_phone"": ""01710000002"", ""ground_truth_anomaly"": false}",False
TXN-20260427-000417,18,,2,2026-04-27 21:28:27,332.07,MERCHANT_PAYMENT,PURPOSE_FUND,53,,Grocery,COMPLETED,,Payment to Shwapno Superstore via Rumana's Grocery Fund,16763.57,16763.57,8910.11,8578.04,,,"{""merchant"": ""Shwapno Superstore"", ""fund"": ""Rumana's Grocery Fund"", ""ground_truth_anomaly"": false}",False
TXN-20260427-000427,1,,7,2026-04-27 22:03:44,386.97,MERCHANT_PAYMENT,PURPOSE_FUND,4,,Medicine,COMPLETED,,Payment to Labaid Pharmacy via Tariq's Medicine Fund,62161.98,62161.98,4647.08,4260.11,,,"{""merchant"": ""Labaid Pharmacy"", ""fund"": ""Tariq's Medicine Fund"", ""ground_truth_anomaly"": false}",False
TXN-20260427-000413,2,,,2026-04-27 22:08:24,100.00,MOBILE_RECHARGE,NORMAL_WALLET,,,Recharge,COMPLETED,,Mobile Recharge to 01710000002,65618.24,65518.24,,,,,"{""operator"": ""Grameenphone"", ""ground_truth_anomaly"": false}",False
TXN-20260428-000443,24,,24,2026-04-28 09:40:58,1049.37,MERCHANT_PAYMENT,PURPOSE_FUND,72,,Restaurant/Food,COMPLETED,,Payment to Takeout Gourmet Burgers via Emon's Restaurant/Food Fund,42496.73,42496.73,7274.44,6225.07,,,"{""merchant"": ""Takeout Gourmet Burgers"", ""fund"": ""Emon's Restaurant/Food Fund"", ""ground_truth_anomaly"": false}",False
TXN-20260428-000436,19,,1,2026-04-28 09:54:21,588.56,MERCHANT_PAYMENT,FAMILY_PASS,,9,Grocery,COMPLETED,,FamilyPass spending by Sadia Chowdhury at Agora Super Shop,139618.67,139030.11,,,14043.91,13455.35,"{""owner_id"": 20, ""member_id"": 19, ""merchant"": ""Agora Super Shop"", ""ground_truth_anomaly"": false}",False
TXN-20260428-000441,22,,,2026-04-28 11:52:01,500.00,MOBILE_RECHARGE,NORMAL_WALLET,,,Recharge,COMPLETED,,Mobile Recharge to 01710000022,133223.98,132723.98,,,,,"{""operator"": ""Grameenphone"", ""ground_truth_anomaly"": false}",False
TXN-20260428-000433,5,,20,2026-04-28 12:50:14,927.54,MERCHANT_PAYMENT,PURPOSE_FUND,18,,Electricity,COMPLETED,,Payment to Link3 Internet Utilities via Kamrul's Electricity Fund,51663.17,51663.17,2446.32,1518.78,,,"{""merchant"": ""Link3 Internet Utilities"", ""fund"": ""Kamrul's Electricity Fund"", ""ground_truth_anomaly"": false}",False
TXN-20260428-000432,23,,,2026-04-28 13:39:11,50.00,MOBILE_RECHARGE,NORMAL_WALLET,,,Recharge,COMPLETED,,Mobile Recharge to 01710000023,54861.96,54811.96,,,,,"{""operator"": ""Grameenphone"", ""ground_truth_anomaly"": false}",False
TXN-20260428-000440,17,16,,2026-04-28 14:40:44,300.00,SEND_MONEY,NORMAL_WALLET,,,Transfer,COMPLETED,,Sent money to Nasrin Rahman,13031.21,12731.21,,,,,"{""recipient_phone"": ""01710000016"", ""ground_truth_anomaly"": false}",False
TXN-20260428-000431,12,,16,2026-04-28 15:50:47,224.74,MERCHANT_PAYMENT,PURPOSE_FUND,41,,Education,COMPLETED,,Payment to Daffodil University Tuition via Rafid's Education Fund,7198.32,7198.32,224.74,0.00,,,"{""merchant"": ""Daffodil University Tuition"", ""fund"": ""Rafid's Education Fund"", ""ground_truth_anomaly"": false}",False
TXN-20260428-000434,5,9,,2026-04-28 16:06:00,1000.00,SEND_MONEY,NORMAL_WALLET,,,Transfer,COMPLETED,,Sent money to Shahidul Islam,51663.17,50663.17,,,,,"{""recipient_phone"": ""01710000009"", ""ground_truth_anomaly"": false}",False
TXN-20260428-000437,3,,,2026-04-28 16:08:35,50.00,MOBILE_RECHARGE,NORMAL_WALLET,,,Recharge,COMPLETED,,Mobile Recharge to 01710000003,59304.95,59254.95,,,,,"{""operator"": ""Grameenphone"", ""ground_truth_anomaly"": false}",False
TXN-ANOM-20260428-003113,14,,30,2026-04-28 18:13:00,9825.00,MERCHANT_PAYMENT,NORMAL_WALLET,,,Shopping,COMPLETED,,High value purchase at Aarong Lifestyle Retail,37491.38,27666.38,,,,,"{""ground_truth_anomaly"": true, ""anomaly_type"": ""LARGE_AMOUNT""}",True
TXN-20260428-000435,9,,7,2026-04-28 19:48:36,725.70,MERCHANT_PAYMENT,PURPOSE_FUND,36,,Medicine,COMPLETED,,Payment to Labaid Pharmacy via Shahidul's Medicine Fund,70176.99,70176.99,5749.62,5023.92,,,"{""merchant"": ""Labaid Pharmacy"", ""fund"": ""Shahidul's Medicine Fund"", ""ground_truth_anomaly"": false}",False
TXN-20260428-000439,4,,,2026-04-28 20:07:57,200.00,MOBILE_RECHARGE,NORMAL_WALLET,,,Recharge,COMPLETED,,Mobile Recharge to 01710000004,63830.73,63630.73,,,,,"{""operator"": ""Grameenphone"", ""ground_truth_anomaly"": false}",False
TXN-20260428-000444,25,,6,2026-04-28 20:30:34,1268.89,MERCHANT_PAYMENT,PURPOSE_FUND,77,,Grocery,COMPLETED,,Payment to Karwan Bazar Wholesale via Arif's Grocery Fund,55378.93,55378.93,7380.01,6111.12,,,"{""merchant"": ""Karwan Bazar Wholesale"", ""fund"": ""Arif's Grocery Fund"", ""ground_truth_anomaly"": false}",True
TXN-20260428-000438,7,,25,2026-04-28 21:29:11,383.01,MERCHANT_PAYMENT,PURPOSE_FUND,28,,Transport,COMPLETED,,Payment to Shohoz Interdistrict Ride via Delwar's Transport Fund,60357.15,60357.15,2869.84,2486.83,,,"{""merchant"": ""Shohoz Interdistrict Ride"", ""fund"": ""Delwar's Transport Fund"", ""ground_truth_anomaly"": false}",False
TXN-20260428-000430,14,,22,2026-04-28 21:48:11,564.16,MERCHANT_PAYMENT,FAMILY_PASS,,8,Restaurant/Food,COMPLETED,,FamilyPass spending by Sakib Chowdhury at Star Kabab & Restaurant,140182.83,139618.67,,,2290.00,1725.84,"{""owner_id"": 20, ""member_id"": 14, ""merchant"": ""Star Kabab & Restaurant"", ""ground_truth_anomaly"": false}",False
TXN-20260428-000442,24,,,2026-04-28 22:14:40,500.00,MOBILE_RECHARGE,NORMAL_WALLET,,,Recharge,COMPLETED,,Mobile Recharge to 01710000024,42996.73,42496.73,,,,,"{""operator"": ""Grameenphone"", ""ground_truth_anomaly"": false}",False
TXN-20260429-000462,7,,5,2026-04-29 09:21:06,1134.67,MERCHANT_PAYMENT,PURPOSE_FUND,25,,Grocery,COMPLETED,,Payment to Chaldal Grocery Express via Delwar's Grocery Fund,60357.15,60357.15,13426.13,12291.46,,,"{""merchant"": ""Chaldal Grocery Express"", ""fund"": ""Delwar's Grocery Fund"", ""ground_truth_anomaly"": false}",False
TXN-20260429-000445,10,,25,2026-04-29 09:41:18,510.11,MERCHANT_PAYMENT,PURPOSE_FUND,38,,Transport,COMPLETED,,Payment to Shohoz Interdistrict Ride via Samiul's Transport Fund,6558.27,6558.27,2500.47,1990.36,,,"{""merchant"": ""Shohoz Interdistrict Ride"", ""fund"": ""Samiul's Transport Fund"", ""ground_truth_anomaly"": false}",False
TXN-20260429-000448,19,,1,2026-04-29 10:06:01,811.25,MERCHANT_PAYMENT,PURPOSE_FUND,55,,Grocery,COMPLETED,,Payment to Agora Super Shop via Sadia's Grocery Fund,12144.99,12144.99,8598.41,7787.16,,,"{""merchant"": ""Agora Super Shop"", ""fund"": ""Sadia's Grocery Fund"", ""ground_truth_anomaly"": false}",False
TXN-20260429-000450,17,,9,2026-04-29 10:30:07,420.21,MERCHANT_PAYMENT,PURPOSE_FUND,52,,Medicine,COMPLETED,,Payment to Green Life Model Pharmacy via Farzana's Medicine Fund,12731.21,12731.21,2889.95,2469.74,,,"{""merchant"": ""Green Life Model Pharmacy"", ""fund"": ""Farzana's Medicine Fund"", ""ground_truth_anomaly"": false}",False
TXN-20260429-000452,1,,22,2026-04-29 11:45:15,466.73,MERCHANT_PAYMENT,NORMAL_WALLET,,,Restaurant/Food,COMPLETED,,Payment to Star Kabab & Restaurant from Normal Wallet,61961.98,61495.25,,,,,"{""merchant"": ""Star Kabab & Restaurant"", ""ground_truth_anomaly"": false}",False
TXN-20260429-000447,23,,27,2026-04-29 12:24:21,219.25,MERCHANT_PAYMENT,PURPOSE_FUND,71,,Transport,COMPLETED,,Payment to Pathao Transportation via Shafiqul's Transport Fund,54811.96,54811.96,5464.27,5245.02,,,"{""merchant"": ""Pathao Transportation"", ""fund"": ""Shafiqul's Transport Fund"", ""ground_truth_anomaly"": false}",False
TXN-20260429-000454,8,,12,2026-04-29 14:13:25,2853.42,MERCHANT_PAYMENT,PURPOSE_FUND,32,,Treatment,COMPLETED,,Payment to Evercare Hospital Lab via Saifur's Treatment Fund,85325.92,85325.92,3944.18,1090.76,,,"{""merchant"": ""Evercare Hospital Lab"", ""fund"": ""Saifur's Treatment Fund"", ""ground_truth_anomaly"": false}",False
TXN-REJ-20260429-003287,18,,26,2026-04-29 14:19:00,1026.00,MERCHANT_PAYMENT,FAMILY_PASS,,6,Transport,REJECTED,Category Restriction Mismatch: Merchant 'Uber Bangladesh Mobility' category 'Transport' is not allowed for this FamilyPass.,Attempted FamilyPass spending at Uber Bangladesh Mobility,166685.00,166685.00,,,12000.00,12000.00,"{""ground_truth_anomaly"": false, ""policy_violation"": ""FAMILYPASS_CATEGORY_MISMATCH""}",False
TXN-20260429-000461,14,,,2026-04-29 14:25:17,200.00,MOBILE_RECHARGE,NORMAL_WALLET,,,Recharge,COMPLETED,,Mobile Recharge to 01710000014,9231.45,9031.45,,,,,"{""operator"": ""Grameenphone"", ""ground_truth_anomaly"": false}",False
TXN-20260429-000459,2,,,2026-04-29 14:39:57,500.00,CASH_OUT,NORMAL_WALLET,,,Cash Out,COMPLETED,,Agent Cash Out Withdrawal,65518.24,65018.24,,,,,"{""agent_code"": ""AGT-7712"", ""ground_truth_anomaly"": false}",False
TXN-20260429-000455,15,,26,2026-04-29 15:43:44,265.41,MERCHANT_PAYMENT,PURPOSE_FUND,48,,Transport,COMPLETED,,Payment to Uber Bangladesh Mobility via Zubair's Transport Fund,8412.67,8412.67,2037.40,1771.99,,,"{""merchant"": ""Uber Bangladesh Mobility"", ""fund"": ""Zubair's Transport Fund"", ""ground_truth_anomaly"": false}",False
TXN-20260429-000464,6,,29,2026-04-29 16:09:42,474.15,MERCHANT_PAYMENT,PURPOSE_FUND,22,,Rent,COMPLETED,,Payment to Rangs Living Rent via Zahid's Rent Fund,66586.35,66586.35,22900.54,22426.39,,,"{""merchant"": ""Rangs Living Rent"", ""fund"": ""Zahid's Rent Fund"", ""ground_truth_anomaly"": false}",False
TXN-20260429-000456,18,,10,2026-04-29 16:15:59,577.08,MERCHANT_PAYMENT,FAMILY_PASS,,6,Medicine,COMPLETED,,FamilyPass spending by Rumana Alam at Square Hospital Pharmacy,63630.73,63053.65,,,8046.40,7469.32,"{""owner_id"": 4, ""member_id"": 18, ""merchant"": ""Square Hospital Pharmacy"", ""ground_truth_anomaly"": false}",False
TXN-20260429-000460,25,,23,2026-04-29 16:37:17,1359.15,MERCHANT_PAYMENT,PURPOSE_FUND,75,,Restaurant/Food,COMPLETED,,Payment to Kacchi Bhai Biryani via Arif's Restaurant/Food Fund,55378.93,55378.93,8729.27,7370.12,,,"{""merchant"": ""Kacchi Bhai Biryani"", ""fund"": ""Arif's Restaurant/Food Fund"", ""ground_truth_anomaly"": false}",False
TXN-20260429-000458,22,,,2026-04-29 19:15:02,200.00,MOBILE_RECHARGE,NORMAL_WALLET,,,Recharge,COMPLETED,,Mobile Recharge to 01710000022,132723.98,132523.98,,,,,"{""operator"": ""Grameenphone"", ""ground_truth_anomaly"": false}",False
TXN-20260429-000446,24,,23,2026-04-29 19:24:18,367.46,MERCHANT_PAYMENT,PURPOSE_FUND,72,,Restaurant/Food,COMPLETED,,Payment to Kacchi Bhai Biryani via Emon's Restaurant/Food Fund,42496.73,42496.73,6225.07,5857.61,,,"{""merchant"": ""Kacchi Bhai Biryani"", ""fund"": ""Emon's Restaurant/Food Fund"", ""ground_truth_anomaly"": false}",False
TXN-20260429-000453,12,,27,2026-04-29 19:27:17,307.65,MERCHANT_PAYMENT,PURPOSE_FUND,42,,Transport,COMPLETED,,Payment to Pathao Transportation via Rafid's Transport Fund,7198.32,7198.32,2347.82,2040.17,,,"{""merchant"": ""Pathao Transportation"", ""fund"": ""Rafid's Transport Fund"", ""ground_truth_anomaly"": false}",False
TXN-20260429-000451,1,,,2026-04-29 20:18:36,200.00,MOBILE_RECHARGE,NORMAL_WALLET,,,Recharge,COMPLETED,,Mobile Recharge to 01710000001,62161.98,61961.98,,,,,"{""operator"": ""Grameenphone"", ""ground_truth_anomaly"": false}",False
TXN-20260429-000457,22,,5,2026-04-29 20:20:50,824.32,MERCHANT_PAYMENT,PURPOSE_FUND,65,,Grocery,COMPLETED,,Payment to Chaldal Grocery Express via Nafis's Grocery Fund,132723.98,132723.98,25000.00,24175.68,,,"{""merchant"": ""Chaldal Grocery Express"", ""fund"": ""Nafis's Grocery Fund"", ""ground_truth_anomaly"": false}",True
TXN-20260429-000449,3,5,,2026-04-29 22:07:22,300.00,SEND_MONEY,NORMAL_WALLET,,,Transfer,COMPLETED,,Sent money to Kamrul Hasan,59254.95,58954.95,,,,,"{""recipient_phone"": ""01710000005"", ""ground_truth_anomaly"": false}",False
TXN-20260429-000463,7,,24,2026-04-29 22:27:40,579.56,MERCHANT_PAYMENT,NORMAL_WALLET,,,Restaurant/Food,COMPLETED,,Payment to Takeout Gourmet Burgers from Normal Wallet,60357.15,59777.59,,,,,"{""merchant"": ""Takeout Gourmet Burgers"", ""ground_truth_anomaly"": false}",False
TXN-20260430-000475,13,,25,2026-04-30 08:08:29,218.64,MERCHANT_PAYMENT,PURPOSE_FUND,44,,Transport,COMPLETED,,Payment to Shohoz Interdistrict Ride via Nahian's Transport Fund,6657.53,6657.53,1097.82,879.18,,,"{""merchant"": ""Shohoz Interdistrict Ride"", ""fund"": ""Nahian's Transport Fund"", ""ground_truth_anomaly"": false}",False
TXN-20260430-000465,4,,7,2026-04-30 11:21:58,459.44,MERCHANT_PAYMENT,PURPOSE_FUND,16,,Medicine,COMPLETED,,Payment to Labaid Pharmacy via Mahbub's Medicine Fund,63053.65,63053.65,6640.01,6180.57,,,"{""merchant"": ""Labaid Pharmacy"", ""fund"": ""Mahbub's Medicine Fund"", ""ground_truth_anomaly"": false}",False
TXN-20260430-000467,2,,29,2026-04-30 11:27:33,812.17,MERCHANT_PAYMENT,PURPOSE_FUND,6,,Rent,COMPLETED,,Payment to Rangs Living Rent via Anisul's Rent Fund,65018.24,65018.24,24645.03,23832.86,,,"{""merchant"": ""Rangs Living Rent"", ""fund"": ""Anisul's Rent Fund"", ""ground_truth_anomaly"": false}",False
TXN-20260430-000471,21,,24,2026-04-30 13:16:39,845.99,MERCHANT_PAYMENT,PURPOSE_FUND,63,,Restaurant/Food,COMPLETED,,Payment to Takeout Gourmet Burgers via Tanzeem's Restaurant/Food Fund,160785.48,160785.48,15837.76,14991.77,,,"{""merchant"": ""Takeout Gourmet Burgers"", ""fund"": ""Tanzeem's Restaurant/Food Fund"", ""ground_truth_anomaly"": false}",False
TXN-20260430-000472,20,,27,2026-04-30 14:10:51,620.34,MERCHANT_PAYMENT,NORMAL_WALLET,,,Transport,COMPLETED,,Payment to Pathao Transportation from Normal Wallet,139030.11,138409.77,,,,,"{""merchant"": ""Pathao Transportation"", ""ground_truth_anomaly"": false}",False
TXN-20260430-000478,6,,,2026-04-30 15:16:49,50.00,MOBILE_RECHARGE,NORMAL_WALLET,,,Recharge,COMPLETED,,Mobile Recharge to 01710000006,66586.35,66536.35,,,,,"{""operator"": ""Grameenphone"", ""ground_truth_anomaly"": false}",False
TXN-ANOM-20260430-003177,2,,13,2026-04-30 15:55:00,10084.00,MERCHANT_PAYMENT,NORMAL_WALLET,,,Treatment,COMPLETED,,Emergency diagnostic package at Popular Diagnostic Centre,241665.36,231581.36,,,,,"{""ground_truth_anomaly"": true, ""anomaly_type"": ""UNUSUAL_CATEGORY""}",True
TXN-20260430-000473,15,,25,2026-04-30 18:37:32,422.61,MERCHANT_PAYMENT,PURPOSE_FUND,48,,Transport,COMPLETED,,Payment to Shohoz Interdistrict Ride via Zubair's Transport Fund,8412.67,8412.67,1771.99,1349.38,,,"{""merchant"": ""Shohoz Interdistrict Ride"", ""fund"": ""Zubair's Transport Fund"", ""ground_truth_anomaly"": false}",False
TXN-20260430-000470,14,,23,2026-04-30 19:24:54,856.77,MERCHANT_PAYMENT,PURPOSE_FUND,45,,Restaurant/Food,COMPLETED,,Payment to Kacchi Bhai Biryani via Sakib's Restaurant/Food Fund,9031.45,9031.45,2824.62,1967.85,,,"{""merchant"": ""Kacchi Bhai Biryani"", ""fund"": ""Sakib's Restaurant/Food Fund"", ""ground_truth_anomaly"": false}",False
TXN-20260430-000466,7,,26,2026-04-30 19:41:25,477.03,MERCHANT_PAYMENT,PURPOSE_FUND,28,,Transport,COMPLETED,,Payment to Uber Bangladesh Mobility via Delwar's Transport Fund,59777.59,59777.59,2486.83,2009.80,,,"{""merchant"": ""Uber Bangladesh Mobility"", ""fund"": ""Delwar's Transport Fund"", ""ground_truth_anomaly"": false}",False
TXN-20260430-000468,12,,27,2026-04-30 20:25:02,153.59,MERCHANT_PAYMENT,PURPOSE_FUND,42,,Transport,COMPLETED,,Payment to Pathao Transportation via Rafid's Transport Fund,7198.32,7198.32,2040.17,1886.58,,,"{""merchant"": ""Pathao Transportation"", ""fund"": ""Rafid's Transport Fund"", ""ground_truth_anomaly"": false}",False
TXN-20260430-000477,18,23,,2026-04-30 20:53:43,1000.00,SEND_MONEY,NORMAL_WALLET,,,Transfer,COMPLETED,,Sent money to Shafiqul Huda,16763.57,15763.57,,,,,"{""recipient_phone"": ""01710000023"", ""ground_truth_anomaly"": false}",False
TXN-20260430-000469,25,,,2026-04-30 21:02:59,100.00,MOBILE_RECHARGE,NORMAL_WALLET,,,Recharge,COMPLETED,,Mobile Recharge to 01710000025,55378.93,55278.93,,,,,"{""operator"": ""Grameenphone"", ""ground_truth_anomaly"": false}",False
TXN-20260430-000476,13,,25,2026-04-30 21:10:05,340.37,MERCHANT_PAYMENT,PURPOSE_FUND,44,,Transport,COMPLETED,,Payment to Shohoz Interdistrict Ride via Nahian's Transport Fund,6657.53,6657.53,879.18,538.81,,,"{""merchant"": ""Shohoz Interdistrict Ride"", ""fund"": ""Nahian's Transport Fund"", ""ground_truth_anomaly"": false}",False
TXN-20260430-000479,1,,9,2026-04-30 21:35:37,720.15,MERCHANT_PAYMENT,PURPOSE_FUND,4,,Medicine,COMPLETED,,Payment to Green Life Model Pharmacy via Tariq's Medicine Fund,61495.25,61495.25,4260.11,3539.96,,,"{""merchant"": ""Green Life Model Pharmacy"", ""fund"": ""Tariq's Medicine Fund"", ""ground_truth_anomaly"": false}",False
TXN-20260430-000474,15,,25,2026-04-30 21:39:48,185.85,MERCHANT_PAYMENT,FAMILY_PASS,,10,Transport,COMPLETED,,FamilyPass spending by Zubair Ahmed at Shohoz Interdistrict Ride,54811.96,54626.11,,,2766.89,2581.04,"{""owner_id"": 23, ""member_id"": 15, ""merchant"": ""Shohoz Interdistrict Ride"", ""ground_truth_anomaly"": false}",False
TXN-20260501-000543,16,16,,2026-05-01 09:00:00,20472.04,CASH_IN,NORMAL_WALLET,,,Deposit,COMPLETED,,Monthly Salary / Bank Add Money,10519.20,30991.24,,,,,"{""source"": ""Bank Deposit"", ""ground_truth_anomaly"": false}",False
TXN-20260501-000531,12,12,,2026-05-01 09:01:00,10985.62,CASH_IN,NORMAL_WALLET,,,Deposit,COMPLETED,,Monthly Salary / Bank Add Money,7198.32,18183.94,,,,,"{""source"": ""Bank Deposit"", ""ground_truth_anomaly"": false}",False
TXN-20260501-000545,16,,,2026-05-01 09:05:00,4000.00,FUND_ALLOCATION,NORMAL_WALLET,50,,Medicine,COMPLETED,,Allocated ৳4000.00 to Nasrin's Medicine Fund,22991.24,18991.24,3610.67,7610.67,,,"{""fund_name"": ""Nasrin's Medicine Fund"", ""ground_truth_anomaly"": false}",False
TXN-20260501-000532,12,,,2026-05-01 09:06:00,4500.00,FUND_ALLOCATION,NORMAL_WALLET,41,,Education,COMPLETED,,Allocated ৳4500.00 to Rafid's Education Fund,18183.94,13683.94,0.00,4500.00,,,"{""fund_name"": ""Rafid's Education Fund"", ""ground_truth_anomaly"": false}",False
TXN-20260501-000565,22,22,,2026-05-01 09:09:00,163234.15,CASH_IN,NORMAL_WALLET,,,Deposit,COMPLETED,,Monthly Salary / Bank Add Money,132523.98,295758.13,,,,,"{""source"": ""Bank Deposit"", ""ground_truth_anomaly"": false}",False
TXN-20260501-000480,1,1,,2026-05-01 09:14:00,85705.08,CASH_IN,NORMAL_WALLET,,,Deposit,COMPLETED,,Monthly Salary / Bank Add Money,61495.25,147200.33,,,,,"{""source"": ""Bank Deposit"", ""ground_truth_anomaly"": false}",False
TXN-20260501-000533,12,,,2026-05-01 09:16:00,2500.00,FUND_ALLOCATION,NORMAL_WALLET,42,,Transport,COMPLETED,,Allocated ৳2500.00 to Rafid's Transport Fund,13683.94,11183.94,1886.58,4386.58,,,"{""fund_name"": ""Rafid's Transport Fund"", ""ground_truth_anomaly"": false}",False
TXN-20260501-000537,14,14,,2026-05-01 09:16:00,13973.47,CASH_IN,NORMAL_WALLET,,,Deposit,COMPLETED,,Monthly Salary / Bank Add Money,9031.45,23004.92,,,,,"{""source"": ""Bank Deposit"", ""ground_truth_anomaly"": false}",False
TXN-20260501-000569,22,,,2026-05-01 09:16:00,15000.00,FUND_ALLOCATION,NORMAL_WALLET,68,,Shopping,COMPLETED,,Allocated ৳15000.00 to Nafis's Shopping Fund,228758.13,213758.13,9442.11,24442.11,,,"{""fund_name"": ""Nafis's Shopping Fund"", ""ground_truth_anomaly"": false}",False
TXN-20260501-000544,16,,,2026-05-01 09:22:00,8000.00,FUND_ALLOCATION,NORMAL_WALLET,49,,Grocery,COMPLETED,,Allocated ৳8000.00 to Nasrin's Grocery Fund,30991.24,22991.24,6744.77,14744.77,,,"{""fund_name"": ""Nasrin's Grocery Fund"", ""ground_truth_anomaly"": false}",False
TXN-20260501-000567,22,,,2026-05-01 09:23:00,20000.00,FUND_ALLOCATION,NORMAL_WALLET,66,,Treatment,COMPLETED,,Allocated ৳20000.00 to Nafis's Treatment Fund,270758.13,250758.13,20000.00,40000.00,,,"{""fund_name"": ""Nafis's Treatment Fund"", ""ground_truth_anomaly"": false}",False
TXN-20260501-000568,22,,,2026-05-01 09:23:00,22000.00,FUND_ALLOCATION,NORMAL_WALLET,67,,Education,COMPLETED,,Allocated ৳22000.00 to Nafis's Education Fund,250758.13,228758.13,18703.19,40703.19,,,"{""fund_name"": ""Nafis's Education Fund"", ""ground_truth_anomaly"": false}",False
TXN-20260501-000574,24,24,,2026-05-01 09:23:00,55842.34,CASH_IN,NORMAL_WALLET,,,Deposit,COMPLETED,,Monthly Salary / Bank Add Money,42496.73,98339.07,,,,,"{""source"": ""Bank Deposit"", ""ground_truth_anomaly"": false}",False
TXN-20260501-000520,9,9,,2026-05-01 09:24:00,90061.01,CASH_IN,NORMAL_WALLET,,,Deposit,COMPLETED,,Monthly Salary / Bank Add Money,70176.99,160238.00,,,,,"{""source"": ""Bank Deposit"", ""ground_truth_anomaly"": false}",False
TXN-20260501-000566,22,,,2026-05-01 09:24:00,25000.00,FUND_ALLOCATION,NORMAL_WALLET,65,,Grocery,COMPLETED,,Allocated ৳25000.00 to Nafis's Grocery Fund,295758.13,270758.13,24175.68,49175.68,,,"{""fund_name"": ""Nafis's Grocery Fund"", ""ground_truth_anomaly"": false}",False
TXN-20260501-000539,14,,,2026-05-01 09:25:00,4000.00,FUND_ALLOCATION,NORMAL_WALLET,46,,Shopping,COMPLETED,,Allocated ৳4000.00 to Sakib's Shopping Fund,18004.92,14004.92,0.00,4000.00,,,"{""fund_name"": ""Sakib's Shopping Fund"", ""ground_truth_anomaly"": false}",False
TXN-20260501-000484,1,,,2026-05-01 09:31:00,6000.00,FUND_ALLOCATION,NORMAL_WALLET,4,,Medicine,COMPLETED,,Allocated ৳6000.00 to Tariq's Medicine Fund,112700.33,106700.33,3539.96,9539.96,,,"{""fund_name"": ""Tariq's Medicine Fund"", ""ground_truth_anomaly"": false}",False
TXN-20260501-000523,9,,,2026-05-01 09:32:00,4000.00,FUND_ALLOCATION,NORMAL_WALLET,35,,Electricity,COMPLETED,,Allocated ৳4000.00 to Shahidul's Electricity Fund,119238.00,115238.00,2633.84,6633.84,,,"{""fund_name"": ""Shahidul's Electricity Fund"", ""ground_truth_anomaly"": false}",False
TXN-20260501-000483,1,,,2026-05-01 09:36:00,12000.00,FUND_ALLOCATION,NORMAL_WALLET,3,,Education,COMPLETED,,Allocated ৳12000.00 to Tariq's Education Fund,124700.33,112700.33,12000.00,24000.00,,,"{""fund_name"": ""Tariq's Education Fund"", ""ground_truth_anomaly"": false}",False
TXN-20260501-000576,24,,,2026-05-01 09:36:00,11000.00,FUND_ALLOCATION,NORMAL_WALLET,73,,Shopping,COMPLETED,,Allocated ৳11000.00 to Emon's Shopping Fund,88339.07,77339.07,5252.88,16252.88,,,"{""fund_name"": ""Emon's Shopping Fund"", ""ground_truth_anomaly"": false}",False
TXN-20260501-000552,19,19,,2026-05-01 09:37:00,27975.95,CASH_IN,NORMAL_WALLET,,,Deposit,COMPLETED,,Monthly Salary / Bank Add Money,12144.99,40120.94,,,,,"{""source"": ""Bank Deposit"", ""ground_truth_anomaly"": false}",False
TXN-20260501-000575,24,,,2026-05-01 09:38:00,10000.00,FUND_ALLOCATION,NORMAL_WALLET,72,,Restaurant/Food,COMPLETED,,Allocated ৳10000.00 to Emon's Restaurant/Food Fund,98339.07,88339.07,5857.61,15857.61,,,"{""fund_name"": ""Emon's Restaurant/Food Fund"", ""ground_truth_anomaly"": false}",False
TXN-20260501-000577,24,,,2026-05-01 09:38:00,5000.00,FUND_ALLOCATION,NORMAL_WALLET,74,,Transport,COMPLETED,,Allocated ৳5000.00 to Emon's Transport Fund,77339.07,72339.07,5000.00,10000.00,,,"{""fund_name"": ""Emon's Transport Fund"", ""ground_truth_anomaly"": false}",False
TXN-20260501-000481,1,,,2026-05-01 09:39:00,18000.00,FUND_ALLOCATION,NORMAL_WALLET,1,,Grocery,COMPLETED,,Allocated ৳18000.00 to Tariq's Grocery Fund,147200.33,129200.33,18000.00,36000.00,,,"{""fund_name"": ""Tariq's Grocery Fund"", ""ground_truth_anomaly"": false}",False
TXN-20260501-000515,8,8,,2026-05-01 09:41:00,102592.90,CASH_IN,NORMAL_WALLET,,,Deposit,COMPLETED,,Monthly Salary / Bank Add Money,85325.92,187918.82,,,,,"{""source"": ""Bank Deposit"", ""ground_truth_anomaly"": false}",False
TXN-20260501-000540,15,15,,2026-05-01 09:41:00,10563.43,CASH_IN,NORMAL_WALLET,,,Deposit,COMPLETED,,Monthly Salary / Bank Add Money,8412.67,18976.10,,,,,"{""source"": ""Bank Deposit"", ""ground_truth_anomaly"": false}",False
TXN-20260501-000482,1,,,2026-05-01 09:42:00,4500.00,FUND_ALLOCATION,NORMAL_WALLET,2,,Electricity,COMPLETED,,Allocated ৳4500.00 to Tariq's Electricity Fund,129200.33,124700.33,1903.68,6403.68,,,"{""fund_name"": ""Tariq's Electricity Fund"", ""ground_truth_anomaly"": false}",False
TXN-20260501-000538,14,,,2026-05-01 09:44:00,5000.00,FUND_ALLOCATION,NORMAL_WALLET,45,,Restaurant/Food,COMPLETED,,Allocated ৳5000.00 to Sakib's Restaurant/Food Fund,23004.92,18004.92,1967.85,6967.85,,,"{""fund_name"": ""Sakib's Restaurant/Food Fund"", ""ground_truth_anomaly"": false}",False
TXN-20260501-000522,9,,,2026-05-01 09:45:00,22000.00,FUND_ALLOCATION,NORMAL_WALLET,34,,Rent,COMPLETED,,Allocated ৳22000.00 to Shahidul's Rent Fund,141238.00,119238.00,22000.00,44000.00,,,"{""fund_name"": ""Shahidul's Rent Fund"", ""ground_truth_anomaly"": false}",False
TXN-20260501-000524,9,,,2026-05-01 09:50:00,6000.00,FUND_ALLOCATION,NORMAL_WALLET,36,,Medicine,COMPLETED,,Allocated ৳6000.00 to Shahidul's Medicine Fund,115238.00,109238.00,5023.92,11023.92,,,"{""fund_name"": ""Shahidul's Medicine Fund"", ""ground_truth_anomaly"": false}",False
TXN-20260501-000554,19,,,2026-05-01 09:50:00,5000.00,FUND_ALLOCATION,NORMAL_WALLET,56,,Medicine,COMPLETED,,Allocated ৳5000.00 to Sadia's Medicine Fund,28120.94,23120.94,3608.40,8608.40,,,"{""fund_name"": ""Sadia's Medicine Fund"", ""ground_truth_anomaly"": false}",False
TXN-20260501-000570,23,23,,2026-05-01 09:50:00,65500.89,CASH_IN,NORMAL_WALLET,,,Deposit,COMPLETED,,Monthly Salary / Bank Add Money,55626.11,121127.00,,,,,"{""source"": ""Bank Deposit"", ""ground_truth_anomaly"": false}",False
TXN-20260501-000521,9,,,2026-05-01 09:51:00,19000.00,FUND_ALLOCATION,NORMAL_WALLET,33,,Grocery,COMPLETED,,Allocated ৳19000.00 to Shahidul's Grocery Fund,160238.00,141238.00,16036.44,35036.44,,,"{""fund_name"": ""Shahidul's Grocery Fund"", ""ground_truth_anomaly"": false}",False
TXN-20260501-000542,15,,,2026-05-01 09:51:00,2500.00,FUND_ALLOCATION,NORMAL_WALLET,48,,Transport,COMPLETED,,Allocated ৳2500.00 to Zubair's Transport Fund,14476.10,11976.10,1349.38,3849.38,,,"{""fund_name"": ""Zubair's Transport Fund"", ""ground_truth_anomaly"": false}",False
TXN-20260501-000578,25,25,,2026-05-01 09:51:00,70132.19,CASH_IN,NORMAL_WALLET,,,Deposit,COMPLETED,,Monthly Salary / Bank Add Money,55278.93,125411.12,,,,,"{""source"": ""Bank Deposit"", ""ground_truth_anomaly"": false}",False
TXN-20260501-000553,19,,,2026-05-01 09:54:00,12000.00,FUND_ALLOCATION,NORMAL_WALLET,55,,Grocery,COMPLETED,,Allocated ৳12000.00 to Sadia's Grocery Fund,40120.94,28120.94,7787.16,19787.16,,,"{""fund_name"": ""Sadia's Grocery Fund"", ""ground_truth_anomaly"": false}",False
TXN-20260501-000519,8,,,2026-05-01 09:55:00,10000.00,FUND_ALLOCATION,NORMAL_WALLET,32,,Treatment,COMPLETED,,Allocated ৳10000.00 to Saifur's Treatment Fund,144418.82,134418.82,1090.76,11090.76,,,"{""fund_name"": ""Saifur's Treatment Fund"", ""ground_truth_anomaly"": false}",False
TXN-20260501-000579,25,,,2026-05-01 09:56:00,13000.00,FUND_ALLOCATION,NORMAL_WALLET,75,,Restaurant/Food,COMPLETED,,Allocated ৳13000.00 to Arif's Restaurant/Food Fund,125411.12,112411.12,7370.12,20370.12,,,"{""fund_name"": ""Arif's Restaurant/Food Fund"", ""ground_truth_anomaly"": false}",False
TXN-20260501-000516,8,,,2026-05-01 09:57:00,20000.00,FUND_ALLOCATION,NORMAL_WALLET,29,,Grocery,COMPLETED,,Allocated ৳20000.00 to Saifur's Grocery Fund,187918.82,167918.82,20000.00,40000.00,,,"{""fund_name"": ""Saifur's Grocery Fund"", ""ground_truth_anomaly"": false}",False
TXN-20260501-000571,23,,,2026-05-01 09:58:00,12000.00,FUND_ALLOCATION,NORMAL_WALLET,69,,Restaurant/Food,COMPLETED,,Allocated ৳12000.00 to Shafiqul's Restaurant/Food Fund,121127.00,109127.00,10079.66,22079.66,,,"{""fund_name"": ""Shafiqul's Restaurant/Food Fund"", ""ground_truth_anomaly"": false}",False
TXN-20260501-000495,4,4,,2026-05-01 09:59:00,108778.17,CASH_IN,NORMAL_WALLET,,,Deposit,COMPLETED,,Monthly Salary / Bank Add Money,63053.65,171831.82,,,,,"{""source"": ""Bank Deposit"", ""ground_truth_anomaly"": false}",False
TXN-20260501-000518,8,,,2026-05-01 09:59:00,5500.00,FUND_ALLOCATION,NORMAL_WALLET,31,,Electricity,COMPLETED,,Allocated ৳5500.00 to Saifur's Electricity Fund,149918.82,144418.82,436.27,5936.27,,,"{""fund_name"": ""Saifur's Electricity Fund"", ""ground_truth_anomaly"": false}",False
TXN-20260501-000581,25,,,2026-05-01 10:01:00,10000.00,FUND_ALLOCATION,NORMAL_WALLET,77,,Grocery,COMPLETED,,Allocated ৳10000.00 to Arif's Grocery Fund,97411.12,87411.12,6111.12,16111.12,,,"{""fund_name"": ""Arif's Grocery Fund"", ""ground_truth_anomaly"": false}",False
TXN-20260501-000517,8,,,2026-05-01 10:04:00,18000.00,FUND_ALLOCATION,NORMAL_WALLET,30,,Education,COMPLETED,,Allocated ৳18000.00 to Saifur's Education Fund,167918.82,149918.82,4460.13,22460.13,,,"{""fund_name"": ""Saifur's Education Fund"", ""ground_truth_anomaly"": false}",False
TXN-20260501-000541,15,,,2026-05-01 10:04:00,4500.00,FUND_ALLOCATION,NORMAL_WALLET,47,,Education,COMPLETED,,Allocated ৳4500.00 to Zubair's Education Fund,18976.10,14476.10,0.00,4500.00,,,"{""fund_name"": ""Zubair's Education Fund"", ""ground_truth_anomaly"": false}",False
TXN-20260501-000580,25,,,2026-05-01 10:05:00,15000.00,FUND_ALLOCATION,NORMAL_WALLET,76,,Shopping,COMPLETED,,Allocated ৳15000.00 to Arif's Shopping Fund,112411.12,97411.12,9104.69,24104.69,,,"{""fund_name"": ""Arif's Shopping Fund"", ""ground_truth_anomaly"": false}",False
TXN-20260501-000498,4,,,2026-05-01 10:06:00,16000.00,FUND_ALLOCATION,NORMAL_WALLET,15,,Education,COMPLETED,,Allocated ৳16000.00 to Mahbub's Education Fund,119831.82,103831.82,6549.16,22549.16,,,"{""fund_name"": ""Mahbub's Education Fund"", ""ground_truth_anomaly"": false}",False
TXN-20260501-000499,4,,,2026-05-01 10:10:00,8000.00,FUND_ALLOCATION,NORMAL_WALLET,16,,Medicine,COMPLETED,,Allocated ৳8000.00 to Mahbub's Medicine Fund,103831.82,95831.82,6180.57,14180.57,,,"{""fund_name"": ""Mahbub's Medicine Fund"", ""ground_truth_anomaly"": false}",False
TXN-20260501-000572,23,,,2026-05-01 10:10:00,14000.00,FUND_ALLOCATION,NORMAL_WALLET,70,,Shopping,COMPLETED,,Allocated ৳14000.00 to Shafiqul's Shopping Fund,109127.00,95127.00,6595.05,20595.05,,,"{""fund_name"": ""Shafiqul's Shopping Fund"", ""ground_truth_anomaly"": false}",False
TXN-20260501-000598,8,,5,2026-05-01 10:13:57,1231.65,MERCHANT_PAYMENT,PURPOSE_FUND,29,,Grocery,COMPLETED,,Payment to Chaldal Grocery Express via Saifur's Grocery Fund,134418.82,134418.82,40000.00,38768.35,,,"{""merchant"": ""Chaldal Grocery Express"", ""fund"": ""Saifur's Grocery Fund"", ""ground_truth_anomaly"": false}",False
TXN-20260501-000505,6,6,,2026-05-01 10:14:00,89568.90,CASH_IN,NORMAL_WALLET,,,Deposit,COMPLETED,,Monthly Salary / Bank Add Money,66536.35,156105.25,,,,,"{""source"": ""Bank Deposit"", ""ground_truth_anomaly"": false}",False
TXN-20260501-000573,23,,,2026-05-01 10:15:00,6000.00,FUND_ALLOCATION,NORMAL_WALLET,71,,Transport,COMPLETED,,Allocated ৳6000.00 to Shafiqul's Transport Fund,95127.00,89127.00,5245.02,11245.02,,,"{""fund_name"": ""Shafiqul's Transport Fund"", ""ground_truth_anomaly"": false}",False
TXN-20260501-000496,4,,,2026-05-01 10:18:00,22000.00,FUND_ALLOCATION,NORMAL_WALLET,13,,Grocery,COMPLETED,,Allocated ৳22000.00 to Mahbub's Grocery Fund,171831.82,149831.82,20776.13,42776.13,,,"{""fund_name"": ""Mahbub's Grocery Fund"", ""ground_truth_anomaly"": false}",False
TXN-20260501-000497,4,,,2026-05-01 10:28:00,30000.00,FUND_ALLOCATION,NORMAL_WALLET,14,,Rent,COMPLETED,,Allocated ৳30000.00 to Mahbub's Rent Fund,149831.82,119831.82,30000.00,60000.00,,,"{""fund_name"": ""Mahbub's Rent Fund"", ""ground_truth_anomaly"": false}",False
TXN-20260501-000506,6,,,2026-05-01 10:31:00,18000.00,FUND_ALLOCATION,NORMAL_WALLET,21,,Grocery,COMPLETED,,Allocated ৳18000.00 to Zahid's Grocery Fund,156105.25,138105.25,16006.41,34006.41,,,"{""fund_name"": ""Zahid's Grocery Fund"", ""ground_truth_anomaly"": false}",False
TXN-20260501-000546,17,17,,2026-05-01 10:31:00,21748.92,CASH_IN,NORMAL_WALLET,,,Deposit,COMPLETED,,Monthly Salary / Bank Add Money,12731.21,34480.13,,,,,"{""source"": ""Bank Deposit"", ""ground_truth_anomaly"": false}",False
TXN-20260501-000509,6,,,2026-05-01 10:33:00,6000.00,FUND_ALLOCATION,NORMAL_WALLET,24,,Shopping,COMPLETED,,Allocated ৳6000.00 to Zahid's Shopping Fund,109605.25,103605.25,4827.38,10827.38,,,"{""fund_name"": ""Zahid's Shopping Fund"", ""ground_truth_anomaly"": false}",False
TXN-20260501-000534,13,13,,2026-05-01 10:36:00,9103.66,CASH_IN,NORMAL_WALLET,,,Deposit,COMPLETED,,Monthly Salary / Bank Add Money,6657.53,15761.19,,,,,"{""source"": ""Bank Deposit"", ""ground_truth_anomaly"": false}",False
TXN-20260501-000600,24,,,2026-05-01 10:37:40,500.00,MOBILE_RECHARGE,NORMAL_WALLET,,,Recharge,COMPLETED,,Mobile Recharge to 01710000024,72339.07,71839.07,,,,,"{""operator"": ""Grameenphone"", ""ground_truth_anomaly"": false}",False
TXN-20260501-000535,13,,,2026-05-01 10:41:00,4000.00,FUND_ALLOCATION,NORMAL_WALLET,43,,Education,COMPLETED,,Allocated ৳4000.00 to Nahian's Education Fund,15761.19,11761.19,0.00,4000.00,,,"{""fund_name"": ""Nahian's Education Fund"", ""ground_truth_anomaly"": false}",False
TXN-20260501-000507,6,,,2026-05-01 10:42:00,24000.00,FUND_ALLOCATION,NORMAL_WALLET,22,,Rent,COMPLETED,,Allocated ৳24000.00 to Zahid's Rent Fund,138105.25,114105.25,22426.39,46426.39,,,"{""fund_name"": ""Zahid's Rent Fund"", ""ground_truth_anomaly"": false}",False
TXN-20260501-000508,6,,,2026-05-01 10:42:00,4500.00,FUND_ALLOCATION,NORMAL_WALLET,23,,Electricity,COMPLETED,,Allocated ৳4500.00 to Zahid's Electricity Fund,114105.25,109605.25,0.00,4500.00,,,"{""fund_name"": ""Zahid's Electricity Fund"", ""ground_truth_anomaly"": false}",False
TXN-20260501-000536,13,,,2026-05-01 10:42:00,2000.00,FUND_ALLOCATION,NORMAL_WALLET,44,,Transport,COMPLETED,,Allocated ৳2000.00 to Nahian's Transport Fund,11761.19,9761.19,538.81,2538.81,,,"{""fund_name"": ""Nahian's Transport Fund"", ""ground_truth_anomaly"": false}",False
TXN-20260501-000548,17,,,2026-05-01 10:45:00,4500.00,FUND_ALLOCATION,NORMAL_WALLET,52,,Medicine,COMPLETED,,Allocated ৳4500.00 to Farzana's Medicine Fund,25480.13,20980.13,2469.74,6969.74,,,"{""fund_name"": ""Farzana's Medicine Fund"", ""ground_truth_anomaly"": false}",False
TXN-20260501-000490,3,3,,2026-05-01 10:58:00,77438.30,CASH_IN,NORMAL_WALLET,,,Deposit,COMPLETED,,Monthly Salary / Bank Add Money,58954.95,136393.25,,,,,"{""source"": ""Bank Deposit"", ""ground_truth_anomaly"": false}",False
TXN-20260501-000547,17,,,2026-05-01 11:00:00,9000.00,FUND_ALLOCATION,NORMAL_WALLET,51,,Grocery,COMPLETED,,Allocated ৳9000.00 to Farzana's Grocery Fund,34480.13,25480.13,4556.31,13556.31,,,"{""fund_name"": ""Farzana's Grocery Fund"", ""ground_truth_anomaly"": false}",False
TXN-20260501-000525,10,10,,2026-05-01 11:05:00,12005.54,CASH_IN,NORMAL_WALLET,,,Deposit,COMPLETED,,Monthly Salary / Bank Add Money,6558.27,18563.81,,,,,"{""source"": ""Bank Deposit"", ""ground_truth_anomaly"": false}",False
TXN-20260501-000527,10,,,2026-05-01 11:10:00,3000.00,FUND_ALLOCATION,NORMAL_WALLET,38,,Transport,COMPLETED,,Allocated ৳3000.00 to Samiul's Transport Fund,13563.81,10563.81,1990.36,4990.36,,,"{""fund_name"": ""Samiul's Transport Fund"", ""ground_truth_anomaly"": false}",False
TXN-20260501-000491,3,,,2026-05-01 11:12:00,16000.00,FUND_ALLOCATION,NORMAL_WALLET,9,,Grocery,COMPLETED,,Allocated ৳16000.00 to Farhan's Grocery Fund,136393.25,120393.25,15335.84,31335.84,,,"{""fund_name"": ""Farhan's Grocery Fund"", ""ground_truth_anomaly"": false}",False
TXN-20260501-000526,10,,,2026-05-01 11:14:00,5000.00,FUND_ALLOCATION,NORMAL_WALLET,37,,Education,COMPLETED,,Allocated ৳5000.00 to Samiul's Education Fund,18563.81,13563.81,0.00,5000.00,,,"{""fund_name"": ""Samiul's Education Fund"", ""ground_truth_anomaly"": false}",False
TXN-20260501-000528,11,11,,2026-05-01 11:17:00,10261.04,CASH_IN,NORMAL_WALLET,,,Deposit,COMPLETED,,Monthly Salary / Bank Add Money,6177.64,16438.68,,,,,"{""source"": ""Bank Deposit"", ""ground_truth_anomaly"": false}",False
TXN-20260501-000500,5,5,,2026-05-01 11:19:00,71399.05,CASH_IN,NORMAL_WALLET,,,Deposit,COMPLETED,,Monthly Salary / Bank Add Money,50963.17,122362.22,,,,,"{""source"": ""Bank Deposit"", ""ground_truth_anomaly"": false}",False
TXN-20260501-000493,3,,,2026-05-01 11:21:00,4000.00,FUND_ALLOCATION,NORMAL_WALLET,11,,Electricity,COMPLETED,,Allocated ৳4000.00 to Farhan's Electricity Fund,106393.25,102393.25,2201.07,6201.07,,,"{""fund_name"": ""Farhan's Electricity Fund"", ""ground_truth_anomaly"": false}",False
TXN-20260501-000529,11,,,2026-05-01 11:24:00,4000.00,FUND_ALLOCATION,NORMAL_WALLET,39,,Education,COMPLETED,,Allocated ৳4000.00 to Tanvir's Education Fund,16438.68,12438.68,0.00,4000.00,,,"{""fund_name"": ""Tanvir's Education Fund"", ""ground_truth_anomaly"": false}",False
TXN-20260501-000494,3,,,2026-05-01 11:25:00,5000.00,FUND_ALLOCATION,NORMAL_WALLET,12,,Transport,COMPLETED,,Allocated ৳5000.00 to Farhan's Transport Fund,102393.25,97393.25,5000.00,10000.00,,,"{""fund_name"": ""Farhan's Transport Fund"", ""ground_truth_anomaly"": false}",False
TXN-20260501-000492,3,,,2026-05-01 11:26:00,14000.00,FUND_ALLOCATION,NORMAL_WALLET,10,,Education,COMPLETED,,Allocated ৳14000.00 to Farhan's Education Fund,120393.25,106393.25,14000.00,28000.00,,,"{""fund_name"": ""Farhan's Education Fund"", ""ground_truth_anomaly"": false}",False
TXN-20260501-000503,5,,,2026-05-01 11:31:00,6000.00,FUND_ALLOCATION,NORMAL_WALLET,19,,Medicine,COMPLETED,,Allocated ৳6000.00 to Kamrul's Medicine Fund,103162.22,97162.22,5249.27,11249.27,,,"{""fund_name"": ""Kamrul's Medicine Fund"", ""ground_truth_anomaly"": false}",False
TXN-20260501-000549,18,18,,2026-05-01 11:33:00,24692.84,CASH_IN,NORMAL_WALLET,,,Deposit,COMPLETED,,Monthly Salary / Bank Add Money,15763.57,40456.41,,,,,"{""source"": ""Bank Deposit"", ""ground_truth_anomaly"": false}",False
TXN-20260501-000504,5,,,2026-05-01 11:36:00,10000.00,FUND_ALLOCATION,NORMAL_WALLET,20,,Education,COMPLETED,,Allocated ৳10000.00 to Kamrul's Education Fund,97162.22,87162.22,0.00,10000.00,,,"{""fund_name"": ""Kamrul's Education Fund"", ""ground_truth_anomaly"": false}",False
TXN-20260501-000551,18,,,2026-05-01 11:38:00,5000.00,FUND_ALLOCATION,NORMAL_WALLET,54,,Shopping,COMPLETED,,Allocated ৳5000.00 to Rumana's Shopping Fund,30456.41,25456.41,0.00,5000.00,,,"{""fund_name"": ""Rumana's Shopping Fund"", ""ground_truth_anomaly"": false}",False
TXN-20260501-000530,11,,,2026-05-01 11:41:00,3000.00,FUND_ALLOCATION,NORMAL_WALLET,40,,Restaurant/Food,COMPLETED,,Allocated ৳3000.00 to Tanvir's Restaurant/Food Fund,12438.68,9438.68,0.00,3000.00,,,"{""fund_name"": ""Tanvir's Restaurant/Food Fund"", ""ground_truth_anomaly"": false}",False
TXN-20260501-000501,5,,,2026-05-01 11:42:00,15000.00,FUND_ALLOCATION,NORMAL_WALLET,17,,Grocery,COMPLETED,,Allocated ৳15000.00 to Kamrul's Grocery Fund,122362.22,107362.22,11341.99,26341.99,,,"{""fund_name"": ""Kamrul's Grocery Fund"", ""ground_truth_anomaly"": false}",False
TXN-20260501-000560,21,21,,2026-05-01 11:44:00,208235.52,CASH_IN,NORMAL_WALLET,,,Deposit,COMPLETED,,Monthly Salary / Bank Add Money,160785.48,369021.00,,,,,"{""source"": ""Bank Deposit"", ""ground_truth_anomaly"": false}",False
TXN-20260501-000502,5,,,2026-05-01 11:49:00,4200.00,FUND_ALLOCATION,NORMAL_WALLET,18,,Electricity,COMPLETED,,Allocated ৳4200.00 to Kamrul's Electricity Fund,107362.22,103162.22,1518.78,5718.78,,,"{""fund_name"": ""Kamrul's Electricity Fund"", ""ground_truth_anomaly"": false}",False
TXN-20260501-000555,20,20,,2026-05-01 11:49:00,183863.21,CASH_IN,NORMAL_WALLET,,,Deposit,COMPLETED,,Monthly Salary / Bank Add Money,138409.77,322272.98,,,,,"{""source"": ""Bank Deposit"", ""ground_truth_anomaly"": false}",False
TXN-20260501-000550,18,,,2026-05-01 11:50:00,10000.00,FUND_ALLOCATION,NORMAL_WALLET,53,,Grocery,COMPLETED,,Allocated ৳10000.00 to Rumana's Grocery Fund,40456.41,30456.41,8578.04,18578.04,,,"{""fund_name"": ""Rumana's Grocery Fund"", ""ground_truth_anomaly"": false}",False
TXN-20260501-000485,2,2,,2026-05-01 11:51:00,92719.26,CASH_IN,NORMAL_WALLET,,,Deposit,COMPLETED,,Monthly Salary / Bank Add Money,65018.24,157737.50,,,,,"{""source"": ""Bank Deposit"", ""ground_truth_anomaly"": false}",False
TXN-20260501-000563,21,,,2026-05-01 11:52:00,18000.00,FUND_ALLOCATION,NORMAL_WALLET,63,,Restaurant/Food,COMPLETED,,Allocated ৳18000.00 to Tanzeem's Restaurant/Food Fund,292021.00,274021.00,14991.77,32991.77,,,"{""fund_name"": ""Tanzeem's Restaurant/Food Fund"", ""ground_truth_anomaly"": false}",False
TXN-20260501-000510,7,7,,2026-05-01 11:55:00,68845.66,CASH_IN,NORMAL_WALLET,,,Deposit,COMPLETED,,Monthly Salary / Bank Add Money,59777.59,128623.25,,,,,"{""source"": ""Bank Deposit"", ""ground_truth_anomaly"": false}",False
TXN-20260501-000557,20,,,2026-05-01 11:57:00,40000.00,FUND_ALLOCATION,NORMAL_WALLET,58,,Rent,COMPLETED,,Allocated ৳40000.00 to Asif's Rent Fund,294272.98,254272.98,38072.08,78072.08,,,"{""fund_name"": ""Asif's Rent Fund"", ""ground_truth_anomaly"": false}",False
TXN-20260501-000564,21,,,2026-05-01 11:57:00,22000.00,FUND_ALLOCATION,NORMAL_WALLET,64,,Shopping,COMPLETED,,Allocated ৳22000.00 to Tanzeem's Shopping Fund,274021.00,252021.00,17480.48,39480.48,,,"{""fund_name"": ""Tanzeem's Shopping Fund"", ""ground_truth_anomaly"": false}",False
TXN-20260501-000486,2,,,2026-05-01 12:01:00,20000.00,FUND_ALLOCATION,NORMAL_WALLET,5,,Grocery,COMPLETED,,Allocated ৳20000.00 to Anisul's Grocery Fund,157737.50,137737.50,17151.89,37151.89,,,"{""fund_name"": ""Anisul's Grocery Fund"", ""ground_truth_anomaly"": false}",False
TXN-20260501-000511,7,,,2026-05-01 12:01:00,15000.00,FUND_ALLOCATION,NORMAL_WALLET,25,,Grocery,COMPLETED,,Allocated ৳15000.00 to Delwar's Grocery Fund,128623.25,113623.25,12291.46,27291.46,,,"{""fund_name"": ""Delwar's Grocery Fund"", ""ground_truth_anomaly"": false}",False
TXN-20260501-000512,7,,,2026-05-01 12:01:00,3800.00,FUND_ALLOCATION,NORMAL_WALLET,26,,Electricity,COMPLETED,,Allocated ৳3800.00 to Delwar's Electricity Fund,113623.25,109823.25,2057.00,5857.00,,,"{""fund_name"": ""Delwar's Electricity Fund"", ""ground_truth_anomaly"": false}",False
TXN-20260501-000556,20,,,2026-05-01 12:01:00,28000.00,FUND_ALLOCATION,NORMAL_WALLET,57,,Grocery,COMPLETED,,Allocated ৳28000.00 to Asif's Grocery Fund,322272.98,294272.98,24122.74,52122.74,,,"{""fund_name"": ""Asif's Grocery Fund"", ""ground_truth_anomaly"": false}",False
TXN-20260501-000559,20,,,2026-05-01 12:02:00,15000.00,FUND_ALLOCATION,NORMAL_WALLET,60,,Treatment,COMPLETED,,Allocated ৳15000.00 to Asif's Treatment Fund,234272.98,219272.98,15000.00,30000.00,,,"{""fund_name"": ""Asif's Treatment Fund"", ""ground_truth_anomaly"": false}",False
TXN-20260501-000487,2,,,2026-05-01 12:06:00,25000.00,FUND_ALLOCATION,NORMAL_WALLET,6,,Rent,COMPLETED,,Allocated ৳25000.00 to Anisul's Rent Fund,137737.50,112737.50,23832.86,48832.86,,,"{""fund_name"": ""Anisul's Rent Fund"", ""ground_truth_anomaly"": false}",False
TXN-20260501-000514,7,,,2026-05-01 12:09:00,4000.00,FUND_ALLOCATION,NORMAL_WALLET,28,,Transport,COMPLETED,,Allocated ৳4000.00 to Delwar's Transport Fund,104823.25,100823.25,2009.80,6009.80,,,"{""fund_name"": ""Delwar's Transport Fund"", ""ground_truth_anomaly"": false}",False
TXN-20260501-000558,20,,,2026-05-01 12:10:00,20000.00,FUND_ALLOCATION,NORMAL_WALLET,59,,Shopping,COMPLETED,,Allocated ৳20000.00 to Asif's Shopping Fund,254272.98,234272.98,20000.00,40000.00,,,"{""fund_name"": ""Asif's Shopping Fund"", ""ground_truth_anomaly"": false}",False
TXN-20260501-000562,21,,,2026-05-01 12:11:00,45000.00,FUND_ALLOCATION,NORMAL_WALLET,62,,Rent,COMPLETED,,Allocated ৳45000.00 to Tanzeem's Rent Fund,337021.00,292021.00,43599.45,88599.45,,,"{""fund_name"": ""Tanzeem's Rent Fund"", ""ground_truth_anomaly"": false}",False
TXN-20260501-000488,2,,,2026-05-01 12:12:00,5000.00,FUND_ALLOCATION,NORMAL_WALLET,7,,Electricity,COMPLETED,,Allocated ৳5000.00 to Anisul's Electricity Fund,112737.50,107737.50,632.15,5632.15,,,"{""fund_name"": ""Anisul's Electricity Fund"", ""ground_truth_anomaly"": false}",False
TXN-20260501-000561,21,,,2026-05-01 12:12:00,32000.00,FUND_ALLOCATION,NORMAL_WALLET,61,,Grocery,COMPLETED,,Allocated ৳32000.00 to Tanzeem's Grocery Fund,369021.00,337021.00,31151.97,63151.97,,,"{""fund_name"": ""Tanzeem's Grocery Fund"", ""ground_truth_anomaly"": false}",False
TXN-20260501-000513,7,,,2026-05-01 12:13:00,5000.00,FUND_ALLOCATION,NORMAL_WALLET,27,,Medicine,COMPLETED,,Allocated ৳5000.00 to Delwar's Medicine Fund,109823.25,104823.25,4403.40,9403.40,,,"{""fund_name"": ""Delwar's Medicine Fund"", ""ground_truth_anomaly"": false}",False
TXN-20260501-000489,2,,,2026-05-01 12:14:00,5000.00,FUND_ALLOCATION,NORMAL_WALLET,8,,Medicine,COMPLETED,,Allocated ৳5000.00 to Anisul's Medicine Fund,107737.50,102737.50,5000.00,10000.00,,,"{""fund_name"": ""Anisul's Medicine Fund"", ""ground_truth_anomaly"": false}",False
TXN-20260501-000594,25,,,2026-05-01 12:14:54,2000.00,CASH_OUT,NORMAL_WALLET,,,Cash Out,COMPLETED,,Agent Cash Out Withdrawal,87411.12,85411.12,,,,,"{""agent_code"": ""AGT-7712"", ""ground_truth_anomaly"": false}",False
TXN-20260501-000601,13,,16,2026-05-01 12:43:11,4000.00,MERCHANT_PAYMENT,PURPOSE_FUND,43,,Education,COMPLETED,,Payment to Daffodil University Tuition via Nahian's Education Fund,9761.19,9761.19,4000.00,0.00,,,"{""merchant"": ""Daffodil University Tuition"", ""fund"": ""Nahian's Education Fund"", ""ground_truth_anomaly"": false}",False
TXN-20260501-000596,11,,23,2026-05-01 12:50:24,345.80,MERCHANT_PAYMENT,FAMILY_PASS,,3,Restaurant/Food,COMPLETED,,FamilyPass spending by Tanvir Haque at Kacchi Bhai Biryani,102737.50,102391.70,,,3500.00,3154.20,"{""owner_id"": 2, ""member_id"": 11, ""merchant"": ""Kacchi Bhai Biryani"", ""ground_truth_anomaly"": false}",True
TXN-20260501-000586,16,,9,2026-05-01 14:26:20,556.02,MERCHANT_PAYMENT,PURPOSE_FUND,50,,Medicine,COMPLETED,,Payment to Green Life Model Pharmacy via Nasrin's Medicine Fund,18991.24,18991.24,7610.67,7054.65,,,"{""merchant"": ""Green Life Model Pharmacy"", ""fund"": ""Nasrin's Medicine Fund"", ""ground_truth_anomaly"": false}",False
TXN-20260501-000588,1,9,,2026-05-01 14:35:07,1000.00,SEND_MONEY,NORMAL_WALLET,,,Transfer,COMPLETED,,Sent money to Shahidul Islam,106700.33,105700.33,,,,,"{""recipient_phone"": ""01710000009"", ""ground_truth_anomaly"": false}",False
TXN-20260501-000587,20,,30,2026-05-01 15:36:22,1742.56,MERCHANT_PAYMENT,PURPOSE_FUND,59,,Shopping,COMPLETED,,Payment to Aarong Lifestyle Retail via Asif's Shopping Fund,219272.98,219272.98,40000.00,38257.44,,,"{""merchant"": ""Aarong Lifestyle Retail"", ""fund"": ""Asif's Shopping Fund"", ""ground_truth_anomaly"": false}",True
TXN-20260501-000585,18,3,,2026-05-01 16:32:39,300.00,SEND_MONEY,NORMAL_WALLET,,,Transfer,COMPLETED,,Sent money to Farhan Kabir,25456.41,25156.41,,,,,"{""recipient_phone"": ""01710000003"", ""ground_truth_anomaly"": false}",False
TXN-20260501-000589,3,,6,2026-05-01 18:34:24,589.84,MERCHANT_PAYMENT,PURPOSE_FUND,9,,Grocery,COMPLETED,,Payment to Karwan Bazar Wholesale via Farhan's Grocery Fund,97693.25,97693.25,31335.84,30746.00,,,"{""merchant"": ""Karwan Bazar Wholesale"", ""fund"": ""Farhan's Grocery Fund"", ""ground_truth_anomaly"": false}",False
TXN-20260501-000602,13,,26,2026-05-01 19:14:22,447.88,MERCHANT_PAYMENT,PURPOSE_FUND,44,,Transport,COMPLETED,,Payment to Uber Bangladesh Mobility via Nahian's Transport Fund,9761.19,9761.19,2538.81,2090.93,,,"{""merchant"": ""Uber Bangladesh Mobility"", ""fund"": ""Nahian's Transport Fund"", ""ground_truth_anomaly"": false}",False
TXN-20260501-000583,9,,,2026-05-01 19:57:26,50.00,MOBILE_RECHARGE,NORMAL_WALLET,,,Recharge,COMPLETED,,Mobile Recharge to 01710000009,109238.00,109188.00,,,,,"{""operator"": ""Grameenphone"", ""ground_truth_anomaly"": false}",False
TXN-20260501-000591,4,9,,2026-05-01 20:04:23,300.00,SEND_MONEY,NORMAL_WALLET,,,Transfer,COMPLETED,,Sent money to Shahidul Islam,95831.82,95531.82,,,,,"{""recipient_phone"": ""01710000009"", ""ground_truth_anomaly"": false}",False
TXN-20260501-000592,5,,19,2026-05-01 20:31:03,689.36,MERCHANT_PAYMENT,PURPOSE_FUND,18,,Electricity,COMPLETED,,Payment to DPDC Electricity Payment via Kamrul's Electricity Fund,87162.22,87162.22,5718.78,5029.42,,,"{""merchant"": ""DPDC Electricity Payment"", ""fund"": ""Kamrul's Electricity Fund"", ""ground_truth_anomaly"": false}",False
TXN-20260501-000599,24,,30,2026-05-01 20:31:55,2086.50,MERCHANT_PAYMENT,PURPOSE_FUND,73,,Shopping,COMPLETED,,Payment to Aarong Lifestyle Retail via Emon's Shopping Fund,72339.07,72339.07,16252.88,14166.38,,,"{""merchant"": ""Aarong Lifestyle Retail"", ""fund"": ""Emon's Shopping Fund"", ""ground_truth_anomaly"": false}",False
TXN-20260501-000582,2,,18,2026-05-01 20:43:16,689.91,MERCHANT_PAYMENT,PURPOSE_FUND,7,,Electricity,COMPLETED,,Payment to DESCO Prepaid Utility via Anisul's Electricity Fund,102737.50,102737.50,5632.15,4942.24,,,"{""merchant"": ""DESCO Prepaid Utility"", ""fund"": ""Anisul's Electricity Fund"", ""ground_truth_anomaly"": false}",False
TXN-20260501-000595,25,,6,2026-05-01 20:44:39,522.24,MERCHANT_PAYMENT,PURPOSE_FUND,77,,Grocery,COMPLETED,,Payment to Karwan Bazar Wholesale via Arif's Grocery Fund,85411.12,85411.12,16111.12,15588.88,,,"{""merchant"": ""Karwan Bazar Wholesale"", ""fund"": ""Arif's Grocery Fund"", ""ground_truth_anomaly"": false}",False
TXN-20260501-000593,6,17,,2026-05-01 21:11:31,500.00,SEND_MONEY,NORMAL_WALLET,,,Transfer,COMPLETED,,Sent money to Farzana Haque,103605.25,103105.25,,,,,"{""recipient_phone"": ""01710000017"", ""ground_truth_anomaly"": false}",False
TXN-ANOM-20260501-003148,23,,21,2026-05-01 21:15:00,3356.00,MERCHANT_PAYMENT,NORMAL_WALLET,,,Restaurant/Food,COMPLETED,,Large banquet charge at Sultan's Dine Kacchi,225890.73,222534.73,,,,,"{""ground_truth_anomaly"": true, ""anomaly_type"": ""SPENDING_BURST""}",True
TXN-20260501-000597,15,,15,2026-05-01 21:44:21,4500.00,MERCHANT_PAYMENT,PURPOSE_FUND,47,,Education,COMPLETED,,Payment to Sunnydale Academy via Zubair's Education Fund,11976.10,11976.10,4500.00,0.00,,,"{""merchant"": ""Sunnydale Academy"", ""fund"": ""Zubair's Education Fund"", ""ground_truth_anomaly"": false}",False
TXN-20260501-000584,14,,22,2026-05-01 21:54:23,1266.78,MERCHANT_PAYMENT,PURPOSE_FUND,45,,Restaurant/Food,COMPLETED,,Payment to Star Kabab & Restaurant via Sakib's Restaurant/Food Fund,14004.92,14004.92,6967.85,5701.07,,,"{""merchant"": ""Star Kabab & Restaurant"", ""fund"": ""Sakib's Restaurant/Food Fund"", ""ground_truth_anomaly"": false}",False
TXN-20260501-000590,4,,6,2026-05-01 21:58:32,467.26,MERCHANT_PAYMENT,PURPOSE_FUND,13,,Grocery,COMPLETED,,Payment to Karwan Bazar Wholesale via Mahbub's Grocery Fund,95831.82,95831.82,42776.13,42308.87,,,"{""merchant"": ""Karwan Bazar Wholesale"", ""fund"": ""Mahbub's Grocery Fund"", ""ground_truth_anomaly"": false}",True
TXN-20260502-000619,1,,,2026-05-02 08:27:23,300.00,MOBILE_RECHARGE,NORMAL_WALLET,,,Recharge,COMPLETED,,Mobile Recharge to 01710000001,105700.33,105400.33,,,,,"{""operator"": ""Grameenphone"", ""ground_truth_anomaly"": false}",False
TXN-20260502-000607,25,,,2026-05-02 08:34:01,2000.00,CASH_OUT,NORMAL_WALLET,,,Cash Out,COMPLETED,,Agent Cash Out Withdrawal,85411.12,83411.12,,,,,"{""agent_code"": ""AGT-7712"", ""ground_truth_anomaly"": false}",False
TXN-20260502-000616,18,,7,2026-05-02 08:34:21,667.57,MERCHANT_PAYMENT,FAMILY_PASS,,6,Medicine,COMPLETED,,FamilyPass spending by Rumana Alam at Labaid Pharmacy,95531.82,94864.25,,,12000.00,11332.43,"{""owner_id"": 4, ""member_id"": 18, ""merchant"": ""Labaid Pharmacy"", ""ground_truth_anomaly"": false}",False
TXN-20260502-000620,1,,7,2026-05-02 09:33:33,218.64,MERCHANT_PAYMENT,PURPOSE_FUND,4,,Medicine,COMPLETED,,Payment to Labaid Pharmacy via Tariq's Medicine Fund,105400.33,105400.33,9539.96,9321.32,,,"{""merchant"": ""Labaid Pharmacy"", ""fund"": ""Tariq's Medicine Fund"", ""ground_truth_anomaly"": false}",False
TXN-20260502-000615,14,,23,2026-05-02 09:50:42,534.13,MERCHANT_PAYMENT,FAMILY_PASS,,8,Restaurant/Food,COMPLETED,,FamilyPass spending by Sakib Chowdhury at Kacchi Bhai Biryani,219272.98,218738.85,,,6000.00,5465.87,"{""owner_id"": 20, ""member_id"": 14, ""merchant"": ""Kacchi Bhai Biryani"", ""ground_truth_anomaly"": false}",False
TXN-20260502-000604,6,,,2026-05-02 10:44:11,300.00,MOBILE_RECHARGE,NORMAL_WALLET,,,Recharge,COMPLETED,,Mobile Recharge to 01710000006,103105.25,102805.25,,,,,"{""operator"": ""Grameenphone"", ""ground_truth_anomaly"": false}",False
TXN-20260502-000614,24,,26,2026-05-02 11:32:09,186.76,MERCHANT_PAYMENT,PURPOSE_FUND,74,,Transport,COMPLETED,,Payment to Uber Bangladesh Mobility via Emon's Transport Fund,71539.07,71539.07,10000.00,9813.24,,,"{""merchant"": ""Uber Bangladesh Mobility"", ""fund"": ""Emon's Transport Fund"", ""ground_truth_anomaly"": false}",False
TXN-20260502-000612,19,,2,2026-05-02 11:41:12,573.21,MERCHANT_PAYMENT,PURPOSE_FUND,55,,Grocery,COMPLETED,,Payment to Shwapno Superstore via Sadia's Grocery Fund,23120.94,23120.94,19787.16,19213.95,,,"{""merchant"": ""Shwapno Superstore"", ""fund"": ""Sadia's Grocery Fund"", ""ground_truth_anomaly"": false}",False
TXN-20260502-000610,15,,25,2026-05-02 12:16:19,380.22,MERCHANT_PAYMENT,FAMILY_PASS,,10,Transport,COMPLETED,,FamilyPass spending by Zubair Ahmed at Shohoz Interdistrict Ride,89127.00,88746.78,,,3500.00,3119.78,"{""owner_id"": 23, ""member_id"": 15, ""merchant"": ""Shohoz Interdistrict Ride"", ""ground_truth_anomaly"": false}",False
TXN-20260502-000613,24,2,,2026-05-02 12:30:19,300.00,SEND_MONEY,NORMAL_WALLET,,,Transfer,COMPLETED,,Sent money to Anisul Haque,71839.07,71539.07,,,,,"{""recipient_phone"": ""01710000002"", ""ground_truth_anomaly"": false}",False
TXN-20260502-000617,8,,14,2026-05-02 13:16:15,3467.33,MERCHANT_PAYMENT,PURPOSE_FUND,30,,Education,COMPLETED,,Payment to Scholastica School via Saifur's Education Fund,134418.82,134418.82,22460.13,18992.80,,,"{""merchant"": ""Scholastica School"", ""fund"": ""Saifur's Education Fund"", ""ground_truth_anomaly"": false}",False
TXN-20260502-000603,3,,,2026-05-02 16:42:52,300.00,MOBILE_RECHARGE,NORMAL_WALLET,,,Recharge,COMPLETED,,Mobile Recharge to 01710000003,97693.25,97393.25,,,,,"{""operator"": ""Grameenphone"", ""ground_truth_anomaly"": false}",False
TXN-ANOM-20260502-003248,22,,13,2026-05-02 17:14:00,12346.00,MERCHANT_PAYMENT,NORMAL_WALLET,,,Treatment,COMPLETED,,Emergency diagnostic package at Popular Diagnostic Centre,378652.75,366306.75,,,,,"{""ground_truth_anomaly"": true, ""anomaly_type"": ""UNUSUAL_CATEGORY""}",True
TXN-20260502-000611,16,,3,2026-05-02 18:06:09,881.86,MERCHANT_PAYMENT,PURPOSE_FUND,49,,Grocery,COMPLETED,,Payment to Unimart Hypermarket via Nasrin's Grocery Fund,18991.24,18991.24,14744.77,13862.91,,,"{""merchant"": ""Unimart Hypermarket"", ""fund"": ""Nasrin's Grocery Fund"", ""ground_truth_anomaly"": false}",True
TXN-20260502-000605,6,,30,2026-05-02 18:33:05,2186.51,MERCHANT_PAYMENT,PURPOSE_FUND,24,,Shopping,COMPLETED,,Payment to Aarong Lifestyle Retail via Zahid's Shopping Fund,102805.25,102805.25,10827.38,8640.87,,,"{""merchant"": ""Aarong Lifestyle Retail"", ""fund"": ""Zahid's Shopping Fund"", ""ground_truth_anomaly"": false}",True
TXN-20260502-000608,5,,,2026-05-02 19:50:46,100.00,MOBILE_RECHARGE,NORMAL_WALLET,,,Recharge,COMPLETED,,Mobile Recharge to 01710000005,87162.22,87062.22,,,,,"{""operator"": ""Grameenphone"", ""ground_truth_anomaly"": false}",False
TXN-20260502-000609,5,,,2026-05-02 21:17:20,50.00,MOBILE_RECHARGE,NORMAL_WALLET,,,Recharge,COMPLETED,,Mobile Recharge to 01710000005,87062.22,87012.22,,,,,"{""operator"": ""Grameenphone"", ""ground_truth_anomaly"": false}",False
TXN-20260502-000618,8,,22,2026-05-02 21:19:57,493.59,MERCHANT_PAYMENT,NORMAL_WALLET,,,Restaurant/Food,COMPLETED,,Payment to Star Kabab & Restaurant from Normal Wallet,134418.82,133925.23,,,,,"{""merchant"": ""Star Kabab & Restaurant"", ""ground_truth_anomaly"": false}",False
TXN-20260502-000606,25,,6,2026-05-02 21:51:58,956.70,MERCHANT_PAYMENT,PURPOSE_FUND,77,,Grocery,COMPLETED,,Payment to Karwan Bazar Wholesale via Arif's Grocery Fund,85411.12,85411.12,15588.88,14632.18,,,"{""merchant"": ""Karwan Bazar Wholesale"", ""fund"": ""Arif's Grocery Fund"", ""ground_truth_anomaly"": false}",False
TXN-20260502-000621,2,,,2026-05-02 23:57:05,50.00,MOBILE_RECHARGE,NORMAL_WALLET,,,Recharge,COMPLETED,,Mobile Recharge to 01710000002,102691.70,102641.70,,,,,"{""operator"": ""Grameenphone"", ""ground_truth_anomaly"": false}",False
TXN-20260503-000634,13,,14,2026-05-03 10:10:47,1854.67,MERCHANT_PAYMENT,FAMILY_PASS,,7,Education,COMPLETED,,FamilyPass spending by Nahian Hasan at Scholastica School,87012.22,85157.55,,,3000.00,1145.33,"{""owner_id"": 5, ""member_id"": 13, ""merchant"": ""Scholastica School"", ""ground_truth_anomaly"": false}",False
TXN-20260503-000637,19,,6,2026-05-03 10:49:31,1045.86,MERCHANT_PAYMENT,FAMILY_PASS,,9,Grocery,COMPLETED,,FamilyPass spending by Sadia Chowdhury at Karwan Bazar Wholesale,218396.10,217350.24,,,15000.00,13954.14,"{""owner_id"": 20, ""member_id"": 19, ""merchant"": ""Karwan Bazar Wholesale"", ""ground_truth_anomaly"": false}",False
TXN-20260503-000623,12,,26,2026-05-03 11:56:14,169.92,MERCHANT_PAYMENT,FAMILY_PASS,,5,Transport,COMPLETED,,FamilyPass spending by Rafid Kabir at Uber Bangladesh Mobility,97393.25,97223.33,,,4000.00,3830.08,"{""owner_id"": 3, ""member_id"": 12, ""merchant"": ""Uber Bangladesh Mobility"", ""ground_truth_anomaly"": false}",False
TXN-20260503-000631,25,,,2026-05-03 13:01:31,2000.00,CASH_OUT,NORMAL_WALLET,,,Cash Out,COMPLETED,,Agent Cash Out Withdrawal,83411.12,81411.12,,,,,"{""agent_code"": ""AGT-7712"", ""ground_truth_anomaly"": false}",False
TXN-20260503-000628,3,,30,2026-05-03 14:03:04,316.15,MERCHANT_PAYMENT,NORMAL_WALLET,,,Shopping,COMPLETED,,Payment to Aarong Lifestyle Retail from Normal Wallet,97223.33,96907.18,,,,,"{""merchant"": ""Aarong Lifestyle Retail"", ""ground_truth_anomaly"": false}",False
TXN-20260503-000624,9,19,,2026-05-03 14:36:48,300.00,SEND_MONEY,NORMAL_WALLET,,,Transfer,COMPLETED,,Sent money to Sadia Chowdhury,110488.00,110188.00,,,,,"{""recipient_phone"": ""01710000019"", ""ground_truth_anomaly"": false}",False
TXN-20260503-000625,5,,16,2026-05-03 16:13:14,5842.11,MERCHANT_PAYMENT,PURPOSE_FUND,20,,Education,COMPLETED,,Payment to Daffodil University Tuition via Kamrul's Education Fund,87012.22,87012.22,10000.00,4157.89,,,"{""merchant"": ""Daffodil University Tuition"", ""fund"": ""Kamrul's Education Fund"", ""ground_truth_anomaly"": false}",False
TXN-20260503-000622,12,,25,2026-05-03 18:07:59,337.91,MERCHANT_PAYMENT,PURPOSE_FUND,42,,Transport,COMPLETED,,Payment to Shohoz Interdistrict Ride via Rafid's Transport Fund,11183.94,11183.94,4386.58,4048.67,,,"{""merchant"": ""Shohoz Interdistrict Ride"", ""fund"": ""Rafid's Transport Fund"", ""ground_truth_anomaly"": false}",False
TXN-20260503-000635,18,,,2026-05-03 18:26:14,200.00,MOBILE_RECHARGE,NORMAL_WALLET,,,Recharge,COMPLETED,,Mobile Recharge to 01710000018,25156.41,24956.41,,,,,"{""operator"": ""Grameenphone"", ""ground_truth_anomaly"": false}",False
TXN-20260503-000626,14,,22,2026-05-03 18:32:18,342.75,MERCHANT_PAYMENT,FAMILY_PASS,,8,Restaurant/Food,COMPLETED,,FamilyPass spending by Sakib Chowdhury at Star Kabab & Restaurant,218738.85,218396.10,,,5465.87,5123.12,"{""owner_id"": 20, ""member_id"": 14, ""merchant"": ""Star Kabab & Restaurant"", ""ground_truth_anomaly"": false}",True
TXN-20260503-000629,16,15,,2026-05-03 19:12:45,1500.00,SEND_MONEY,NORMAL_WALLET,,,Transfer,COMPLETED,,Sent money to Zubair Ahmed,18991.24,17491.24,,,,,"{""recipient_phone"": ""01710000015"", ""ground_truth_anomaly"": false}",False
TXN-20260503-000632,8,,19,2026-05-03 19:22:20,235.29,MERCHANT_PAYMENT,PURPOSE_FUND,31,,Electricity,COMPLETED,,Payment to DPDC Electricity Payment via Saifur's Electricity Fund,133925.23,133925.23,5936.27,5700.98,,,"{""merchant"": ""DPDC Electricity Payment"", ""fund"": ""Saifur's Electricity Fund"", ""ground_truth_anomaly"": false}",False
TXN-20260503-000627,17,,1,2026-05-03 20:00:06,665.24,MERCHANT_PAYMENT,FAMILY_PASS,,4,Grocery,COMPLETED,,FamilyPass spending by Farzana Haque at Agora Super Shop,102641.70,101976.46,,,10000.00,9334.76,"{""owner_id"": 2, ""member_id"": 17, ""merchant"": ""Agora Super Shop"", ""ground_truth_anomaly"": false}",True
TXN-20260503-000630,7,14,,2026-05-03 20:49:57,300.00,SEND_MONEY,NORMAL_WALLET,,,Transfer,COMPLETED,,Sent money to Sakib Chowdhury,100823.25,100523.25,,,,,"{""recipient_phone"": ""01710000014"", ""ground_truth_anomaly"": false}",False
TXN-ANOM-20260503-003195,13,,23,2026-05-03 21:18:00,2768.00,MERCHANT_PAYMENT,NORMAL_WALLET,,,Restaurant/Food,COMPLETED,,Large banquet charge at Kacchi Bhai Biryani,18097.53,15329.53,,,,,"{""ground_truth_anomaly"": true, ""anomaly_type"": ""SPENDING_BURST""}",True
TXN-20260503-000633,2,,8,2026-05-03 21:27:41,356.96,MERCHANT_PAYMENT,PURPOSE_FUND,8,,Medicine,COMPLETED,,Payment to Tamanna Pharmacy via Anisul's Medicine Fund,101976.46,101976.46,10000.00,9643.04,,,"{""merchant"": ""Tamanna Pharmacy"", ""fund"": ""Anisul's Medicine Fund"", ""ground_truth_anomaly"": false}",False
TXN-20260503-000636,15,,21,2026-05-03 22:12:11,475.80,MERCHANT_PAYMENT,NORMAL_WALLET,,,Restaurant/Food,COMPLETED,,Payment to Sultan's Dine Kacchi from Normal Wallet,13476.10,13000.30,,,,,"{""merchant"": ""Sultan's Dine Kacchi"", ""ground_truth_anomaly"": false}",False
TXN-20260504-000639,16,,,2026-05-04 10:22:50,300.00,MOBILE_RECHARGE,NORMAL_WALLET,,,Recharge,COMPLETED,,Mobile Recharge to 01710000016,17173.22,16873.22,,,,,"{""operator"": ""Grameenphone"", ""ground_truth_anomaly"": false}",False
TXN-20260504-000643,3,,16,2026-05-04 11:07:02,3597.71,MERCHANT_PAYMENT,PURPOSE_FUND,10,,Education,COMPLETED,,Payment to Daffodil University Tuition via Farhan's Education Fund,96907.18,96907.18,28000.00,24402.29,,,"{""merchant"": ""Daffodil University Tuition"", ""fund"": ""Farhan's Education Fund"", ""ground_truth_anomaly"": false}",False
TXN-20260504-000649,6,,6,2026-05-04 12:17:37,560.23,MERCHANT_PAYMENT,PURPOSE_FUND,21,,Grocery,COMPLETED,,Payment to Karwan Bazar Wholesale via Zahid's Grocery Fund,102425.58,102425.58,34006.41,33446.18,,,"{""merchant"": ""Karwan Bazar Wholesale"", ""fund"": ""Zahid's Grocery Fund"", ""ground_truth_anomaly"": false}",False
TXN-20260504-000648,6,,30,2026-05-04 12:35:44,379.67,MERCHANT_PAYMENT,NORMAL_WALLET,,,Shopping,COMPLETED,,Payment to Aarong Lifestyle Retail from Normal Wallet,102805.25,102425.58,,,,,"{""merchant"": ""Aarong Lifestyle Retail"", ""ground_truth_anomaly"": false}",False
TXN-20260504-000642,1,,24,2026-05-04 13:19:30,442.20,MERCHANT_PAYMENT,NORMAL_WALLET,,,Restaurant/Food,COMPLETED,,Payment to Takeout Gourmet Burgers from Normal Wallet,105400.33,104958.13,,,,,"{""merchant"": ""Takeout Gourmet Burgers"", ""ground_truth_anomaly"": false}",False
TXN-20260504-000641,4,,,2026-05-04 13:33:34,50.00,MOBILE_RECHARGE,NORMAL_WALLET,,,Recharge,COMPLETED,,Mobile Recharge to 01710000004,94864.25,94814.25,,,,,"{""operator"": ""Grameenphone"", ""ground_truth_anomaly"": false}",False
TXN-20260504-000654,24,,30,2026-05-04 14:56:54,1328.57,MERCHANT_PAYMENT,PURPOSE_FUND,73,,Shopping,COMPLETED,,Payment to Aarong Lifestyle Retail via Emon's Shopping Fund,71539.07,71539.07,14166.38,12837.81,,,"{""merchant"": ""Aarong Lifestyle Retail"", ""fund"": ""Emon's Shopping Fund"", ""ground_truth_anomaly"": false}",False
TXN-ANOM-20260504-003143,10,,12,2026-05-04 16:32:00,13647.00,MERCHANT_PAYMENT,NORMAL_WALLET,,,Treatment,COMPLETED,,Emergency diagnostic package at Evercare Hospital Lab,14573.43,926.43,,,,,"{""ground_truth_anomaly"": true, ""anomaly_type"": ""UNUSUAL_CATEGORY""}",True
TXN-20260504-000645,21,,23,2026-05-04 17:35:15,1292.70,MERCHANT_PAYMENT,PURPOSE_FUND,63,,Restaurant/Food,COMPLETED,,Payment to Kacchi Bhai Biryani via Tanzeem's Restaurant/Food Fund,252021.00,252021.00,32991.77,31699.07,,,"{""merchant"": ""Kacchi Bhai Biryani"", ""fund"": ""Tanzeem's Restaurant/Food Fund"", ""ground_truth_anomaly"": false}",False
TXN-REJ-20260504-003278,2,,26,2026-05-04 18:00:00,1502.00,MERCHANT_PAYMENT,PURPOSE_FUND,5,,Transport,REJECTED,"Category Restriction Mismatch: Merchant 'Uber Bangladesh Mobility' is registered as 'Transport', but 'Anisul's Grocery Fund' can ONLY be used for 'Grocery' payments.",Attempted payment to Uber Bangladesh Mobility via Anisul's Grocery Fund,206213.36,206213.36,132119.03,132119.03,,,"{""ground_truth_anomaly"": false, ""policy_violation"": ""CATEGORY_RESTRICTION_ERROR""}",False
TXN-20260504-000651,25,,30,2026-05-04 18:19:09,2248.20,MERCHANT_PAYMENT,PURPOSE_FUND,76,,Shopping,COMPLETED,,Payment to Aarong Lifestyle Retail via Arif's Shopping Fund,81411.12,81411.12,21806.68,19558.48,,,"{""merchant"": ""Aarong Lifestyle Retail"", ""fund"": ""Arif's Shopping Fund"", ""ground_truth_anomaly"": false}",True
TXN-20260504-000652,23,,30,2026-05-04 18:26:11,2985.02,MERCHANT_PAYMENT,PURPOSE_FUND,70,,Shopping,COMPLETED,,Payment to Aarong Lifestyle Retail via Shafiqul's Shopping Fund,88746.78,88746.78,20595.05,17610.03,,,"{""merchant"": ""Aarong Lifestyle Retail"", ""fund"": ""Shafiqul's Shopping Fund"", ""ground_truth_anomaly"": false}",False
TXN-20260504-000653,14,,23,2026-05-04 18:59:27,107.70,MERCHANT_PAYMENT,FAMILY_PASS,,8,Restaurant/Food,COMPLETED,,FamilyPass spending by Sakib Chowdhury at Kacchi Bhai Biryani,217350.24,217242.54,,,5123.12,5015.42,"{""owner_id"": 20, ""member_id"": 14, ""merchant"": ""Kacchi Bhai Biryani"", ""ground_truth_anomaly"": false}",False
TXN-20260504-000647,13,,25,2026-05-04 19:09:21,194.03,MERCHANT_PAYMENT,PURPOSE_FUND,44,,Transport,COMPLETED,,Payment to Shohoz Interdistrict Ride via Nahian's Transport Fund,10061.19,10061.19,2090.93,1896.90,,,"{""merchant"": ""Shohoz Interdistrict Ride"", ""fund"": ""Nahian's Transport Fund"", ""ground_truth_anomaly"": false}",False
TXN-20260504-000638,16,,27,2026-05-04 19:19:24,318.02,MERCHANT_PAYMENT,NORMAL_WALLET,,,Transport,COMPLETED,,Payment to Pathao Transportation from Normal Wallet,17491.24,17173.22,,,,,"{""merchant"": ""Pathao Transportation"", ""ground_truth_anomaly"": false}",False
TXN-20260504-000646,7,,,2026-05-04 19:53:52,50.00,MOBILE_RECHARGE,NORMAL_WALLET,,,Recharge,COMPLETED,,Mobile Recharge to 01710000007,100523.25,100473.25,,,,,"{""operator"": ""Grameenphone"", ""ground_truth_anomaly"": false}",False
TXN-20260504-000640,4,,29,2026-05-04 20:12:21,722.58,MERCHANT_PAYMENT,PURPOSE_FUND,14,,Rent,COMPLETED,,Payment to Rangs Living Rent via Mahbub's Rent Fund,94864.25,94864.25,60000.00,59277.42,,,"{""merchant"": ""Rangs Living Rent"", ""fund"": ""Mahbub's Rent Fund"", ""ground_truth_anomaly"": false}",False
TXN-20260504-000650,25,,30,2026-05-04 22:44:25,2298.01,MERCHANT_PAYMENT,PURPOSE_FUND,76,,Shopping,COMPLETED,,Payment to Aarong Lifestyle Retail via Arif's Shopping Fund,81411.12,81411.12,24104.69,21806.68,,,"{""merchant"": ""Aarong Lifestyle Retail"", ""fund"": ""Arif's Shopping Fund"", ""ground_truth_anomaly"": false}",False
TXN-20260504-000644,3,13,,2026-05-04 22:50:34,300.00,SEND_MONEY,NORMAL_WALLET,,,Transfer,COMPLETED,,Sent money to Nahian Hasan,96907.18,96607.18,,,,,"{""recipient_phone"": ""01710000013"", ""ground_truth_anomaly"": false}",False
TXN-20260505-000680,14,,30,2026-05-05 08:19:02,549.57,MERCHANT_PAYMENT,NORMAL_WALLET,,,Shopping,COMPLETED,,Payment to Aarong Lifestyle Retail from Normal Wallet,14304.92,13755.35,,,,,"{""merchant"": ""Aarong Lifestyle Retail"", ""ground_truth_anomaly"": false}",False
TXN-20260505-000678,12,,27,2026-05-05 10:49:17,249.17,MERCHANT_PAYMENT,FAMILY_PASS,,5,Transport,COMPLETED,,FamilyPass spending by Rafid Kabir at Pathao Transportation,77104.18,76855.01,,,3830.08,3580.91,"{""owner_id"": 3, ""member_id"": 12, ""merchant"": ""Pathao Transportation"", ""ground_truth_anomaly"": false}",False
TXN-20260505-000673,7,,2,2026-05-05 11:04:31,482.51,MERCHANT_PAYMENT,PURPOSE_FUND,25,,Grocery,COMPLETED,,Payment to Shwapno Superstore via Delwar's Grocery Fund,76595.25,76595.25,27291.46,26808.95,,,"{""merchant"": ""Shwapno Superstore"", ""fund"": ""Delwar's Grocery Fund"", ""ground_truth_anomaly"": false}",True
TXN-20260505-000665,21,,29,2026-05-05 11:20:00,29144.00,MERCHANT_PAYMENT,PURPOSE_FUND,62,,Rent,COMPLETED,,Monthly Apartment Rent to Rangs Living Rent,252021.00,252021.00,88599.45,59455.45,,,"{""merchant"": ""Rangs Living Rent"", ""ground_truth_anomaly"": false}",False
TXN-20260505-000662,8,,,2026-05-05 12:09:00,18101.00,BILL_PAYMENT,NORMAL_WALLET,,,Rent,COMPLETED,,Monthly Housing Rental Bill Payment,133925.23,115824.23,,,,,"{""provider"": ""Eastern Housing Rental"", ""bill_type"": ""Housing"", ""account_number"": ""EHR-88219"", ""ground_truth_anomaly"": false}",False
TXN-20260505-000659,5,,,2026-05-05 12:35:00,19871.00,BILL_PAYMENT,NORMAL_WALLET,,,Rent,COMPLETED,,Monthly Housing Rental Bill Payment,85157.55,65286.55,,,,,"{""provider"": ""Eastern Housing Rental"", ""bill_type"": ""Housing"", ""account_number"": ""EHR-88219"", ""ground_truth_anomaly"": false}",False
TXN-20260505-000663,9,,28,2026-05-05 12:46:00,23008.00,MERCHANT_PAYMENT,PURPOSE_FUND,34,,Rent,COMPLETED,,Monthly Apartment Rent to Eastern Housing Rental,110188.00,110188.00,44000.00,20992.00,,,"{""merchant"": ""Eastern Housing Rental"", ""ground_truth_anomaly"": false}",False
TXN-20260505-000655,1,,,2026-05-05 12:58:00,24522.00,BILL_PAYMENT,NORMAL_WALLET,,,Rent,COMPLETED,,Monthly Housing Rental Bill Payment,104958.13,80436.13,,,,,"{""provider"": ""Eastern Housing Rental"", ""bill_type"": ""Housing"", ""account_number"": ""EHR-88219"", ""ground_truth_anomaly"": false}",False
TXN-20260505-000671,3,,25,2026-05-05 14:16:01,304.69,MERCHANT_PAYMENT,PURPOSE_FUND,12,,Transport,COMPLETED,,Payment to Shohoz Interdistrict Ride via Farhan's Transport Fund,77104.18,77104.18,10000.00,9695.31,,,"{""merchant"": ""Shohoz Interdistrict Ride"", ""fund"": ""Farhan's Transport Fund"", ""ground_truth_anomaly"": false}",False
TXN-20260505-000660,6,,28,2026-05-05 14:27:00,19543.00,MERCHANT_PAYMENT,PURPOSE_FUND,22,,Rent,COMPLETED,,Monthly Apartment Rent to Eastern Housing Rental,102425.58,102425.58,46426.39,26883.39,,,"{""merchant"": ""Eastern Housing Rental"", ""ground_truth_anomaly"": false}",False
TXN-20260505-000679,24,,30,2026-05-05 15:18:02,100.00,MERCHANT_PAYMENT,PURPOSE_FUND,73,,Shopping,COMPLETED,,Payment to Aarong Lifestyle Retail via Emon's Shopping Fund,71539.07,71539.07,12837.81,12737.81,,,"{""merchant"": ""Aarong Lifestyle Retail"", ""fund"": ""Emon's Shopping Fund"", ""ground_truth_anomaly"": false}",False
TXN-20260505-000666,22,,,2026-05-05 15:23:00,27863.00,BILL_PAYMENT,NORMAL_WALLET,,,Rent,COMPLETED,,Monthly Housing Rental Bill Payment,213758.13,185895.13,,,,,"{""provider"": ""Eastern Housing Rental"", ""bill_type"": ""Housing"", ""account_number"": ""EHR-88219"", ""ground_truth_anomaly"": false}",False
TXN-20260505-000656,2,,29,2026-05-05 15:36:00,23955.00,MERCHANT_PAYMENT,PURPOSE_FUND,6,,Rent,COMPLETED,,Monthly Apartment Rent to Rangs Living Rent,101976.46,101976.46,48832.86,24877.86,,,"{""merchant"": ""Rangs Living Rent"", ""ground_truth_anomaly"": false}",False
TXN-20260505-000657,3,,,2026-05-05 15:57:00,19503.00,BILL_PAYMENT,NORMAL_WALLET,,,Rent,COMPLETED,,Monthly Housing Rental Bill Payment,96607.18,77104.18,,,,,"{""provider"": ""Eastern Housing Rental"", ""bill_type"": ""Housing"", ""account_number"": ""EHR-88219"", ""ground_truth_anomaly"": false}",False
TXN-20260505-000664,20,,29,2026-05-05 16:09:00,20591.00,MERCHANT_PAYMENT,PURPOSE_FUND,58,,Rent,COMPLETED,,Monthly Apartment Rent to Rangs Living Rent,217242.54,217242.54,78072.08,57481.08,,,"{""merchant"": ""Rangs Living Rent"", ""ground_truth_anomaly"": false}",False
TXN-20260505-000658,4,,29,2026-05-05 16:49:00,22386.00,MERCHANT_PAYMENT,PURPOSE_FUND,14,,Rent,COMPLETED,,Monthly Apartment Rent to Rangs Living Rent,94814.25,94814.25,59277.42,36891.42,,,"{""merchant"": ""Rangs Living Rent"", ""ground_truth_anomaly"": false}",False
TXN-20260505-000661,7,,,2026-05-05 16:55:00,24878.00,BILL_PAYMENT,NORMAL_WALLET,,,Rent,COMPLETED,,Monthly Housing Rental Bill Payment,100473.25,75595.25,,,,,"{""provider"": ""Eastern Housing Rental"", ""bill_type"": ""Housing"", ""account_number"": ""EHR-88219"", ""ground_truth_anomaly"": false}",False
TXN-20260505-000672,1,,3,2026-05-05 17:21:13,672.01,MERCHANT_PAYMENT,PURPOSE_FUND,1,,Grocery,COMPLETED,,Payment to Unimart Hypermarket via Tariq's Grocery Fund,79254.26,79254.26,36000.00,35327.99,,,"{""merchant"": ""Unimart Hypermarket"", ""fund"": ""Tariq's Grocery Fund"", ""ground_truth_anomaly"": false}",False
TXN-ANOM-20260505-003250,24,,30,2026-05-05 17:37:00,9603.00,MERCHANT_PAYMENT,NORMAL_WALLET,,,Shopping,COMPLETED,,High value purchase at Aarong Lifestyle Retail,194761.75,185158.75,,,,,"{""ground_truth_anomaly"": true, ""anomaly_type"": ""LARGE_AMOUNT""}",True
TXN-20260505-000667,23,,,2026-05-05 18:09:47,50.00,MOBILE_RECHARGE,NORMAL_WALLET,,,Recharge,COMPLETED,,Mobile Recharge to 01710000023,88746.78,88696.78,,,,,"{""operator"": ""Grameenphone"", ""ground_truth_anomaly"": false}",False
TXN-20260505-000677,17,,6,2026-05-05 19:17:32,271.66,MERCHANT_PAYMENT,FAMILY_PASS,,4,Grocery,COMPLETED,,FamilyPass spending by Farzana Haque at Karwan Bazar Wholesale,101976.46,101704.80,,,9334.76,9063.10,"{""owner_id"": 2, ""member_id"": 17, ""merchant"": ""Karwan Bazar Wholesale"", ""ground_truth_anomaly"": false}",True
TXN-20260505-000675,15,,26,2026-05-05 19:53:22,181.89,MERCHANT_PAYMENT,FAMILY_PASS,,10,Transport,COMPLETED,,FamilyPass spending by Zubair Ahmed at Uber Bangladesh Mobility,88696.78,88514.89,,,3119.78,2937.89,"{""owner_id"": 23, ""member_id"": 15, ""merchant"": ""Uber Bangladesh Mobility"", ""ground_truth_anomaly"": false}",False
TXN-20260505-000676,19,,3,2026-05-05 20:30:00,775.76,MERCHANT_PAYMENT,FAMILY_PASS,,9,Grocery,COMPLETED,,FamilyPass spending by Sadia Chowdhury at Unimart Hypermarket,217242.54,216466.78,,,13954.14,13178.38,"{""owner_id"": 20, ""member_id"": 19, ""merchant"": ""Unimart Hypermarket"", ""ground_truth_anomaly"": false}",False
TXN-20260505-000669,10,7,,2026-05-05 21:18:43,1000.00,SEND_MONEY,NORMAL_WALLET,,,Transfer,COMPLETED,,Sent money to Delwar Hossain,10563.81,9563.81,,,,,"{""recipient_phone"": ""01710000007"", ""ground_truth_anomaly"": false}",False
TXN-20260505-000670,6,,,2026-05-05 21:19:00,500.00,MOBILE_RECHARGE,NORMAL_WALLET,,,Recharge,COMPLETED,,Mobile Recharge to 01710000006,102425.58,101925.58,,,,,"{""operator"": ""Grameenphone"", ""ground_truth_anomaly"": false}",False
TXN-20260505-000668,10,,16,2026-05-05 23:02:42,1181.87,MERCHANT_PAYMENT,FAMILY_PASS,,1,Education,COMPLETED,,FamilyPass spending by Samiul Tariq at Daffodil University Tuition,80436.13,79254.26,,,4500.00,3318.13,"{""owner_id"": 1, ""member_id"": 10, ""merchant"": ""Daffodil University Tuition"", ""ground_truth_anomaly"": false}",False
TXN-20260505-000674,7,,21,2026-05-05 23:08:31,623.56,MERCHANT_PAYMENT,NORMAL_WALLET,,,Restaurant/Food,COMPLETED,,Payment to Sultan's Dine Kacchi from Normal Wallet,76595.25,75971.69,,,,,"{""merchant"": ""Sultan's Dine Kacchi"", ""ground_truth_anomaly"": false}",False
TXN-20260506-000689,25,,,2026-05-06 09:58:46,100.00,MOBILE_RECHARGE,NORMAL_WALLET,,,Recharge,COMPLETED,,Mobile Recharge to 01710000025,81411.12,81311.12,,,,,"{""operator"": ""Grameenphone"", ""ground_truth_anomaly"": false}",False
TXN-20260506-000695,13,,15,2026-05-06 10:51:22,1145.33,MERCHANT_PAYMENT,FAMILY_PASS,,7,Education,COMPLETED,,FamilyPass spending by Nahian Hasan at Sunnydale Academy,65286.55,64141.22,,,1145.33,0.00,"{""owner_id"": 5, ""member_id"": 13, ""merchant"": ""Sunnydale Academy"", ""ground_truth_anomaly"": false}",False
TXN-20260506-000694,6,,26,2026-05-06 12:29:15,436.81,MERCHANT_PAYMENT,NORMAL_WALLET,,,Transport,COMPLETED,,Payment to Uber Bangladesh Mobility from Normal Wallet,101925.58,101488.77,,,,,"{""merchant"": ""Uber Bangladesh Mobility"", ""ground_truth_anomaly"": false}",False
TXN-20260506-000685,9,,,2026-05-06 13:40:53,500.00,CASH_OUT,NORMAL_WALLET,,,Cash Out,COMPLETED,,Agent Cash Out Withdrawal,109888.00,109388.00,,,,,"{""agent_code"": ""AGT-7712"", ""ground_truth_anomaly"": false}",False
TXN-20260506-000688,7,,3,2026-05-06 13:47:08,259.33,MERCHANT_PAYMENT,PURPOSE_FUND,25,,Grocery,COMPLETED,,Payment to Unimart Hypermarket via Delwar's Grocery Fund,75971.69,75971.69,26808.95,26549.62,,,"{""merchant"": ""Unimart Hypermarket"", ""fund"": ""Delwar's Grocery Fund"", ""ground_truth_anomaly"": false}",False
TXN-20260506-000687,3,,25,2026-05-06 14:33:18,549.42,MERCHANT_PAYMENT,NORMAL_WALLET,,,Transport,COMPLETED,,Payment to Shohoz Interdistrict Ride from Normal Wallet,76855.01,76305.59,,,,,"{""merchant"": ""Shohoz Interdistrict Ride"", ""ground_truth_anomaly"": false}",False
TXN-20260506-000691,10,,27,2026-05-06 16:17:30,349.30,MERCHANT_PAYMENT,PURPOSE_FUND,38,,Transport,COMPLETED,,Payment to Pathao Transportation via Samiul's Transport Fund,9563.81,9563.81,4990.36,4641.06,,,"{""merchant"": ""Pathao Transportation"", ""fund"": ""Samiul's Transport Fund"", ""ground_truth_anomaly"": false}",False
TXN-20260506-000692,20,,13,2026-05-06 17:14:09,3134.41,MERCHANT_PAYMENT,PURPOSE_FUND,60,,Treatment,COMPLETED,,Payment to Popular Diagnostic Centre via Asif's Treatment Fund,216466.78,216466.78,30000.00,26865.59,,,"{""merchant"": ""Popular Diagnostic Centre"", ""fund"": ""Asif's Treatment Fund"", ""ground_truth_anomaly"": false}",False
TXN-20260506-000683,16,,1,2026-05-06 18:10:21,918.11,MERCHANT_PAYMENT,FAMILY_PASS,,2,Grocery,COMPLETED,,FamilyPass spending by Nasrin Rahman at Agora Super Shop,79254.26,78336.15,,,9000.00,8081.89,"{""owner_id"": 1, ""member_id"": 16, ""merchant"": ""Agora Super Shop"", ""ground_truth_anomaly"": false}",False
TXN-REJ-20260506-003269,15,,27,2026-05-06 18:32:00,5731.00,MERCHANT_PAYMENT,FAMILY_PASS,,10,Transport,REJECTED,"FamilyPass spending limit exceeded. Remaining allowance: ৳3,500.00, requested: ৳5,731.00",Attempted FamilyPass spending exceeding allowance,193471.73,193471.73,,,3500.00,3500.00,"{""ground_truth_anomaly"": false, ""policy_violation"": ""FAMILYPASS_LIMIT_EXCEEDED""}",False
TXN-20260506-000681,23,,25,2026-05-06 18:56:00,254.39,MERCHANT_PAYMENT,PURPOSE_FUND,71,,Transport,COMPLETED,,Payment to Shohoz Interdistrict Ride via Shafiqul's Transport Fund,88514.89,88514.89,11245.02,10990.63,,,"{""merchant"": ""Shohoz Interdistrict Ride"", ""fund"": ""Shafiqul's Transport Fund"", ""ground_truth_anomaly"": false}",False
TXN-20260506-000684,9,,,2026-05-06 19:03:49,300.00,MOBILE_RECHARGE,NORMAL_WALLET,,,Recharge,COMPLETED,,Mobile Recharge to 01710000009,110188.00,109888.00,,,,,"{""operator"": ""Grameenphone"", ""ground_truth_anomaly"": false}",False
TXN-20260506-000693,20,,30,2026-05-06 19:49:14,1600.10,MERCHANT_PAYMENT,PURPOSE_FUND,59,,Shopping,COMPLETED,,Payment to Aarong Lifestyle Retail via Asif's Shopping Fund,216466.78,216466.78,38257.44,36657.34,,,"{""merchant"": ""Aarong Lifestyle Retail"", ""fund"": ""Asif's Shopping Fund"", ""ground_truth_anomaly"": false}",False
TXN-20260506-000690,25,,26,2026-05-06 19:59:31,542.10,MERCHANT_PAYMENT,NORMAL_WALLET,,,Transport,COMPLETED,,Payment to Uber Bangladesh Mobility from Normal Wallet,81311.12,80769.02,,,,,"{""merchant"": ""Uber Bangladesh Mobility"", ""ground_truth_anomaly"": false}",False
TXN-ANOM-20260506-003211,14,,30,2026-05-06 20:18:00,13972.00,MERCHANT_PAYMENT,NORMAL_WALLET,,,Shopping,COMPLETED,,High value purchase at Aarong Lifestyle Retail,17905.38,3933.38,,,,,"{""ground_truth_anomaly"": true, ""anomaly_type"": ""LARGE_AMOUNT""}",True
TXN-20260506-000686,4,,,2026-05-06 21:59:40,2000.00,CASH_OUT,NORMAL_WALLET,,,Cash Out,COMPLETED,,Agent Cash Out Withdrawal,94814.25,92814.25,,,,,"{""agent_code"": ""AGT-7712"", ""ground_truth_anomaly"": false}",False
TXN-20260506-000682,21,,,2026-05-06 22:42:36,50.00,MOBILE_RECHARGE,NORMAL_WALLET,,,Recharge,COMPLETED,,Mobile Recharge to 01710000021,252021.00,251971.00,,,,,"{""operator"": ""Grameenphone"", ""ground_truth_anomaly"": false}",False
TXN-20260507-000703,21,,28,2026-05-07 10:03:24,636.43,MERCHANT_PAYMENT,PURPOSE_FUND,62,,Rent,COMPLETED,,Payment to Eastern Housing Rental via Tanzeem's Rent Fund,251971.00,251971.00,59455.45,58819.02,,,"{""merchant"": ""Eastern Housing Rental"", ""fund"": ""Tanzeem's Rent Fund"", ""ground_truth_anomaly"": false}",False
TXN-20260507-000702,25,,30,2026-05-07 10:07:13,1189.26,MERCHANT_PAYMENT,PURPOSE_FUND,76,,Shopping,COMPLETED,,Payment to Aarong Lifestyle Retail via Arif's Shopping Fund,81069.02,81069.02,19558.48,18369.22,,,"{""merchant"": ""Aarong Lifestyle Retail"", ""fund"": ""Arif's Shopping Fund"", ""ground_truth_anomaly"": false}",False
TXN-20260507-000707,18,,1,2026-05-07 12:05:09,567.72,MERCHANT_PAYMENT,FAMILY_PASS,,6,Grocery,COMPLETED,,FamilyPass spending by Rumana Alam at Agora Super Shop,92814.25,92246.53,,,11332.43,10764.71,"{""owner_id"": 4, ""member_id"": 18, ""merchant"": ""Agora Super Shop"", ""ground_truth_anomaly"": false}",True
TXN-20260507-000705,13,,26,2026-05-07 12:21:49,533.35,MERCHANT_PAYMENT,PURPOSE_FUND,44,,Transport,COMPLETED,,Payment to Uber Bangladesh Mobility via Nahian's Transport Fund,10061.19,10061.19,1495.37,962.02,,,"{""merchant"": ""Uber Bangladesh Mobility"", ""fund"": ""Nahian's Transport Fund"", ""ground_truth_anomaly"": false}",False
TXN-20260507-000706,11,,16,2026-05-07 12:28:35,4000.00,MERCHANT_PAYMENT,PURPOSE_FUND,39,,Education,COMPLETED,,Payment to Daffodil University Tuition via Tanvir's Education Fund,9438.68,9438.68,4000.00,0.00,,,"{""merchant"": ""Daffodil University Tuition"", ""fund"": ""Tanvir's Education Fund"", ""ground_truth_anomaly"": false}",False
TXN-20260507-000704,13,,25,2026-05-07 13:05:52,401.53,MERCHANT_PAYMENT,PURPOSE_FUND,44,,Transport,COMPLETED,,Payment to Shohoz Interdistrict Ride via Nahian's Transport Fund,10061.19,10061.19,1896.90,1495.37,,,"{""merchant"": ""Shohoz Interdistrict Ride"", ""fund"": ""Nahian's Transport Fund"", ""ground_truth_anomaly"": false}",False
TXN-20260507-000699,24,,,2026-05-07 15:52:40,500.00,MOBILE_RECHARGE,NORMAL_WALLET,,,Recharge,COMPLETED,,Mobile Recharge to 01710000024,71539.07,71039.07,,,,,"{""operator"": ""Grameenphone"", ""ground_truth_anomaly"": false}",False
TXN-20260507-000696,19,,8,2026-05-07 16:10:10,569.28,MERCHANT_PAYMENT,PURPOSE_FUND,56,,Medicine,COMPLETED,,Payment to Tamanna Pharmacy via Sadia's Medicine Fund,23420.94,23420.94,8608.40,8039.12,,,"{""merchant"": ""Tamanna Pharmacy"", ""fund"": ""Sadia's Medicine Fund"", ""ground_truth_anomaly"": false}",False
TXN-20260507-000710,12,21,,2026-05-07 16:27:48,300.00,SEND_MONEY,NORMAL_WALLET,,,Transfer,COMPLETED,,Sent money to Tanzeem Morshed,11183.94,10883.94,,,,,"{""recipient_phone"": ""01710000021"", ""ground_truth_anomaly"": false}",False
TXN-20260507-000709,6,,1,2026-05-07 16:46:51,938.65,MERCHANT_PAYMENT,PURPOSE_FUND,21,,Grocery,COMPLETED,,Payment to Agora Super Shop via Zahid's Grocery Fund,101488.77,101488.77,33446.18,32507.53,,,"{""merchant"": ""Agora Super Shop"", ""fund"": ""Zahid's Grocery Fund"", ""ground_truth_anomaly"": false}",True
TXN-20260507-000697,16,,22,2026-05-07 17:01:04,583.13,MERCHANT_PAYMENT,NORMAL_WALLET,,,Restaurant/Food,COMPLETED,,Payment to Star Kabab & Restaurant from Normal Wallet,16873.22,16290.09,,,,,"{""merchant"": ""Star Kabab & Restaurant"", ""ground_truth_anomaly"": false}",False
TXN-20260507-000701,15,,27,2026-05-07 18:04:44,208.77,MERCHANT_PAYMENT,FAMILY_PASS,,10,Transport,COMPLETED,,FamilyPass spending by Zubair Ahmed at Pathao Transportation,88514.89,88306.12,,,2937.89,2729.12,"{""owner_id"": 23, ""member_id"": 15, ""merchant"": ""Pathao Transportation"", ""ground_truth_anomaly"": false}",False
TXN-20260507-000700,22,25,,2026-05-07 18:24:38,300.00,SEND_MONEY,NORMAL_WALLET,,,Transfer,COMPLETED,,Sent money to Arif Shariar,185895.13,185595.13,,,,,"{""recipient_phone"": ""01710000025"", ""ground_truth_anomaly"": false}",False
TXN-20260507-000698,24,,30,2026-05-07 19:56:20,1321.43,MERCHANT_PAYMENT,PURPOSE_FUND,73,,Shopping,COMPLETED,,Payment to Aarong Lifestyle Retail via Emon's Shopping Fund,71539.07,71539.07,12737.81,11416.38,,,"{""merchant"": ""Aarong Lifestyle Retail"", ""fund"": ""Emon's Shopping Fund"", ""ground_truth_anomaly"": false}",False
TXN-20260507-000711,12,,26,2026-05-07 21:06:30,267.30,MERCHANT_PAYMENT,PURPOSE_FUND,42,,Transport,COMPLETED,,Payment to Uber Bangladesh Mobility via Rafid's Transport Fund,10883.94,10883.94,4048.67,3781.37,,,"{""merchant"": ""Uber Bangladesh Mobility"", ""fund"": ""Rafid's Transport Fund"", ""ground_truth_anomaly"": false}",False
TXN-20260507-000708,14,,24,2026-05-07 22:31:25,559.75,MERCHANT_PAYMENT,FAMILY_PASS,,8,Restaurant/Food,COMPLETED,,FamilyPass spending by Sakib Chowdhury at Takeout Gourmet Burgers,216466.78,215907.03,,,5015.42,4455.67,"{""owner_id"": 20, ""member_id"": 14, ""merchant"": ""Takeout Gourmet Burgers"", ""ground_truth_anomaly"": false}",False
TXN-ANOM-20260508-003111,7,,26,2026-05-08 04:06:00,2669.00,MERCHANT_PAYMENT,NORMAL_WALLET,,,Transport,COMPLETED,,Late night inter-district transport fare via Uber Bangladesh Mobility,143099.11,140430.11,,,,,"{""ground_truth_anomaly"": true, ""anomaly_type"": ""UNUSUAL_TIME""}",False
TXN-20260508-000716,13,,,2026-05-08 08:43:21,200.00,MOBILE_RECHARGE,NORMAL_WALLET,,,Recharge,COMPLETED,,Mobile Recharge to 01710000013,10061.19,9861.19,,,,,"{""operator"": ""Grameenphone"", ""ground_truth_anomaly"": false}",False
TXN-20260508-000729,3,,25,2026-05-08 09:40:04,326.24,MERCHANT_PAYMENT,PURPOSE_FUND,12,,Transport,COMPLETED,,Payment to Shohoz Interdistrict Ride via Farhan's Transport Fund,76305.59,76305.59,9695.31,9369.07,,,"{""merchant"": ""Shohoz Interdistrict Ride"", ""fund"": ""Farhan's Transport Fund"", ""ground_truth_anomaly"": false}",False
TXN-20260508-000724,1,,8,2026-05-08 09:49:20,393.82,MERCHANT_PAYMENT,PURPOSE_FUND,4,,Medicine,COMPLETED,,Payment to Tamanna Pharmacy via Tariq's Medicine Fund,77863.29,77863.29,9321.32,8927.50,,,"{""merchant"": ""Tamanna Pharmacy"", ""fund"": ""Tariq's Medicine Fund"", ""ground_truth_anomaly"": false}",False
TXN-20260508-000720,11,,26,2026-05-08 10:23:09,613.41,MERCHANT_PAYMENT,NORMAL_WALLET,,,Transport,COMPLETED,,Payment to Uber Bangladesh Mobility from Normal Wallet,9438.68,8825.27,,,,,"{""merchant"": ""Uber Bangladesh Mobility"", ""ground_truth_anomaly"": false}",False
TXN-20260508-000728,8,,19,2026-05-08 11:21:15,546.45,MERCHANT_PAYMENT,PURPOSE_FUND,31,,Electricity,COMPLETED,,Payment to DPDC Electricity Payment via Saifur's Electricity Fund,115824.23,115824.23,5700.98,5154.53,,,"{""merchant"": ""DPDC Electricity Payment"", ""fund"": ""Saifur's Electricity Fund"", ""ground_truth_anomaly"": false}",False
TXN-20260508-000715,14,,24,2026-05-08 11:30:09,485.55,MERCHANT_PAYMENT,FAMILY_PASS,,8,Restaurant/Food,COMPLETED,,FamilyPass spending by Sakib Chowdhury at Takeout Gourmet Burgers,215907.03,215421.48,,,4455.67,3970.12,"{""owner_id"": 20, ""member_id"": 14, ""merchant"": ""Takeout Gourmet Burgers"", ""ground_truth_anomaly"": false}",False
TXN-20260508-000718,9,13,,2026-05-08 11:56:02,500.00,SEND_MONEY,NORMAL_WALLET,,,Transfer,COMPLETED,,Sent money to Nahian Hasan,109388.00,108888.00,,,,,"{""recipient_phone"": ""01710000013"", ""ground_truth_anomaly"": false}",False
TXN-20260508-000725,18,,6,2026-05-08 15:42:06,574.11,MERCHANT_PAYMENT,FAMILY_PASS,,6,Grocery,COMPLETED,,FamilyPass spending by Rumana Alam at Karwan Bazar Wholesale,92246.53,91672.42,,,10764.71,10190.60,"{""owner_id"": 4, ""member_id"": 18, ""merchant"": ""Karwan Bazar Wholesale"", ""ground_truth_anomaly"": false}",False
TXN-20260508-000722,16,,4,2026-05-08 16:31:17,472.86,MERCHANT_PAYMENT,FAMILY_PASS,,2,Grocery,COMPLETED,,FamilyPass spending by Nasrin Rahman at Meena Bazar,78336.15,77863.29,,,8081.89,7609.03,"{""owner_id"": 1, ""member_id"": 16, ""merchant"": ""Meena Bazar"", ""ground_truth_anomaly"": false}",False
TXN-20260508-000712,5,,14,2026-05-08 16:33:04,4157.89,MERCHANT_PAYMENT,PURPOSE_FUND,20,,Education,COMPLETED,,Payment to Scholastica School via Kamrul's Education Fund,64141.22,64141.22,4157.89,0.00,,,"{""merchant"": ""Scholastica School"", ""fund"": ""Kamrul's Education Fund"", ""ground_truth_anomaly"": false}",False
TXN-20260508-000714,7,,,2026-05-08 16:33:40,50.00,MOBILE_RECHARGE,NORMAL_WALLET,,,Recharge,COMPLETED,,Mobile Recharge to 01710000007,75971.69,75921.69,,,,,"{""operator"": ""Grameenphone"", ""ground_truth_anomaly"": false}",False
TXN-20260508-000717,15,,25,2026-05-08 17:32:48,289.31,MERCHANT_PAYMENT,PURPOSE_FUND,48,,Transport,COMPLETED,,Payment to Shohoz Interdistrict Ride via Zubair's Transport Fund,13000.30,13000.30,3849.38,3560.07,,,"{""merchant"": ""Shohoz Interdistrict Ride"", ""fund"": ""Zubair's Transport Fund"", ""ground_truth_anomaly"": false}",False
TXN-20260508-000727,17,,8,2026-05-08 18:00:57,304.38,MERCHANT_PAYMENT,PURPOSE_FUND,52,,Medicine,COMPLETED,,Payment to Tamanna Pharmacy via Farzana's Medicine Fund,21480.13,21480.13,6969.74,6665.36,,,"{""merchant"": ""Tamanna Pharmacy"", ""fund"": ""Farzana's Medicine Fund"", ""ground_truth_anomaly"": false}",False
TXN-20260508-000721,23,,26,2026-05-08 19:03:25,160.57,MERCHANT_PAYMENT,PURPOSE_FUND,71,,Transport,COMPLETED,,Payment to Uber Bangladesh Mobility via Shafiqul's Transport Fund,88306.12,88306.12,10990.63,10830.06,,,"{""merchant"": ""Uber Bangladesh Mobility"", ""fund"": ""Shafiqul's Transport Fund"", ""ground_truth_anomaly"": false}",False
TXN-20260508-000726,19,,,2026-05-08 19:14:34,1000.00,CASH_OUT,NORMAL_WALLET,,,Cash Out,COMPLETED,,Agent Cash Out Withdrawal,23420.94,22420.94,,,,,"{""agent_code"": ""AGT-7712"", ""ground_truth_anomaly"": false}",False
TXN-20260508-000719,9,,9,2026-05-08 19:35:08,371.78,MERCHANT_PAYMENT,PURPOSE_FUND,36,,Medicine,COMPLETED,,Payment to Green Life Model Pharmacy via Shahidul's Medicine Fund,108888.00,108888.00,11023.92,10652.14,,,"{""merchant"": ""Green Life Model Pharmacy"", ""fund"": ""Shahidul's Medicine Fund"", ""ground_truth_anomaly"": false}",False
TXN-20260508-000731,24,,22,2026-05-08 19:35:13,912.03,MERCHANT_PAYMENT,PURPOSE_FUND,72,,Restaurant/Food,COMPLETED,,Payment to Star Kabab & Restaurant via Emon's Restaurant/Food Fund,71039.07,71039.07,15857.61,14945.58,,,"{""merchant"": ""Star Kabab & Restaurant"", ""fund"": ""Emon's Restaurant/Food Fund"", ""ground_truth_anomaly"": false}",False
TXN-20260508-000730,21,,,2026-05-08 20:22:19,50.00,MOBILE_RECHARGE,NORMAL_WALLET,,,Recharge,COMPLETED,,Mobile Recharge to 01710000021,252271.00,252221.00,,,,,"{""operator"": ""Grameenphone"", ""ground_truth_anomaly"": false}",False
TXN-20260508-000723,16,,10,2026-05-08 20:44:23,505.98,MERCHANT_PAYMENT,PURPOSE_FUND,50,,Medicine,COMPLETED,,Payment to Square Hospital Pharmacy via Nasrin's Medicine Fund,16290.09,16290.09,7054.65,6548.67,,,"{""merchant"": ""Square Hospital Pharmacy"", ""fund"": ""Nasrin's Medicine Fund"", ""ground_truth_anomaly"": false}",False
TXN-20260508-000713,10,,25,2026-05-08 21:38:42,207.30,MERCHANT_PAYMENT,PURPOSE_FUND,38,,Transport,COMPLETED,,Payment to Shohoz Interdistrict Ride via Samiul's Transport Fund,9563.81,9563.81,4641.06,4433.76,,,"{""merchant"": ""Shohoz Interdistrict Ride"", ""fund"": ""Samiul's Transport Fund"", ""ground_truth_anomaly"": false}",False
TXN-20260509-000736,13,,25,2026-05-09 09:38:09,255.98,MERCHANT_PAYMENT,PURPOSE_FUND,44,,Transport,COMPLETED,,Payment to Shohoz Interdistrict Ride via Nahian's Transport Fund,10361.19,10361.19,962.02,706.04,,,"{""merchant"": ""Shohoz Interdistrict Ride"", ""fund"": ""Nahian's Transport Fund"", ""ground_truth_anomaly"": false}",False
TXN-20260509-000739,22,,17,2026-05-09 10:06:27,6300.01,MERCHANT_PAYMENT,PURPOSE_FUND,67,,Education,COMPLETED,,Payment to Mastermind School via Nafis's Education Fund,185595.13,185595.13,40703.19,34403.18,,,"{""merchant"": ""Mastermind School"", ""fund"": ""Nafis's Education Fund"", ""ground_truth_anomaly"": false}",False
TXN-20260509-000742,19,,7,2026-05-09 10:47:48,428.32,MERCHANT_PAYMENT,PURPOSE_FUND,56,,Medicine,COMPLETED,,Payment to Labaid Pharmacy via Sadia's Medicine Fund,22420.94,22420.94,8039.12,7610.80,,,"{""merchant"": ""Labaid Pharmacy"", ""fund"": ""Sadia's Medicine Fund"", ""ground_truth_anomaly"": false}",False
TXN-20260509-000740,22,25,,2026-05-09 11:27:01,300.00,SEND_MONEY,NORMAL_WALLET,,,Transfer,COMPLETED,,Sent money to Arif Shariar,185595.13,185295.13,,,,,"{""recipient_phone"": ""01710000025"", ""ground_truth_anomaly"": false}",False
TXN-20260509-000735,20,,26,2026-05-09 13:57:29,490.84,MERCHANT_PAYMENT,NORMAL_WALLET,,,Transport,COMPLETED,,Payment to Uber Bangladesh Mobility from Normal Wallet,215421.48,214930.64,,,,,"{""merchant"": ""Uber Bangladesh Mobility"", ""ground_truth_anomaly"": false}",False
TXN-20260509-000748,18,,8,2026-05-09 15:26:02,456.51,MERCHANT_PAYMENT,FAMILY_PASS,,6,Medicine,COMPLETED,,FamilyPass spending by Rumana Alam at Tamanna Pharmacy,91458.39,91001.88,,,10190.60,9734.09,"{""owner_id"": 4, ""member_id"": 18, ""merchant"": ""Tamanna Pharmacy"", ""ground_truth_anomaly"": false}",False
TXN-20260509-000744,21,,22,2026-05-09 15:55:28,683.80,MERCHANT_PAYMENT,PURPOSE_FUND,63,,Restaurant/Food,COMPLETED,,Payment to Star Kabab & Restaurant via Tanzeem's Restaurant/Food Fund,252221.00,252221.00,31699.07,31015.27,,,"{""merchant"": ""Star Kabab & Restaurant"", ""fund"": ""Tanzeem's Restaurant/Food Fund"", ""ground_truth_anomaly"": false}",False
TXN-20260509-000734,20,,11,2026-05-09 16:27:14,3135.56,MERCHANT_PAYMENT,PURPOSE_FUND,60,,Treatment,COMPLETED,,Payment to Square Hospital Diagnostic via Asif's Treatment Fund,215421.48,215421.48,26865.59,23730.03,,,"{""merchant"": ""Square Hospital Diagnostic"", ""fund"": ""Asif's Treatment Fund"", ""ground_truth_anomaly"": false}",False
TXN-20260509-000741,9,,,2026-05-09 17:00:16,500.00,MOBILE_RECHARGE,NORMAL_WALLET,,,Recharge,COMPLETED,,Mobile Recharge to 01710000009,108888.00,108388.00,,,,,"{""operator"": ""Grameenphone"", ""ground_truth_anomaly"": false}",False
TXN-20260509-000738,2,,1,2026-05-09 17:42:55,1023.84,MERCHANT_PAYMENT,PURPOSE_FUND,5,,Grocery,COMPLETED,,Payment to Agora Super Shop via Anisul's Grocery Fund,101704.80,101704.80,37151.89,36128.05,,,"{""merchant"": ""Agora Super Shop"", ""fund"": ""Anisul's Grocery Fund"", ""ground_truth_anomaly"": false}",True
TXN-20260509-000751,15,,25,2026-05-09 18:00:21,223.69,MERCHANT_PAYMENT,FAMILY_PASS,,10,Transport,COMPLETED,,FamilyPass spending by Zubair Ahmed at Shohoz Interdistrict Ride,88306.12,88082.43,,,2729.12,2505.43,"{""owner_id"": 23, ""member_id"": 15, ""merchant"": ""Shohoz Interdistrict Ride"", ""ground_truth_anomaly"": false}",False
TXN-20260509-000732,3,,18,2026-05-09 18:01:56,876.30,MERCHANT_PAYMENT,PURPOSE_FUND,11,,Electricity,COMPLETED,,Payment to DESCO Prepaid Utility via Farhan's Electricity Fund,76305.59,76305.59,6201.07,5324.77,,,"{""merchant"": ""DESCO Prepaid Utility"", ""fund"": ""Farhan's Electricity Fund"", ""ground_truth_anomaly"": false}",False
TXN-20260509-000747,18,,,2026-05-09 18:43:32,500.00,MOBILE_RECHARGE,NORMAL_WALLET,,,Recharge,COMPLETED,,Mobile Recharge to 01710000018,24956.41,24456.41,,,,,"{""operator"": ""Grameenphone"", ""ground_truth_anomaly"": false}",False
TXN-20260509-000743,19,5,,2026-05-09 19:33:14,1000.00,SEND_MONEY,NORMAL_WALLET,,,Transfer,COMPLETED,,Sent money to Kamrul Hasan,22420.94,21420.94,,,,,"{""recipient_phone"": ""01710000005"", ""ground_truth_anomaly"": false}",False
TXN-20260509-000746,4,,27,2026-05-09 19:42:06,214.03,MERCHANT_PAYMENT,NORMAL_WALLET,,,Transport,COMPLETED,,Payment to Pathao Transportation from Normal Wallet,91672.42,91458.39,,,,,"{""merchant"": ""Pathao Transportation"", ""ground_truth_anomaly"": false}",False
TXN-20260509-000737,16,,6,2026-05-09 19:49:46,649.33,MERCHANT_PAYMENT,FAMILY_PASS,,2,Grocery,COMPLETED,,FamilyPass spending by Nasrin Rahman at Karwan Bazar Wholesale,77863.29,77213.96,,,7609.03,6959.70,"{""owner_id"": 1, ""member_id"": 16, ""merchant"": ""Karwan Bazar Wholesale"", ""ground_truth_anomaly"": false}",False
TXN-20260509-000750,8,,,2026-05-09 20:16:16,50.00,MOBILE_RECHARGE,NORMAL_WALLET,,,Recharge,COMPLETED,,Mobile Recharge to 01710000008,113824.23,113774.23,,,,,"{""operator"": ""Grameenphone"", ""ground_truth_anomaly"": false}",False
TXN-20260509-000745,21,,29,2026-05-09 20:43:59,496.53,MERCHANT_PAYMENT,PURPOSE_FUND,62,,Rent,COMPLETED,,Payment to Rangs Living Rent via Tanzeem's Rent Fund,252221.00,252221.00,58819.02,58322.49,,,"{""merchant"": ""Rangs Living Rent"", ""fund"": ""Tanzeem's Rent Fund"", ""ground_truth_anomaly"": false}",False
TXN-20260509-000733,3,,17,2026-05-09 21:48:37,4726.06,MERCHANT_PAYMENT,PURPOSE_FUND,10,,Education,COMPLETED,,Payment to Mastermind School via Farhan's Education Fund,76305.59,76305.59,24402.29,19676.23,,,"{""merchant"": ""Mastermind School"", ""fund"": ""Farhan's Education Fund"", ""ground_truth_anomaly"": false}",False
TXN-20260509-000749,8,,,2026-05-09 22:09:26,2000.00,CASH_OUT,NORMAL_WALLET,,,Cash Out,COMPLETED,,Agent Cash Out Withdrawal,115824.23,113824.23,,,,,"{""agent_code"": ""AGT-7712"", ""ground_truth_anomaly"": false}",False
TXN-20260510-000758,6,,30,2026-05-10 09:42:51,1370.13,MERCHANT_PAYMENT,PURPOSE_FUND,24,,Shopping,COMPLETED,,Payment to Aarong Lifestyle Retail via Zahid's Shopping Fund,101488.77,101488.77,8640.87,7270.74,,,"{""merchant"": ""Aarong Lifestyle Retail"", ""fund"": ""Zahid's Shopping Fund"", ""ground_truth_anomaly"": false}",False
TXN-20260510-000753,1,,9,2026-05-10 09:57:52,616.68,MERCHANT_PAYMENT,PURPOSE_FUND,4,,Medicine,COMPLETED,,Payment to Green Life Model Pharmacy via Tariq's Medicine Fund,77213.96,77213.96,8927.50,8310.82,,,"{""merchant"": ""Green Life Model Pharmacy"", ""fund"": ""Tariq's Medicine Fund"", ""ground_truth_anomaly"": false}",False
TXN-20260510-000766,12,,25,2026-05-10 11:34:55,313.29,MERCHANT_PAYMENT,PURPOSE_FUND,42,,Transport,COMPLETED,,Payment to Shohoz Interdistrict Ride via Rafid's Transport Fund,10883.94,10883.94,3781.37,3468.08,,,"{""merchant"": ""Shohoz Interdistrict Ride"", ""fund"": ""Rafid's Transport Fund"", ""ground_truth_anomaly"": false}",False
TXN-20260510-000760,17,,10,2026-05-10 11:36:18,532.73,MERCHANT_PAYMENT,PURPOSE_FUND,52,,Medicine,COMPLETED,,Payment to Square Hospital Pharmacy via Farzana's Medicine Fund,20950.42,20950.42,6665.36,6132.63,,,"{""merchant"": ""Square Hospital Pharmacy"", ""fund"": ""Farzana's Medicine Fund"", ""ground_truth_anomaly"": false}",False
TXN-20260510-000752,1,,1,2026-05-10 16:31:40,1116.00,MERCHANT_PAYMENT,PURPOSE_FUND,1,,Grocery,COMPLETED,,Payment to Agora Super Shop via Tariq's Grocery Fund,77213.96,77213.96,35327.99,34211.99,,,"{""merchant"": ""Agora Super Shop"", ""fund"": ""Tariq's Grocery Fund"", ""ground_truth_anomaly"": false}",True
TXN-20260510-000763,14,,23,2026-05-10 17:06:28,442.84,MERCHANT_PAYMENT,FAMILY_PASS,,8,Restaurant/Food,COMPLETED,,FamilyPass spending by Sakib Chowdhury at Kacchi Bhai Biryani,214930.64,214487.80,,,3970.12,3527.28,"{""owner_id"": 20, ""member_id"": 14, ""merchant"": ""Kacchi Bhai Biryani"", ""ground_truth_anomaly"": false}",True
TXN-20260510-000762,23,,27,2026-05-10 17:42:18,361.61,MERCHANT_PAYMENT,PURPOSE_FUND,71,,Transport,COMPLETED,,Payment to Pathao Transportation via Shafiqul's Transport Fund,88082.43,88082.43,10830.06,10468.45,,,"{""merchant"": ""Pathao Transportation"", ""fund"": ""Shafiqul's Transport Fund"", ""ground_truth_anomaly"": false}",False
TXN-20260510-000755,21,,24,2026-05-10 17:49:13,742.29,MERCHANT_PAYMENT,PURPOSE_FUND,63,,Restaurant/Food,COMPLETED,,Payment to Takeout Gourmet Burgers via Tanzeem's Restaurant/Food Fund,252221.00,252221.00,31015.27,30272.98,,,"{""merchant"": ""Takeout Gourmet Burgers"", ""fund"": ""Tanzeem's Restaurant/Food Fund"", ""ground_truth_anomaly"": false}",False
TXN-20260510-000757,7,,5,2026-05-10 17:57:05,889.95,MERCHANT_PAYMENT,PURPOSE_FUND,25,,Grocery,COMPLETED,,Payment to Chaldal Grocery Express via Delwar's Grocery Fund,75921.69,75921.69,26549.62,25659.67,,,"{""merchant"": ""Chaldal Grocery Express"", ""fund"": ""Delwar's Grocery Fund"", ""ground_truth_anomaly"": false}",True
TXN-20260510-000761,22,,,2026-05-10 18:16:25,300.00,MOBILE_RECHARGE,NORMAL_WALLET,,,Recharge,COMPLETED,,Mobile Recharge to 01710000022,185295.13,184995.13,,,,,"{""operator"": ""Grameenphone"", ""ground_truth_anomaly"": false}",False
TXN-20260510-000769,8,,,2026-05-10 18:27:55,200.00,MOBILE_RECHARGE,NORMAL_WALLET,,,Recharge,COMPLETED,,Mobile Recharge to 01710000008,113774.23,113574.23,,,,,"{""operator"": ""Grameenphone"", ""ground_truth_anomaly"": false}",False
TXN-20260510-000754,24,13,,2026-05-10 18:36:06,300.00,SEND_MONEY,NORMAL_WALLET,,,Transfer,COMPLETED,,Sent money to Nahian Hasan,71039.07,70739.07,,,,,"{""recipient_phone"": ""01710000013"", ""ground_truth_anomaly"": false}",False
TXN-20260510-000764,13,,,2026-05-10 18:37:11,100.00,MOBILE_RECHARGE,NORMAL_WALLET,,,Recharge,COMPLETED,,Mobile Recharge to 01710000013,10661.19,10561.19,,,,,"{""operator"": ""Grameenphone"", ""ground_truth_anomaly"": false}",False
TXN-20260510-000759,17,,23,2026-05-10 19:19:50,529.71,MERCHANT_PAYMENT,NORMAL_WALLET,,,Restaurant/Food,COMPLETED,,Payment to Kacchi Bhai Biryani from Normal Wallet,21480.13,20950.42,,,,,"{""merchant"": ""Kacchi Bhai Biryani"", ""ground_truth_anomaly"": false}",False
TXN-20260510-000765,13,2,,2026-05-10 19:37:04,300.00,SEND_MONEY,NORMAL_WALLET,,,Transfer,COMPLETED,,Sent money to Anisul Haque,10561.19,10261.19,,,,,"{""recipient_phone"": ""01710000002"", ""ground_truth_anomaly"": false}",False
TXN-20260510-000768,10,,14,2026-05-10 19:44:46,812.00,MERCHANT_PAYMENT,FAMILY_PASS,,1,Education,COMPLETED,,FamilyPass spending by Samiul Tariq at Scholastica School,77213.96,76401.96,,,3318.13,2506.13,"{""owner_id"": 1, ""member_id"": 10, ""merchant"": ""Scholastica School"", ""ground_truth_anomaly"": false}",False
TXN-20260510-000767,10,,27,2026-05-10 20:10:38,481.66,MERCHANT_PAYMENT,NORMAL_WALLET,,,Transport,COMPLETED,,Payment to Pathao Transportation from Normal Wallet,9563.81,9082.15,,,,,"{""merchant"": ""Pathao Transportation"", ""ground_truth_anomaly"": false}",False
TXN-20260510-000756,7,,25,2026-05-10 20:44:30,339.58,MERCHANT_PAYMENT,PURPOSE_FUND,28,,Transport,COMPLETED,,Payment to Shohoz Interdistrict Ride via Delwar's Transport Fund,75921.69,75921.69,6009.80,5670.22,,,"{""merchant"": ""Shohoz Interdistrict Ride"", ""fund"": ""Delwar's Transport Fund"", ""ground_truth_anomaly"": false}",False
TXN-ANOM-20260510-003147,3,,23,2026-05-10 21:15:00,2201.00,MERCHANT_PAYMENT,NORMAL_WALLET,,,Restaurant/Food,COMPLETED,,Large banquet charge at Kacchi Bhai Biryani,137273.19,135072.19,,,,,"{""ground_truth_anomaly"": true, ""anomaly_type"": ""SPENDING_BURST""}",True
TXN-20260511-000775,18,,3,2026-05-11 10:04:26,774.74,MERCHANT_PAYMENT,PURPOSE_FUND,53,,Grocery,COMPLETED,,Payment to Unimart Hypermarket via Rumana's Grocery Fund,24456.41,24456.41,18578.04,17803.30,,,"{""merchant"": ""Unimart Hypermarket"", ""fund"": ""Rumana's Grocery Fund"", ""ground_truth_anomaly"": false}",False
TXN-20260511-000770,12,,25,2026-05-11 10:23:09,181.81,MERCHANT_PAYMENT,FAMILY_PASS,,5,Transport,COMPLETED,,FamilyPass spending by Rafid Kabir at Shohoz Interdistrict Ride,76305.59,76123.78,,,3580.91,3399.10,"{""owner_id"": 3, ""member_id"": 12, ""merchant"": ""Shohoz Interdistrict Ride"", ""ground_truth_anomaly"": false}",False
TXN-20260511-000781,6,,29,2026-05-11 10:42:59,492.44,MERCHANT_PAYMENT,PURPOSE_FUND,22,,Rent,COMPLETED,,Payment to Rangs Living Rent via Zahid's Rent Fund,101488.77,101488.77,26883.39,26390.95,,,"{""merchant"": ""Rangs Living Rent"", ""fund"": ""Zahid's Rent Fund"", ""ground_truth_anomaly"": false}",False
TXN-20260511-000782,23,,30,2026-05-11 10:54:41,2975.33,MERCHANT_PAYMENT,PURPOSE_FUND,70,,Shopping,COMPLETED,,Payment to Aarong Lifestyle Retail via Shafiqul's Shopping Fund,88082.43,88082.43,17610.03,14634.70,,,"{""merchant"": ""Aarong Lifestyle Retail"", ""fund"": ""Shafiqul's Shopping Fund"", ""ground_truth_anomaly"": false}",True
TXN-20260511-000773,11,,22,2026-05-11 10:58:27,298.16,MERCHANT_PAYMENT,FAMILY_PASS,,3,Restaurant/Food,COMPLETED,,FamilyPass spending by Tanvir Haque at Star Kabab & Restaurant,101494.01,101195.85,,,2643.41,2345.25,"{""owner_id"": 2, ""member_id"": 11, ""merchant"": ""Star Kabab & Restaurant"", ""ground_truth_anomaly"": false}",False
TXN-20260511-000774,18,,30,2026-05-11 11:18:02,1613.32,MERCHANT_PAYMENT,PURPOSE_FUND,54,,Shopping,COMPLETED,,Payment to Aarong Lifestyle Retail via Rumana's Shopping Fund,24456.41,24456.41,5000.00,3386.68,,,"{""merchant"": ""Aarong Lifestyle Retail"", ""fund"": ""Rumana's Shopping Fund"", ""ground_truth_anomaly"": false}",False
TXN-20260511-000786,9,,20,2026-05-11 12:09:54,374.35,MERCHANT_PAYMENT,PURPOSE_FUND,35,,Electricity,COMPLETED,,Payment to Link3 Internet Utilities via Shahidul's Electricity Fund,108388.00,108388.00,6633.84,6259.49,,,"{""merchant"": ""Link3 Internet Utilities"", ""fund"": ""Shahidul's Electricity Fund"", ""ground_truth_anomaly"": false}",False
TXN-ANOM-20260511-003145,20,,12,2026-05-11 14:05:00,14813.00,MERCHANT_PAYMENT,NORMAL_WALLET,,,Treatment,COMPLETED,,Emergency diagnostic package at Evercare Hospital Lab,545117.88,530304.88,,,,,"{""ground_truth_anomaly"": true, ""anomaly_type"": ""UNUSUAL_CATEGORY""}",True
TXN-20260511-000777,24,,22,2026-05-11 14:29:44,682.03,MERCHANT_PAYMENT,PURPOSE_FUND,72,,Restaurant/Food,COMPLETED,,Payment to Star Kabab & Restaurant via Emon's Restaurant/Food Fund,70739.07,70739.07,14945.58,14263.55,,,"{""merchant"": ""Star Kabab & Restaurant"", ""fund"": ""Emon's Restaurant/Food Fund"", ""ground_truth_anomaly"": false}",False
TXN-20260511-000784,5,,20,2026-05-11 14:35:03,620.64,MERCHANT_PAYMENT,PURPOSE_FUND,18,,Electricity,COMPLETED,,Payment to Link3 Internet Utilities via Kamrul's Electricity Fund,65141.22,65141.22,5029.42,4408.78,,,"{""merchant"": ""Link3 Internet Utilities"", ""fund"": ""Kamrul's Electricity Fund"", ""ground_truth_anomaly"": false}",False
TXN-20260511-000776,10,,14,2026-05-11 14:47:08,1745.89,MERCHANT_PAYMENT,FAMILY_PASS,,1,Education,COMPLETED,,FamilyPass spending by Samiul Tariq at Scholastica School,76401.96,74656.07,,,2506.13,760.24,"{""owner_id"": 1, ""member_id"": 10, ""merchant"": ""Scholastica School"", ""ground_truth_anomaly"": false}",False
TXN-20260511-000780,2,,28,2026-05-11 15:06:53,447.89,MERCHANT_PAYMENT,PURPOSE_FUND,6,,Rent,COMPLETED,,Payment to Eastern Housing Rental via Anisul's Rent Fund,102195.85,102195.85,24877.86,24429.97,,,"{""merchant"": ""Eastern Housing Rental"", ""fund"": ""Anisul's Rent Fund"", ""ground_truth_anomaly"": false}",False
TXN-20260511-000772,11,,22,2026-05-11 18:32:27,510.79,MERCHANT_PAYMENT,FAMILY_PASS,,3,Restaurant/Food,COMPLETED,,FamilyPass spending by Tanvir Haque at Star Kabab & Restaurant,102004.80,101494.01,,,3154.20,2643.41,"{""owner_id"": 2, ""member_id"": 11, ""merchant"": ""Star Kabab & Restaurant"", ""ground_truth_anomaly"": false}",False
TXN-20260511-000783,17,,3,2026-05-11 19:02:45,586.25,MERCHANT_PAYMENT,FAMILY_PASS,,4,Grocery,COMPLETED,,FamilyPass spending by Farzana Haque at Unimart Hypermarket,102195.85,101609.60,,,9063.10,8476.85,"{""owner_id"": 2, ""member_id"": 17, ""merchant"": ""Unimart Hypermarket"", ""ground_truth_anomaly"": false}",True
TXN-20260511-000785,20,,30,2026-05-11 19:05:40,2099.24,MERCHANT_PAYMENT,PURPOSE_FUND,59,,Shopping,COMPLETED,,Payment to Aarong Lifestyle Retail via Asif's Shopping Fund,214487.80,214487.80,36657.34,34558.10,,,"{""merchant"": ""Aarong Lifestyle Retail"", ""fund"": ""Asif's Shopping Fund"", ""ground_truth_anomaly"": false}",True
TXN-20260511-000778,21,2,,2026-05-11 19:13:20,1000.00,SEND_MONEY,NORMAL_WALLET,,,Transfer,COMPLETED,,Sent money to Anisul Haque,252221.00,251221.00,,,,,"{""recipient_phone"": ""01710000002"", ""ground_truth_anomaly"": false}",False
TXN-20260511-000787,9,,,2026-05-11 19:31:34,50.00,MOBILE_RECHARGE,NORMAL_WALLET,,,Recharge,COMPLETED,,Mobile Recharge to 01710000009,108388.00,108338.00,,,,,"{""operator"": ""Grameenphone"", ""ground_truth_anomaly"": false}",False
TXN-20260511-000771,13,,25,2026-05-11 20:57:21,547.46,MERCHANT_PAYMENT,PURPOSE_FUND,44,,Transport,COMPLETED,,Payment to Shohoz Interdistrict Ride via Nahian's Transport Fund,10261.19,10261.19,706.04,158.58,,,"{""merchant"": ""Shohoz Interdistrict Ride"", ""fund"": ""Nahian's Transport Fund"", ""ground_truth_anomaly"": false}",False
TXN-20260511-000779,21,,28,2026-05-11 21:20:30,793.07,MERCHANT_PAYMENT,PURPOSE_FUND,62,,Rent,COMPLETED,,Payment to Eastern Housing Rental via Tanzeem's Rent Fund,251221.00,251221.00,58322.49,57529.42,,,"{""merchant"": ""Eastern Housing Rental"", ""fund"": ""Tanzeem's Rent Fund"", ""ground_truth_anomaly"": false}",False
TXN-20260512-000815,20,,29,2026-05-12 09:36:43,872.43,MERCHANT_PAYMENT,PURPOSE_FUND,58,,Rent,COMPLETED,,Payment to Rangs Living Rent via Asif's Rent Fund,210528.48,210528.48,57481.08,56608.65,,,"{""merchant"": ""Rangs Living Rent"", ""fund"": ""Asif's Rent Fund"", ""ground_truth_anomaly"": false}",False
TXN-20260512-000809,13,,,2026-05-12 10:12:00,1000.00,CASH_OUT,NORMAL_WALLET,,,Cash Out,COMPLETED,,Agent Cash Out Withdrawal,10261.19,9261.19,,,,,"{""agent_code"": ""AGT-7712"", ""ground_truth_anomaly"": false}",False
TXN-20260512-000816,21,,29,2026-05-12 10:52:44,658.06,MERCHANT_PAYMENT,PURPOSE_FUND,62,,Rent,COMPLETED,,Payment to Rangs Living Rent via Tanzeem's Rent Fund,248187.00,248187.00,57529.42,56871.36,,,"{""merchant"": ""Rangs Living Rent"", ""fund"": ""Tanzeem's Rent Fund"", ""ground_truth_anomaly"": false}",False
TXN-ANOM-20260512-003235,13,,13,2026-05-12 11:02:00,11767.00,MERCHANT_PAYMENT,NORMAL_WALLET,,,Treatment,COMPLETED,,Emergency diagnostic package at Popular Diagnostic Centre,18577.53,6810.53,,,,,"{""ground_truth_anomaly"": true, ""anomaly_type"": ""UNUSUAL_CATEGORY""}",True
TXN-20260512-000814,20,,,2026-05-12 12:39:22,300.00,MOBILE_RECHARGE,NORMAL_WALLET,,,Recharge,COMPLETED,,Mobile Recharge to 01710000020,210828.48,210528.48,,,,,"{""operator"": ""Grameenphone"", ""ground_truth_anomaly"": false}",False
TXN-20260512-000794,7,,18,2026-05-12 14:00:00,4051.00,MERCHANT_PAYMENT,PURPOSE_FUND,26,,Electricity,COMPLETED,,Electricity recharge at DESCO Prepaid Utility,75921.69,75921.69,5857.00,1806.00,,,"{""provider"": ""DESCO Prepaid Utility"", ""ground_truth_anomaly"": false}",False
TXN-20260512-000797,16,,,2026-05-12 14:07:00,3729.00,BILL_PAYMENT,NORMAL_WALLET,,,Electricity,COMPLETED,,DESCO Prepaid Meter Utility Recharge,16290.09,12561.09,,,,,"{""provider"": ""DESCO"", ""bill_type"": ""Electricity"", ""account_number"": ""MTR-99410"", ""ground_truth_anomaly"": false}",False
TXN-20260512-000806,9,,6,2026-05-12 14:12:42,897.32,MERCHANT_PAYMENT,PURPOSE_FUND,33,,Grocery,COMPLETED,,Payment to Karwan Bazar Wholesale via Shahidul's Grocery Fund,108338.00,108338.00,35036.44,34139.12,,,"{""merchant"": ""Karwan Bazar Wholesale"", ""fund"": ""Shahidul's Grocery Fund"", ""ground_truth_anomaly"": false}",False
TXN-20260512-000789,2,,20,2026-05-12 14:16:00,2630.00,MERCHANT_PAYMENT,PURPOSE_FUND,7,,Electricity,COMPLETED,,Electricity recharge at Link3 Internet Utilities,101609.60,101609.60,4942.24,2312.24,,,"{""provider"": ""Link3 Internet Utilities"", ""ground_truth_anomaly"": false}",False
TXN-20260512-000792,5,,19,2026-05-12 14:22:00,4354.00,MERCHANT_PAYMENT,PURPOSE_FUND,18,,Electricity,COMPLETED,,Electricity recharge at DPDC Electricity Payment,65141.22,65141.22,4408.78,54.78,,,"{""provider"": ""DPDC Electricity Payment"", ""ground_truth_anomaly"": false}",False
TXN-20260512-000807,1,,,2026-05-12 14:27:39,1000.00,CASH_OUT,NORMAL_WALLET,,,Cash Out,COMPLETED,,Agent Cash Out Withdrawal,74656.07,73656.07,,,,,"{""agent_code"": ""AGT-7712"", ""ground_truth_anomaly"": false}",False
TXN-20260512-000796,9,,18,2026-05-12 14:30:00,2643.00,MERCHANT_PAYMENT,PURPOSE_FUND,35,,Electricity,COMPLETED,,Electricity recharge at DESCO Prepaid Utility,108338.00,108338.00,6259.49,3616.49,,,"{""provider"": ""DESCO Prepaid Utility"", ""ground_truth_anomaly"": false}",False
TXN-20260512-000798,17,,,2026-05-12 14:40:00,2581.00,BILL_PAYMENT,NORMAL_WALLET,,,Electricity,COMPLETED,,DESCO Prepaid Meter Utility Recharge,20950.42,18369.42,,,,,"{""provider"": ""DESCO"", ""bill_type"": ""Electricity"", ""account_number"": ""MTR-99410"", ""ground_truth_anomaly"": false}",False
TXN-20260512-000801,20,,,2026-05-12 15:06:00,3133.00,BILL_PAYMENT,NORMAL_WALLET,,,Electricity,COMPLETED,,DESCO Prepaid Meter Utility Recharge,214487.80,211354.80,,,,,"{""provider"": ""DESCO"", ""bill_type"": ""Electricity"", ""account_number"": ""MTR-99410"", ""ground_truth_anomaly"": false}",False
TXN-REJ-20260512-003288,15,,29,2026-05-12 15:07:00,752.00,MERCHANT_PAYMENT,PURPOSE_FUND,48,,Rent,REJECTED,"Category Restriction Mismatch: Merchant 'Rangs Living Rent' is registered as 'Rent', but 'Zubair's Transport Fund' can ONLY be used for 'Transport' payments.",Attempted payment to Rangs Living Rent via Zubair's Transport Fund,9168.74,9168.74,11886.90,11886.90,,,"{""ground_truth_anomaly"": false, ""policy_violation"": ""CATEGORY_RESTRICTION_ERROR""}",False
TXN-20260512-000788,1,,20,2026-05-12 15:10:00,2895.00,MERCHANT_PAYMENT,PURPOSE_FUND,2,,Electricity,COMPLETED,,Electricity recharge at Link3 Internet Utilities,74656.07,74656.07,6403.68,3508.68,,,"{""provider"": ""Link3 Internet Utilities"", ""ground_truth_anomaly"": false}",False
TXN-20260512-000808,1,,,2026-05-12 15:39:38,200.00,MOBILE_RECHARGE,NORMAL_WALLET,,,Recharge,COMPLETED,,Mobile Recharge to 01710000001,73656.07,73456.07,,,,,"{""operator"": ""Grameenphone"", ""ground_truth_anomaly"": false}",False
TXN-20260512-000803,22,,,2026-05-12 15:40:00,3287.00,BILL_PAYMENT,NORMAL_WALLET,,,Electricity,COMPLETED,,DESCO Prepaid Meter Utility Recharge,184995.13,181708.13,,,,,"{""provider"": ""DESCO"", ""bill_type"": ""Electricity"", ""account_number"": ""MTR-99410"", ""ground_truth_anomaly"": false}",False
TXN-20260512-000818,12,,26,2026-05-12 16:45:15,224.82,MERCHANT_PAYMENT,FAMILY_PASS,,5,Transport,COMPLETED,,FamilyPass spending by Rafid Kabir at Uber Bangladesh Mobility,76123.78,75898.96,,,3399.10,3174.28,"{""owner_id"": 3, ""member_id"": 12, ""merchant"": ""Uber Bangladesh Mobility"", ""ground_truth_anomaly"": false}",False
TXN-20260512-000799,18,,,2026-05-12 17:15:00,2278.00,BILL_PAYMENT,NORMAL_WALLET,,,Electricity,COMPLETED,,DESCO Prepaid Meter Utility Recharge,24456.41,22178.41,,,,,"{""provider"": ""DESCO"", ""bill_type"": ""Electricity"", ""account_number"": ""MTR-99410"", ""ground_truth_anomaly"": false}",False
TXN-20260512-000793,6,,19,2026-05-12 17:57:00,3213.00,MERCHANT_PAYMENT,PURPOSE_FUND,23,,Electricity,COMPLETED,,Electricity recharge at DPDC Electricity Payment,101488.77,101488.77,4500.00,1287.00,,,"{""provider"": ""DPDC Electricity Payment"", ""ground_truth_anomaly"": false}",False
TXN-20260512-000795,8,,20,2026-05-12 17:59:00,3294.00,MERCHANT_PAYMENT,PURPOSE_FUND,31,,Electricity,COMPLETED,,Electricity recharge at Link3 Internet Utilities,113574.23,113574.23,5154.53,1860.53,,,"{""provider"": ""Link3 Internet Utilities"", ""ground_truth_anomaly"": false}",False
TXN-20260512-000802,21,,,2026-05-12 18:19:00,3034.00,BILL_PAYMENT,NORMAL_WALLET,,,Electricity,COMPLETED,,DESCO Prepaid Meter Utility Recharge,251221.00,248187.00,,,,,"{""provider"": ""DESCO"", ""bill_type"": ""Electricity"", ""account_number"": ""MTR-99410"", ""ground_truth_anomaly"": false}",False
TXN-20260512-000800,19,,,2026-05-12 18:28:00,2558.00,BILL_PAYMENT,NORMAL_WALLET,,,Electricity,COMPLETED,,DESCO Prepaid Meter Utility Recharge,21420.94,18862.94,,,,,"{""provider"": ""DESCO"", ""bill_type"": ""Electricity"", ""account_number"": ""MTR-99410"", ""ground_truth_anomaly"": false}",False
TXN-20260512-000791,4,,,2026-05-12 18:46:00,4735.00,BILL_PAYMENT,NORMAL_WALLET,,,Electricity,COMPLETED,,DESCO Prepaid Meter Utility Recharge,91001.88,86266.88,,,,,"{""provider"": ""DESCO"", ""bill_type"": ""Electricity"", ""account_number"": ""MTR-99410"", ""ground_truth_anomaly"": false}",False
TXN-20260512-000790,3,,19,2026-05-12 18:47:00,4764.00,MERCHANT_PAYMENT,PURPOSE_FUND,11,,Electricity,COMPLETED,,Electricity recharge at DPDC Electricity Payment,76123.78,76123.78,5324.77,560.77,,,"{""provider"": ""DPDC Electricity Payment"", ""ground_truth_anomaly"": false}",False
TXN-20260512-000810,4,,4,2026-05-12 19:30:00,1391.56,MERCHANT_PAYMENT,PURPOSE_FUND,13,,Grocery,COMPLETED,,Payment to Meena Bazar via Mahbub's Grocery Fund,86266.88,86266.88,42308.87,40917.31,,,"{""merchant"": ""Meena Bazar"", ""fund"": ""Mahbub's Grocery Fund"", ""ground_truth_anomaly"": false}",True
TXN-20260512-000804,16,12,,2026-05-12 20:03:18,1000.00,SEND_MONEY,NORMAL_WALLET,,,Transfer,COMPLETED,,Sent money to Rafid Kabir,12561.09,11561.09,,,,,"{""recipient_phone"": ""01710000012"", ""ground_truth_anomaly"": false}",False
TXN-20260512-000805,11,,22,2026-05-12 21:02:34,366.67,MERCHANT_PAYMENT,FAMILY_PASS,,3,Restaurant/Food,COMPLETED,,FamilyPass spending by Tanvir Haque at Star Kabab & Restaurant,101609.60,101242.93,,,2345.25,1978.58,"{""owner_id"": 2, ""member_id"": 11, ""merchant"": ""Star Kabab & Restaurant"", ""ground_truth_anomaly"": false}",False
TXN-20260512-000812,3,,6,2026-05-12 22:00:17,480.84,MERCHANT_PAYMENT,PURPOSE_FUND,9,,Grocery,COMPLETED,,Payment to Karwan Bazar Wholesale via Farhan's Grocery Fund,76123.78,76123.78,30746.00,30265.16,,,"{""merchant"": ""Karwan Bazar Wholesale"", ""fund"": ""Farhan's Grocery Fund"", ""ground_truth_anomaly"": false}",True
TXN-20260512-000817,17,,6,2026-05-12 22:22:36,392.79,MERCHANT_PAYMENT,PURPOSE_FUND,51,,Grocery,COMPLETED,,Payment to Karwan Bazar Wholesale via Farzana's Grocery Fund,18369.42,18369.42,13556.31,13163.52,,,"{""merchant"": ""Karwan Bazar Wholesale"", ""fund"": ""Farzana's Grocery Fund"", ""ground_truth_anomaly"": false}",True
TXN-20260512-000813,14,,23,2026-05-12 22:59:35,526.32,MERCHANT_PAYMENT,FAMILY_PASS,,8,Restaurant/Food,COMPLETED,,FamilyPass spending by Sakib Chowdhury at Kacchi Bhai Biryani,211354.80,210828.48,,,3527.28,3000.96,"{""owner_id"": 20, ""member_id"": 14, ""merchant"": ""Kacchi Bhai Biryani"", ""ground_truth_anomaly"": false}",False
TXN-20260512-000811,25,,6,2026-05-12 23:35:06,668.16,MERCHANT_PAYMENT,PURPOSE_FUND,77,,Grocery,COMPLETED,,Payment to Karwan Bazar Wholesale via Arif's Grocery Fund,81369.02,81369.02,14632.18,13964.02,,,"{""merchant"": ""Karwan Bazar Wholesale"", ""fund"": ""Arif's Grocery Fund"", ""ground_truth_anomaly"": false}",False
TXN-20260513-000831,18,,,2026-05-13 08:37:41,50.00,MOBILE_RECHARGE,NORMAL_WALLET,,,Recharge,COMPLETED,,Mobile Recharge to 01710000018,23178.41,23128.41,,,,,"{""operator"": ""Grameenphone"", ""ground_truth_anomaly"": false}",False
TXN-20260513-000822,5,4,,2026-05-13 10:24:31,300.00,SEND_MONEY,NORMAL_WALLET,,,Transfer,COMPLETED,,Sent money to Mahbub Alam,65141.22,64841.22,,,,,"{""recipient_phone"": ""01710000004"", ""ground_truth_anomaly"": false}",False
TXN-20260513-000832,11,,22,2026-05-13 12:27:53,497.89,MERCHANT_PAYMENT,NORMAL_WALLET,,,Restaurant/Food,COMPLETED,,Payment to Star Kabab & Restaurant from Normal Wallet,8825.27,8327.38,,,,,"{""merchant"": ""Star Kabab & Restaurant"", ""ground_truth_anomaly"": false}",False
TXN-20260513-000827,15,,25,2026-05-13 15:54:14,186.50,MERCHANT_PAYMENT,FAMILY_PASS,,10,Transport,COMPLETED,,FamilyPass spending by Zubair Ahmed at Shohoz Interdistrict Ride,87858.02,87671.52,,,2281.02,2094.52,"{""owner_id"": 23, ""member_id"": 15, ""merchant"": ""Shohoz Interdistrict Ride"", ""ground_truth_anomaly"": false}",False
TXN-20260513-000828,8,18,,2026-05-13 16:37:35,1000.00,SEND_MONEY,NORMAL_WALLET,,,Transfer,COMPLETED,,Sent money to Rumana Alam,113574.23,112574.23,,,,,"{""recipient_phone"": ""01710000018"", ""ground_truth_anomaly"": false}",False
TXN-20260513-000826,15,,25,2026-05-13 16:54:49,224.41,MERCHANT_PAYMENT,FAMILY_PASS,,10,Transport,COMPLETED,,FamilyPass spending by Zubair Ahmed at Shohoz Interdistrict Ride,88082.43,87858.02,,,2505.43,2281.02,"{""owner_id"": 23, ""member_id"": 15, ""merchant"": ""Shohoz Interdistrict Ride"", ""ground_truth_anomaly"": false}",False
TXN-20260513-000820,7,1,,2026-05-13 17:25:31,300.00,SEND_MONEY,NORMAL_WALLET,,,Transfer,COMPLETED,,Sent money to Tariq Rahman,75921.69,75621.69,,,,,"{""recipient_phone"": ""01710000001"", ""ground_truth_anomaly"": false}",False
TXN-20260513-000829,8,,,2026-05-13 19:11:32,1000.00,CASH_OUT,NORMAL_WALLET,,,Cash Out,COMPLETED,,Agent Cash Out Withdrawal,112574.23,111574.23,,,,,"{""agent_code"": ""AGT-7712"", ""ground_truth_anomaly"": false}",False
TXN-20260513-000824,9,,,2026-05-13 19:23:01,200.00,MOBILE_RECHARGE,NORMAL_WALLET,,,Recharge,COMPLETED,,Mobile Recharge to 01710000009,108338.00,108138.00,,,,,"{""operator"": ""Grameenphone"", ""ground_truth_anomaly"": false}",False
TXN-20260513-000825,2,,,2026-05-13 19:35:01,50.00,MOBILE_RECHARGE,NORMAL_WALLET,,,Recharge,COMPLETED,,Mobile Recharge to 01710000002,101242.93,101192.93,,,,,"{""operator"": ""Grameenphone"", ""ground_truth_anomaly"": false}",False
TXN-20260513-000821,13,,25,2026-05-13 20:45:52,116.28,MERCHANT_PAYMENT,PURPOSE_FUND,44,,Transport,COMPLETED,,Payment to Shohoz Interdistrict Ride via Nahian's Transport Fund,9261.19,9261.19,158.58,42.30,,,"{""merchant"": ""Shohoz Interdistrict Ride"", ""fund"": ""Nahian's Transport Fund"", ""ground_truth_anomaly"": false}",False
TXN-ANOM-20260513-003214,1,,24,2026-05-13 21:25:00,3443.00,MERCHANT_PAYMENT,NORMAL_WALLET,,,Restaurant/Food,COMPLETED,,Large banquet charge at Takeout Gourmet Burgers,113198.58,109755.58,,,,,"{""ground_truth_anomaly"": true, ""anomaly_type"": ""SPENDING_BURST""}",True
TXN-20260513-000819,21,,,2026-05-13 21:53:17,50.00,MOBILE_RECHARGE,NORMAL_WALLET,,,Recharge,COMPLETED,,Mobile Recharge to 01710000021,248187.00,248137.00,,,,,"{""operator"": ""Grameenphone"", ""ground_truth_anomaly"": false}",False
TXN-20260513-000823,16,,,2026-05-13 22:02:49,50.00,MOBILE_RECHARGE,NORMAL_WALLET,,,Recharge,COMPLETED,,Mobile Recharge to 01710000016,11561.09,11511.09,,,,,"{""operator"": ""Grameenphone"", ""ground_truth_anomaly"": false}",False
TXN-20260513-000830,14,,30,2026-05-13 22:59:08,1808.19,MERCHANT_PAYMENT,PURPOSE_FUND,46,,Shopping,COMPLETED,,Payment to Aarong Lifestyle Retail via Sakib's Shopping Fund,13755.35,13755.35,4000.00,2191.81,,,"{""merchant"": ""Aarong Lifestyle Retail"", ""fund"": ""Sakib's Shopping Fund"", ""ground_truth_anomaly"": false}",False
TXN-20260514-000834,24,,25,2026-05-14 10:55:24,338.81,MERCHANT_PAYMENT,PURPOSE_FUND,74,,Transport,COMPLETED,,Payment to Shohoz Interdistrict Ride via Emon's Transport Fund,70739.07,70739.07,9813.24,9474.43,,,"{""merchant"": ""Shohoz Interdistrict Ride"", ""fund"": ""Emon's Transport Fund"", ""ground_truth_anomaly"": false}",False
TXN-20260514-000846,17,5,,2026-05-14 11:01:33,500.00,SEND_MONEY,NORMAL_WALLET,,,Transfer,COMPLETED,,Sent money to Kamrul Hasan,18369.42,17869.42,,,,,"{""recipient_phone"": ""01710000005"", ""ground_truth_anomaly"": false}",False
TXN-20260514-000837,20,13,,2026-05-14 11:39:26,500.00,SEND_MONEY,NORMAL_WALLET,,,Transfer,COMPLETED,,Sent money to Nahian Hasan,210528.48,210028.48,,,,,"{""recipient_phone"": ""01710000013"", ""ground_truth_anomaly"": false}",False
TXN-20260514-000839,23,,30,2026-05-14 12:08:31,1562.41,MERCHANT_PAYMENT,PURPOSE_FUND,70,,Shopping,COMPLETED,,Payment to Aarong Lifestyle Retail via Shafiqul's Shopping Fund,87671.52,87671.52,14634.70,13072.29,,,"{""merchant"": ""Aarong Lifestyle Retail"", ""fund"": ""Shafiqul's Shopping Fund"", ""ground_truth_anomaly"": false}",False
TXN-20260514-000840,16,20,,2026-05-14 12:21:37,300.00,SEND_MONEY,NORMAL_WALLET,,,Transfer,COMPLETED,,Sent money to Asif Chowdhury,11511.09,11211.09,,,,,"{""recipient_phone"": ""01710000020"", ""ground_truth_anomaly"": false}",False
TXN-20260514-000841,15,,27,2026-05-14 12:27:10,201.34,MERCHANT_PAYMENT,FAMILY_PASS,,10,Transport,COMPLETED,,FamilyPass spending by Zubair Ahmed at Pathao Transportation,87671.52,87470.18,,,2094.52,1893.18,"{""owner_id"": 23, ""member_id"": 15, ""merchant"": ""Pathao Transportation"", ""ground_truth_anomaly"": false}",False
TXN-20260514-000842,7,,22,2026-05-14 13:38:02,408.66,MERCHANT_PAYMENT,NORMAL_WALLET,,,Restaurant/Food,COMPLETED,,Payment to Star Kabab & Restaurant from Normal Wallet,75621.69,75213.03,,,,,"{""merchant"": ""Star Kabab & Restaurant"", ""ground_truth_anomaly"": false}",False
TXN-20260514-000836,20,,28,2026-05-14 13:53:57,663.20,MERCHANT_PAYMENT,PURPOSE_FUND,58,,Rent,COMPLETED,,Payment to Eastern Housing Rental via Asif's Rent Fund,210528.48,210528.48,56608.65,55945.45,,,"{""merchant"": ""Eastern Housing Rental"", ""fund"": ""Asif's Rent Fund"", ""ground_truth_anomaly"": false}",False
TXN-20260514-000844,11,,22,2026-05-14 15:19:03,658.29,MERCHANT_PAYMENT,PURPOSE_FUND,40,,Restaurant/Food,COMPLETED,,Payment to Star Kabab & Restaurant via Tanvir's Restaurant/Food Fund,8327.38,8327.38,3000.00,2341.71,,,"{""merchant"": ""Star Kabab & Restaurant"", ""fund"": ""Tanvir's Restaurant/Food Fund"", ""ground_truth_anomaly"": false}",False
TXN-20260514-000845,9,,30,2026-05-14 16:07:02,492.84,MERCHANT_PAYMENT,NORMAL_WALLET,,,Shopping,COMPLETED,,Payment to Aarong Lifestyle Retail from Normal Wallet,108138.00,107645.16,,,,,"{""merchant"": ""Aarong Lifestyle Retail"", ""ground_truth_anomaly"": false}",False
TXN-20260514-000833,8,,20,2026-05-14 17:29:26,849.17,MERCHANT_PAYMENT,PURPOSE_FUND,31,,Electricity,COMPLETED,,Payment to Link3 Internet Utilities via Saifur's Electricity Fund,111574.23,111574.23,1860.53,1011.36,,,"{""merchant"": ""Link3 Internet Utilities"", ""fund"": ""Saifur's Electricity Fund"", ""ground_truth_anomaly"": false}",False
TXN-20260514-000838,12,,25,2026-05-14 17:42:25,242.75,MERCHANT_PAYMENT,FAMILY_PASS,,5,Transport,COMPLETED,,FamilyPass spending by Rafid Kabir at Shohoz Interdistrict Ride,75898.96,75656.21,,,3174.28,2931.53,"{""owner_id"": 3, ""member_id"": 12, ""merchant"": ""Shohoz Interdistrict Ride"", ""ground_truth_anomaly"": false}",False
TXN-20260514-000843,25,,30,2026-05-14 18:28:20,1281.89,MERCHANT_PAYMENT,PURPOSE_FUND,76,,Shopping,COMPLETED,,Payment to Aarong Lifestyle Retail via Arif's Shopping Fund,81369.02,81369.02,18369.22,17087.33,,,"{""merchant"": ""Aarong Lifestyle Retail"", ""fund"": ""Arif's Shopping Fund"", ""ground_truth_anomaly"": false}",False
TXN-20260514-000835,22,,12,2026-05-14 22:46:56,2595.56,MERCHANT_PAYMENT,PURPOSE_FUND,66,,Treatment,COMPLETED,,Payment to Evercare Hospital Lab via Nafis's Treatment Fund,181708.13,181708.13,40000.00,37404.44,,,"{""merchant"": ""Evercare Hospital Lab"", ""fund"": ""Nafis's Treatment Fund"", ""ground_truth_anomaly"": false}",False
TXN-20260514-000847,13,,24,2026-05-14 23:55:06,857.81,MERCHANT_PAYMENT,NORMAL_WALLET,,,Restaurant/Food,COMPLETED,,Payment to Takeout Gourmet Burgers from Normal Wallet,9761.19,8903.38,,,,,"{""merchant"": ""Takeout Gourmet Burgers"", ""ground_truth_anomaly"": false}",False
TXN-20260515-000854,9,,19,2026-05-15 09:28:18,834.27,MERCHANT_PAYMENT,PURPOSE_FUND,35,,Electricity,COMPLETED,,Payment to DPDC Electricity Payment via Shahidul's Electricity Fund,107645.16,107645.16,3616.49,2782.22,,,"{""merchant"": ""DPDC Electricity Payment"", ""fund"": ""Shahidul's Electricity Fund"", ""ground_truth_anomaly"": false}",False
TXN-20260515-000851,22,,4,2026-05-15 13:02:59,529.45,MERCHANT_PAYMENT,PURPOSE_FUND,65,,Grocery,COMPLETED,,Payment to Meena Bazar via Nafis's Grocery Fund,181708.13,181708.13,49175.68,48646.23,,,"{""merchant"": ""Meena Bazar"", ""fund"": ""Nafis's Grocery Fund"", ""ground_truth_anomaly"": false}",True
TXN-20260515-000858,10,,15,2026-05-15 14:02:55,5000.00,MERCHANT_PAYMENT,PURPOSE_FUND,37,,Education,COMPLETED,,Payment to Sunnydale Academy via Samiul's Education Fund,9082.15,9082.15,5000.00,0.00,,,"{""merchant"": ""Sunnydale Academy"", ""fund"": ""Samiul's Education Fund"", ""ground_truth_anomaly"": false}",False
TXN-20260515-000852,24,,21,2026-05-15 14:14:36,649.13,MERCHANT_PAYMENT,PURPOSE_FUND,72,,Restaurant/Food,COMPLETED,,Payment to Sultan's Dine Kacchi via Emon's Restaurant/Food Fund,70739.07,70739.07,14263.55,13614.42,,,"{""merchant"": ""Sultan's Dine Kacchi"", ""fund"": ""Emon's Restaurant/Food Fund"", ""ground_truth_anomaly"": false}",False
TXN-ANOM-20260515-003196,14,,12,2026-05-15 14:47:00,9533.00,MERCHANT_PAYMENT,NORMAL_WALLET,,,Treatment,COMPLETED,,Emergency diagnostic package at Evercare Hospital Lab,27438.38,17905.38,,,,,"{""ground_truth_anomaly"": true, ""anomaly_type"": ""UNUSUAL_CATEGORY""}",True
TXN-20260515-000855,13,,27,2026-05-15 15:47:32,776.95,MERCHANT_PAYMENT,NORMAL_WALLET,,,Transport,COMPLETED,,Payment to Pathao Transportation from Normal Wallet,8903.38,8126.43,,,,,"{""merchant"": ""Pathao Transportation"", ""ground_truth_anomaly"": false}",False
TXN-20260515-000850,15,,26,2026-05-15 16:01:52,114.59,MERCHANT_PAYMENT,PURPOSE_FUND,48,,Transport,COMPLETED,,Payment to Uber Bangladesh Mobility via Zubair's Transport Fund,13000.30,13000.30,3560.07,3445.48,,,"{""merchant"": ""Uber Bangladesh Mobility"", ""fund"": ""Zubair's Transport Fund"", ""ground_truth_anomaly"": false}",False
TXN-20260515-000853,23,,26,2026-05-15 16:22:25,300.88,MERCHANT_PAYMENT,PURPOSE_FUND,71,,Transport,COMPLETED,,Payment to Uber Bangladesh Mobility via Shafiqul's Transport Fund,87470.18,87470.18,10468.45,10167.57,,,"{""merchant"": ""Uber Bangladesh Mobility"", ""fund"": ""Shafiqul's Transport Fund"", ""ground_truth_anomaly"": false}",False
TXN-20260515-000856,5,,,2026-05-15 16:43:10,50.00,MOBILE_RECHARGE,NORMAL_WALLET,,,Recharge,COMPLETED,,Mobile Recharge to 01710000005,65341.22,65291.22,,,,,"{""operator"": ""Grameenphone"", ""ground_truth_anomaly"": false}",False
TXN-20260515-000848,18,,6,2026-05-15 17:58:17,651.55,MERCHANT_PAYMENT,PURPOSE_FUND,53,,Grocery,COMPLETED,,Payment to Karwan Bazar Wholesale via Rumana's Grocery Fund,23128.41,23128.41,17803.30,17151.75,,,"{""merchant"": ""Karwan Bazar Wholesale"", ""fund"": ""Rumana's Grocery Fund"", ""ground_truth_anomaly"": false}",False
TXN-20260515-000861,19,,5,2026-05-15 19:13:30,519.46,MERCHANT_PAYMENT,FAMILY_PASS,,9,Grocery,COMPLETED,,FamilyPass spending by Sadia Chowdhury at Chaldal Grocery Express,210328.48,209809.02,,,13178.38,12658.92,"{""owner_id"": 20, ""member_id"": 19, ""merchant"": ""Chaldal Grocery Express"", ""ground_truth_anomaly"": false}",False
TXN-20260515-000860,19,,7,2026-05-15 19:29:18,346.95,MERCHANT_PAYMENT,PURPOSE_FUND,56,,Medicine,COMPLETED,,Payment to Labaid Pharmacy via Sadia's Medicine Fund,18862.94,18862.94,7610.80,7263.85,,,"{""merchant"": ""Labaid Pharmacy"", ""fund"": ""Sadia's Medicine Fund"", ""ground_truth_anomaly"": false}",False
TXN-20260515-000859,7,,3,2026-05-15 21:40:33,942.14,MERCHANT_PAYMENT,PURPOSE_FUND,25,,Grocery,COMPLETED,,Payment to Unimart Hypermarket via Delwar's Grocery Fund,75213.03,75213.03,25659.67,24717.53,,,"{""merchant"": ""Unimart Hypermarket"", ""fund"": ""Delwar's Grocery Fund"", ""ground_truth_anomaly"": false}",True
TXN-20260515-000849,1,,,2026-05-15 21:50:43,50.00,MOBILE_RECHARGE,NORMAL_WALLET,,,Recharge,COMPLETED,,Mobile Recharge to 01710000001,73756.07,73706.07,,,,,"{""operator"": ""Grameenphone"", ""ground_truth_anomaly"": false}",False
TXN-20260515-000857,2,,8,2026-05-15 23:53:37,550.54,MERCHANT_PAYMENT,PURPOSE_FUND,8,,Medicine,COMPLETED,,Payment to Tamanna Pharmacy via Anisul's Medicine Fund,101192.93,101192.93,9643.04,9092.50,,,"{""merchant"": ""Tamanna Pharmacy"", ""fund"": ""Anisul's Medicine Fund"", ""ground_truth_anomaly"": false}",False
TXN-20260516-000874,8,,11,2026-05-16 08:31:41,3897.16,MERCHANT_PAYMENT,PURPOSE_FUND,32,,Treatment,COMPLETED,,Payment to Square Hospital Diagnostic via Saifur's Treatment Fund,111574.23,111574.23,11090.76,7193.60,,,"{""merchant"": ""Square Hospital Diagnostic"", ""fund"": ""Saifur's Treatment Fund"", ""ground_truth_anomaly"": false}",False
TXN-20260516-000865,13,,,2026-05-16 09:19:41,200.00,MOBILE_RECHARGE,NORMAL_WALLET,,,Recharge,COMPLETED,,Mobile Recharge to 01710000013,8126.43,7926.43,,,,,"{""operator"": ""Grameenphone"", ""ground_truth_anomaly"": false}",False
TXN-20260516-000866,13,,,2026-05-16 09:26:17,500.00,MOBILE_RECHARGE,NORMAL_WALLET,,,Recharge,COMPLETED,,Mobile Recharge to 01710000013,7926.43,7426.43,,,,,"{""operator"": ""Grameenphone"", ""ground_truth_anomaly"": false}",False
TXN-20260516-000864,24,,24,2026-05-16 10:09:40,638.85,MERCHANT_PAYMENT,NORMAL_WALLET,,,Restaurant/Food,COMPLETED,,Payment to Takeout Gourmet Burgers from Normal Wallet,70739.07,70100.22,,,,,"{""merchant"": ""Takeout Gourmet Burgers"", ""ground_truth_anomaly"": false}",False
TXN-20260516-000871,14,,23,2026-05-16 10:31:28,469.16,MERCHANT_PAYMENT,FAMILY_PASS,,8,Restaurant/Food,COMPLETED,,FamilyPass spending by Sakib Chowdhury at Kacchi Bhai Biryani,209192.44,208723.28,,,3000.96,2531.80,"{""owner_id"": 20, ""member_id"": 14, ""merchant"": ""Kacchi Bhai Biryani"", ""ground_truth_anomaly"": false}",False
TXN-20260516-000863,19,,6,2026-05-16 10:33:14,616.58,MERCHANT_PAYMENT,FAMILY_PASS,,9,Grocery,COMPLETED,,FamilyPass spending by Sadia Chowdhury at Karwan Bazar Wholesale,209809.02,209192.44,,,12658.92,12042.34,"{""owner_id"": 20, ""member_id"": 19, ""merchant"": ""Karwan Bazar Wholesale"", ""ground_truth_anomaly"": false}",False
TXN-20260516-000867,25,,3,2026-05-16 11:21:33,518.77,MERCHANT_PAYMENT,PURPOSE_FUND,77,,Grocery,COMPLETED,,Payment to Unimart Hypermarket via Arif's Grocery Fund,81369.02,81369.02,13964.02,13445.25,,,"{""merchant"": ""Unimart Hypermarket"", ""fund"": ""Arif's Grocery Fund"", ""ground_truth_anomaly"": false}",True
TXN-20260516-000873,21,,,2026-05-16 12:14:51,500.00,CASH_OUT,NORMAL_WALLET,,,Cash Out,COMPLETED,,Agent Cash Out Withdrawal,248137.00,247637.00,,,,,"{""agent_code"": ""AGT-7712"", ""ground_truth_anomaly"": false}",False
TXN-20260516-000868,25,,30,2026-05-16 12:49:21,1353.07,MERCHANT_PAYMENT,PURPOSE_FUND,76,,Shopping,COMPLETED,,Payment to Aarong Lifestyle Retail via Arif's Shopping Fund,81369.02,81369.02,17087.33,15734.26,,,"{""merchant"": ""Aarong Lifestyle Retail"", ""fund"": ""Arif's Shopping Fund"", ""ground_truth_anomaly"": false}",True
TXN-20260516-000880,15,,26,2026-05-16 12:58:09,200.85,MERCHANT_PAYMENT,FAMILY_PASS,,10,Transport,COMPLETED,,FamilyPass spending by Zubair Ahmed at Uber Bangladesh Mobility,88470.18,88269.33,,,1893.18,1692.33,"{""owner_id"": 23, ""member_id"": 15, ""merchant"": ""Uber Bangladesh Mobility"", ""ground_truth_anomaly"": false}",False
TXN-20260516-000869,23,,21,2026-05-16 14:11:44,350.64,MERCHANT_PAYMENT,PURPOSE_FUND,69,,Restaurant/Food,COMPLETED,,Payment to Sultan's Dine Kacchi via Shafiqul's Restaurant/Food Fund,87470.18,87470.18,22079.66,21729.02,,,"{""merchant"": ""Sultan's Dine Kacchi"", ""fund"": ""Shafiqul's Restaurant/Food Fund"", ""ground_truth_anomaly"": false}",False
TXN-20260516-000879,7,,19,2026-05-16 14:26:40,665.42,MERCHANT_PAYMENT,PURPOSE_FUND,26,,Electricity,COMPLETED,,Payment to DPDC Electricity Payment via Delwar's Electricity Fund,75213.03,75213.03,1806.00,1140.58,,,"{""merchant"": ""DPDC Electricity Payment"", ""fund"": ""Delwar's Electricity Fund"", ""ground_truth_anomaly"": false}",False
TXN-20260516-000878,7,,6,2026-05-16 17:24:50,706.73,MERCHANT_PAYMENT,PURPOSE_FUND,25,,Grocery,COMPLETED,,Payment to Karwan Bazar Wholesale via Delwar's Grocery Fund,75213.03,75213.03,24717.53,24010.80,,,"{""merchant"": ""Karwan Bazar Wholesale"", ""fund"": ""Delwar's Grocery Fund"", ""ground_truth_anomaly"": false}",False
TXN-20260516-000876,9,23,,2026-05-16 18:07:28,1000.00,SEND_MONEY,NORMAL_WALLET,,,Transfer,COMPLETED,,Sent money to Shafiqul Huda,107645.16,106645.16,,,,,"{""recipient_phone"": ""01710000023"", ""ground_truth_anomaly"": false}",False
TXN-ANOM-20260516-003118,15,,30,2026-05-16 19:25:00,11477.00,MERCHANT_PAYMENT,NORMAL_WALLET,,,Shopping,COMPLETED,,High value purchase at Aarong Lifestyle Retail,20645.74,9168.74,,,,,"{""ground_truth_anomaly"": true, ""anomaly_type"": ""LARGE_AMOUNT""}",True
TXN-20260516-000875,20,,28,2026-05-16 19:54:50,719.20,MERCHANT_PAYMENT,PURPOSE_FUND,58,,Rent,COMPLETED,,Payment to Eastern Housing Rental via Asif's Rent Fund,208723.28,208723.28,55945.45,55226.25,,,"{""merchant"": ""Eastern Housing Rental"", ""fund"": ""Asif's Rent Fund"", ""ground_truth_anomaly"": false}",False
TXN-20260516-000870,14,,22,2026-05-16 20:22:13,1236.64,MERCHANT_PAYMENT,PURPOSE_FUND,45,,Restaurant/Food,COMPLETED,,Payment to Star Kabab & Restaurant via Sakib's Restaurant/Food Fund,13755.35,13755.35,5701.07,4464.43,,,"{""merchant"": ""Star Kabab & Restaurant"", ""fund"": ""Sakib's Restaurant/Food Fund"", ""ground_truth_anomaly"": false}",False
TXN-20260516-000877,22,,2,2026-05-16 20:46:22,564.93,MERCHANT_PAYMENT,PURPOSE_FUND,65,,Grocery,COMPLETED,,Payment to Shwapno Superstore via Nafis's Grocery Fund,181708.13,181708.13,48646.23,48081.30,,,"{""merchant"": ""Shwapno Superstore"", ""fund"": ""Nafis's Grocery Fund"", ""ground_truth_anomaly"": false}",True
TXN-20260516-000881,15,,25,2026-05-16 20:59:53,154.22,MERCHANT_PAYMENT,FAMILY_PASS,,10,Transport,COMPLETED,,FamilyPass spending by Zubair Ahmed at Shohoz Interdistrict Ride,88269.33,88115.11,,,1692.33,1538.11,"{""owner_id"": 23, ""member_id"": 15, ""merchant"": ""Shohoz Interdistrict Ride"", ""ground_truth_anomaly"": false}",False
TXN-20260516-000862,19,,3,2026-05-16 21:46:51,648.25,MERCHANT_PAYMENT,PURPOSE_FUND,55,,Grocery,COMPLETED,,Payment to Unimart Hypermarket via Sadia's Grocery Fund,18862.94,18862.94,19213.95,18565.70,,,"{""merchant"": ""Unimart Hypermarket"", ""fund"": ""Sadia's Grocery Fund"", ""ground_truth_anomaly"": false}",False
TXN-20260516-000872,21,,30,2026-05-16 21:48:21,1798.87,MERCHANT_PAYMENT,PURPOSE_FUND,64,,Shopping,COMPLETED,,Payment to Aarong Lifestyle Retail via Tanzeem's Shopping Fund,248137.00,248137.00,39480.48,37681.61,,,"{""merchant"": ""Aarong Lifestyle Retail"", ""fund"": ""Tanzeem's Shopping Fund"", ""ground_truth_anomaly"": false}",False
TXN-20260517-000887,4,,,2026-05-17 08:14:23,50.00,MOBILE_RECHARGE,NORMAL_WALLET,,,Recharge,COMPLETED,,Mobile Recharge to 01710000004,86366.88,86316.88,,,,,"{""operator"": ""Grameenphone"", ""ground_truth_anomaly"": false}",False
TXN-20260517-000898,22,,11,2026-05-17 08:33:11,2937.11,MERCHANT_PAYMENT,PURPOSE_FUND,66,,Treatment,COMPLETED,,Payment to Square Hospital Diagnostic via Nafis's Treatment Fund,181708.13,181708.13,37404.44,34467.33,,,"{""merchant"": ""Square Hospital Diagnostic"", ""fund"": ""Nafis's Treatment Fund"", ""ground_truth_anomaly"": false}",False
TXN-20260517-000882,12,,30,2026-05-17 09:04:37,486.32,MERCHANT_PAYMENT,NORMAL_WALLET,,,Shopping,COMPLETED,,Payment to Aarong Lifestyle Retail from Normal Wallet,11883.94,11397.62,,,,,"{""merchant"": ""Aarong Lifestyle Retail"", ""ground_truth_anomaly"": false}",False
TXN-20260517-000893,15,,26,2026-05-17 09:21:14,353.39,MERCHANT_PAYMENT,FAMILY_PASS,,10,Transport,COMPLETED,,FamilyPass spending by Zubair Ahmed at Uber Bangladesh Mobility,88115.11,87761.72,,,1538.11,1184.72,"{""owner_id"": 23, ""member_id"": 15, ""merchant"": ""Uber Bangladesh Mobility"", ""ground_truth_anomaly"": false}",False
TXN-20260517-000897,3,,18,2026-05-17 10:54:13,383.07,MERCHANT_PAYMENT,PURPOSE_FUND,11,,Electricity,COMPLETED,,Payment to DESCO Prepaid Utility via Farhan's Electricity Fund,75383.09,75383.09,560.77,177.70,,,"{""merchant"": ""DESCO Prepaid Utility"", ""fund"": ""Farhan's Electricity Fund"", ""ground_truth_anomaly"": false}",False
TXN-REJ-20260517-003261,12,,18,2026-05-17 15:06:00,1150.00,MERCHANT_PAYMENT,PURPOSE_FUND,42,,Electricity,REJECTED,"Category Restriction Mismatch: Merchant 'DESCO Prepaid Utility' is registered as 'Electricity', but 'Rafid's Transport Fund' can ONLY be used for 'Transport' payments.",Attempted payment to DESCO Prepaid Utility via Rafid's Transport Fund,13963.870,13963.870,9985.30,9985.30,,,"{""ground_truth_anomaly"": false, ""policy_violation"": ""CATEGORY_RESTRICTION_ERROR""}",False
TXN-20260517-000891,11,,23,2026-05-17 16:39:48,444.71,MERCHANT_PAYMENT,PURPOSE_FUND,40,,Restaurant/Food,COMPLETED,,Payment to Kacchi Bhai Biryani via Tanvir's Restaurant/Food Fund,8327.38,8327.38,2341.71,1897.00,,,"{""merchant"": ""Kacchi Bhai Biryani"", ""fund"": ""Tanvir's Restaurant/Food Fund"", ""ground_truth_anomaly"": false}",False
TXN-20260517-000884,5,,1,2026-05-17 17:01:42,724.32,MERCHANT_PAYMENT,PURPOSE_FUND,17,,Grocery,COMPLETED,,Payment to Agora Super Shop via Kamrul's Grocery Fund,65291.22,65291.22,26341.99,25617.67,,,"{""merchant"": ""Agora Super Shop"", ""fund"": ""Kamrul's Grocery Fund"", ""ground_truth_anomaly"": false}",False
TXN-20260517-000896,3,,16,2026-05-17 17:29:35,5625.07,MERCHANT_PAYMENT,PURPOSE_FUND,10,,Education,COMPLETED,,Payment to Daffodil University Tuition via Farhan's Education Fund,75383.09,75383.09,19676.23,14051.16,,,"{""merchant"": ""Daffodil University Tuition"", ""fund"": ""Farhan's Education Fund"", ""ground_truth_anomaly"": false}",False
TXN-20260517-000885,9,,30,2026-05-17 17:45:43,584.09,MERCHANT_PAYMENT,NORMAL_WALLET,,,Shopping,COMPLETED,,Payment to Aarong Lifestyle Retail from Normal Wallet,106645.16,106061.07,,,,,"{""merchant"": ""Aarong Lifestyle Retail"", ""ground_truth_anomaly"": false}",False
TXN-20260517-000886,4,,,2026-05-17 18:32:34,200.00,MOBILE_RECHARGE,NORMAL_WALLET,,,Recharge,COMPLETED,,Mobile Recharge to 01710000004,86566.88,86366.88,,,,,"{""operator"": ""Grameenphone"", ""ground_truth_anomaly"": false}",False
TXN-20260517-000895,10,,17,2026-05-17 18:32:46,760.24,MERCHANT_PAYMENT,FAMILY_PASS,,1,Education,COMPLETED,,FamilyPass spending by Samiul Tariq at Mastermind School,73706.07,72945.83,,,760.24,0.00,"{""owner_id"": 1, ""member_id"": 10, ""merchant"": ""Mastermind School"", ""ground_truth_anomaly"": false}",False
TXN-20260517-000894,24,,27,2026-05-17 19:12:09,449.22,MERCHANT_PAYMENT,PURPOSE_FUND,74,,Transport,COMPLETED,,Payment to Pathao Transportation via Emon's Transport Fund,70100.22,70100.22,9474.43,9025.21,,,"{""merchant"": ""Pathao Transportation"", ""fund"": ""Emon's Transport Fund"", ""ground_truth_anomaly"": false}",False
TXN-20260517-000890,25,,,2026-05-17 19:21:59,300.00,MOBILE_RECHARGE,NORMAL_WALLET,,,Recharge,COMPLETED,,Mobile Recharge to 01710000025,81369.02,81069.02,,,,,"{""operator"": ""Grameenphone"", ""ground_truth_anomaly"": false}",False
TXN-20260517-000888,21,,,2026-05-17 19:44:17,300.00,MOBILE_RECHARGE,NORMAL_WALLET,,,Recharge,COMPLETED,,Mobile Recharge to 01710000021,247637.00,247337.00,,,,,"{""operator"": ""Grameenphone"", ""ground_truth_anomaly"": false}",False
TXN-20260517-000892,20,,,2026-05-17 19:46:59,300.00,MOBILE_RECHARGE,NORMAL_WALLET,,,Recharge,COMPLETED,,Mobile Recharge to 01710000020,208723.28,208423.28,,,,,"{""operator"": ""Grameenphone"", ""ground_truth_anomaly"": false}",False
TXN-ANOM-20260517-003136,25,,24,2026-05-17 21:25:00,3022.00,MERCHANT_PAYMENT,NORMAL_WALLET,,,Restaurant/Food,COMPLETED,,Large banquet charge at Takeout Gourmet Burgers,213949.01,210927.01,,,,,"{""ground_truth_anomaly"": true, ""anomaly_type"": ""SPENDING_BURST""}",True
TXN-20260517-000889,18,,6,2026-05-17 22:14:32,1021.91,MERCHANT_PAYMENT,FAMILY_PASS,,6,Grocery,COMPLETED,,FamilyPass spending by Rumana Alam at Karwan Bazar Wholesale,86316.88,85294.97,,,9734.09,8712.18,"{""owner_id"": 4, ""member_id"": 18, ""merchant"": ""Karwan Bazar Wholesale"", ""ground_truth_anomaly"": false}",False
TXN-20260517-000883,12,,25,2026-05-17 23:35:58,273.12,MERCHANT_PAYMENT,FAMILY_PASS,,5,Transport,COMPLETED,,FamilyPass spending by Rafid Kabir at Shohoz Interdistrict Ride,75656.21,75383.09,,,2931.53,2658.41,"{""owner_id"": 3, ""member_id"": 12, ""merchant"": ""Shohoz Interdistrict Ride"", ""ground_truth_anomaly"": false}",False
TXN-20260518-000904,19,,5,2026-05-18 08:00:21,614.69,MERCHANT_PAYMENT,FAMILY_PASS,,9,Grocery,COMPLETED,,FamilyPass spending by Sadia Chowdhury at Chaldal Grocery Express,208423.28,207808.59,,,12042.34,11427.65,"{""owner_id"": 20, ""member_id"": 19, ""merchant"": ""Chaldal Grocery Express"", ""ground_truth_anomaly"": false}",False
TXN-20260518-000907,21,,,2026-05-18 09:05:35,300.00,MOBILE_RECHARGE,NORMAL_WALLET,,,Recharge,COMPLETED,,Mobile Recharge to 01710000021,247337.00,247037.00,,,,,"{""operator"": ""Grameenphone"", ""ground_truth_anomaly"": false}",False
TXN-20260518-000902,25,,22,2026-05-18 09:19:37,1283.83,MERCHANT_PAYMENT,PURPOSE_FUND,75,,Restaurant/Food,COMPLETED,,Payment to Star Kabab & Restaurant via Arif's Restaurant/Food Fund,81069.02,81069.02,20370.12,19086.29,,,"{""merchant"": ""Star Kabab & Restaurant"", ""fund"": ""Arif's Restaurant/Food Fund"", ""ground_truth_anomaly"": false}",False
TXN-20260518-000909,22,,16,2026-05-18 09:54:07,4671.27,MERCHANT_PAYMENT,PURPOSE_FUND,67,,Education,COMPLETED,,Payment to Daffodil University Tuition via Nafis's Education Fund,181708.13,181708.13,34403.18,29731.91,,,"{""merchant"": ""Daffodil University Tuition"", ""fund"": ""Nafis's Education Fund"", ""ground_truth_anomaly"": false}",False
TXN-20260518-000913,3,12,,2026-05-18 10:19:48,300.00,SEND_MONEY,NORMAL_WALLET,,,Transfer,COMPLETED,,Sent money to Rafid Kabir,75383.09,75083.09,,,,,"{""recipient_phone"": ""01710000012"", ""ground_truth_anomaly"": false}",False
TXN-ANOM-20260518-003184,20,,13,2026-05-18 10:48:00,15756.00,MERCHANT_PAYMENT,NORMAL_WALLET,,,Treatment,COMPLETED,,Emergency diagnostic package at Popular Diagnostic Centre,530304.88,514548.88,,,,,"{""ground_truth_anomaly"": true, ""anomaly_type"": ""UNUSUAL_CATEGORY""}",True
TXN-20260518-000910,18,,9,2026-05-18 11:27:46,176.23,MERCHANT_PAYMENT,FAMILY_PASS,,6,Medicine,COMPLETED,,FamilyPass spending by Rumana Alam at Green Life Model Pharmacy,85294.97,85118.74,,,8712.18,8535.95,"{""owner_id"": 4, ""member_id"": 18, ""merchant"": ""Green Life Model Pharmacy"", ""ground_truth_anomaly"": false}",False
TXN-20260518-000921,4,,29,2026-05-18 12:25:16,994.05,MERCHANT_PAYMENT,PURPOSE_FUND,14,,Rent,COMPLETED,,Payment to Rangs Living Rent via Mahbub's Rent Fund,85118.74,85118.74,36891.42,35897.37,,,"{""merchant"": ""Rangs Living Rent"", ""fund"": ""Mahbub's Rent Fund"", ""ground_truth_anomaly"": false}",False
TXN-20260518-000911,2,,8,2026-05-18 13:30:41,574.45,MERCHANT_PAYMENT,PURPOSE_FUND,8,,Medicine,COMPLETED,,Payment to Tamanna Pharmacy via Anisul's Medicine Fund,101192.93,101192.93,9092.50,8518.05,,,"{""merchant"": ""Tamanna Pharmacy"", ""fund"": ""Anisul's Medicine Fund"", ""ground_truth_anomaly"": false}",False
TXN-20260518-000916,1,,,2026-05-18 13:56:15,50.00,MOBILE_RECHARGE,NORMAL_WALLET,,,Recharge,COMPLETED,,Mobile Recharge to 01710000001,72201.06,72151.06,,,,,"{""operator"": ""Grameenphone"", ""ground_truth_anomaly"": false}",False
TXN-20260518-000919,16,,10,2026-05-18 14:00:21,113.88,MERCHANT_PAYMENT,PURPOSE_FUND,50,,Medicine,COMPLETED,,Payment to Square Hospital Pharmacy via Nasrin's Medicine Fund,11211.09,11211.09,6548.67,6434.79,,,"{""merchant"": ""Square Hospital Pharmacy"", ""fund"": ""Nasrin's Medicine Fund"", ""ground_truth_anomaly"": false}",False
TXN-20260518-000920,20,,3,2026-05-18 15:01:13,653.47,MERCHANT_PAYMENT,PURPOSE_FUND,57,,Grocery,COMPLETED,,Payment to Unimart Hypermarket via Asif's Grocery Fund,207043.21,207043.21,52122.74,51469.27,,,"{""merchant"": ""Unimart Hypermarket"", ""fund"": ""Asif's Grocery Fund"", ""ground_truth_anomaly"": false}",False
TXN-20260518-000915,1,,25,2026-05-18 15:29:07,744.77,MERCHANT_PAYMENT,NORMAL_WALLET,,,Transport,COMPLETED,,Payment to Shohoz Interdistrict Ride from Normal Wallet,72945.83,72201.06,,,,,"{""merchant"": ""Shohoz Interdistrict Ride"", ""ground_truth_anomaly"": false}",False
TXN-20260518-000908,6,,19,2026-05-18 16:09:28,822.85,MERCHANT_PAYMENT,PURPOSE_FUND,23,,Electricity,COMPLETED,,Payment to DPDC Electricity Payment via Zahid's Electricity Fund,101488.77,101488.77,1287.00,464.15,,,"{""merchant"": ""DPDC Electricity Payment"", ""fund"": ""Zahid's Electricity Fund"", ""ground_truth_anomaly"": false}",False
TXN-20260518-000906,24,,24,2026-05-18 18:05:56,866.59,MERCHANT_PAYMENT,PURPOSE_FUND,72,,Restaurant/Food,COMPLETED,,Payment to Takeout Gourmet Burgers via Emon's Restaurant/Food Fund,70100.22,70100.22,13614.42,12747.83,,,"{""merchant"": ""Takeout Gourmet Burgers"", ""fund"": ""Emon's Restaurant/Food Fund"", ""ground_truth_anomaly"": false}",False
TXN-20260518-000900,8,,16,2026-05-18 18:13:57,4350.65,MERCHANT_PAYMENT,PURPOSE_FUND,30,,Education,COMPLETED,,Payment to Daffodil University Tuition via Saifur's Education Fund,111574.23,111574.23,18992.80,14642.15,,,"{""merchant"": ""Daffodil University Tuition"", ""fund"": ""Saifur's Education Fund"", ""ground_truth_anomaly"": false}",False
TXN-20260518-000917,7,,19,2026-05-18 19:29:38,860.28,MERCHANT_PAYMENT,PURPOSE_FUND,26,,Electricity,COMPLETED,,Payment to DPDC Electricity Payment via Delwar's Electricity Fund,75213.03,75213.03,1140.58,280.30,,,"{""merchant"": ""DPDC Electricity Payment"", ""fund"": ""Delwar's Electricity Fund"", ""ground_truth_anomaly"": false}",False
TXN-20260518-000918,7,,,2026-05-18 19:41:59,200.00,MOBILE_RECHARGE,NORMAL_WALLET,,,Recharge,COMPLETED,,Mobile Recharge to 01710000007,75213.03,75013.03,,,,,"{""operator"": ""Grameenphone"", ""ground_truth_anomaly"": false}",False
TXN-20260518-000912,3,,16,2026-05-18 19:48:50,2791.94,MERCHANT_PAYMENT,PURPOSE_FUND,10,,Education,COMPLETED,,Payment to Daffodil University Tuition via Farhan's Education Fund,75383.09,75383.09,14051.16,11259.22,,,"{""merchant"": ""Daffodil University Tuition"", ""fund"": ""Farhan's Education Fund"", ""ground_truth_anomaly"": false}",False
TXN-20260518-000905,19,,5,2026-05-18 20:01:26,765.38,MERCHANT_PAYMENT,FAMILY_PASS,,9,Grocery,COMPLETED,,FamilyPass spending by Sadia Chowdhury at Chaldal Grocery Express,207808.59,207043.21,,,11427.65,10662.27,"{""owner_id"": 20, ""member_id"": 19, ""merchant"": ""Chaldal Grocery Express"", ""ground_truth_anomaly"": false}",False
TXN-20260518-000914,9,,7,2026-05-18 21:32:31,356.64,MERCHANT_PAYMENT,PURPOSE_FUND,36,,Medicine,COMPLETED,,Payment to Labaid Pharmacy via Shahidul's Medicine Fund,106061.07,106061.07,10652.14,10295.50,,,"{""merchant"": ""Labaid Pharmacy"", ""fund"": ""Shahidul's Medicine Fund"", ""ground_truth_anomaly"": false}",False
TXN-20260518-000903,25,13,,2026-05-18 22:29:53,1500.00,SEND_MONEY,NORMAL_WALLET,,,Transfer,COMPLETED,,Sent money to Nahian Hasan,81069.02,79569.02,,,,,"{""recipient_phone"": ""01710000013"", ""ground_truth_anomaly"": false}",False
TXN-20260518-000901,8,,20,2026-05-18 22:33:11,923.20,MERCHANT_PAYMENT,PURPOSE_FUND,31,,Electricity,COMPLETED,,Payment to Link3 Internet Utilities via Saifur's Electricity Fund,111574.23,111574.23,1011.36,88.16,,,"{""merchant"": ""Link3 Internet Utilities"", ""fund"": ""Saifur's Electricity Fund"", ""ground_truth_anomaly"": false}",False
TXN-20260518-000899,23,,30,2026-05-18 23:41:50,979.35,MERCHANT_PAYMENT,PURPOSE_FUND,70,,Shopping,COMPLETED,,Payment to Aarong Lifestyle Retail via Shafiqul's Shopping Fund,87761.72,87761.72,13072.29,12092.94,,,"{""merchant"": ""Aarong Lifestyle Retail"", ""fund"": ""Shafiqul's Shopping Fund"", ""ground_truth_anomaly"": false}",True
TXN-20260519-000931,19,,3,2026-05-19 11:21:39,847.27,MERCHANT_PAYMENT,PURPOSE_FUND,55,,Grocery,COMPLETED,,Payment to Unimart Hypermarket via Sadia's Grocery Fund,18862.94,18862.94,18565.70,17718.43,,,"{""merchant"": ""Unimart Hypermarket"", ""fund"": ""Sadia's Grocery Fund"", ""ground_truth_anomaly"": false}",True
TXN-20260519-000925,22,5,,2026-05-19 13:10:43,1000.00,SEND_MONEY,NORMAL_WALLET,,,Transfer,COMPLETED,,Sent money to Kamrul Hasan,181708.13,180708.13,,,,,"{""recipient_phone"": ""01710000005"", ""ground_truth_anomaly"": false}",False
TXN-20260519-000935,24,,21,2026-05-19 13:17:24,912.91,MERCHANT_PAYMENT,PURPOSE_FUND,72,,Restaurant/Food,COMPLETED,,Payment to Sultan's Dine Kacchi via Emon's Restaurant/Food Fund,70100.22,70100.22,12747.83,11834.92,,,"{""merchant"": ""Sultan's Dine Kacchi"", ""fund"": ""Emon's Restaurant/Food Fund"", ""ground_truth_anomaly"": false}",False
TXN-20260519-000924,8,,1,2026-05-19 13:30:29,773.20,MERCHANT_PAYMENT,PURPOSE_FUND,29,,Grocery,COMPLETED,,Payment to Agora Super Shop via Saifur's Grocery Fund,111574.23,111574.23,38768.35,37995.15,,,"{""merchant"": ""Agora Super Shop"", ""fund"": ""Saifur's Grocery Fund"", ""ground_truth_anomaly"": false}",False
TXN-20260519-000923,14,,22,2026-05-19 13:51:26,600.60,MERCHANT_PAYMENT,FAMILY_PASS,,8,Restaurant/Food,COMPLETED,,FamilyPass spending by Sakib Chowdhury at Star Kabab & Restaurant,207043.21,206442.61,,,2531.80,1931.20,"{""owner_id"": 20, ""member_id"": 14, ""merchant"": ""Star Kabab & Restaurant"", ""ground_truth_anomaly"": false}",False
TXN-20260519-000926,3,,26,2026-05-19 15:33:21,486.67,MERCHANT_PAYMENT,PURPOSE_FUND,12,,Transport,COMPLETED,,Payment to Uber Bangladesh Mobility via Farhan's Transport Fund,75083.09,75083.09,9369.07,8882.40,,,"{""merchant"": ""Uber Bangladesh Mobility"", ""fund"": ""Farhan's Transport Fund"", ""ground_truth_anomaly"": false}",False
TXN-20260519-000930,18,,1,2026-05-19 16:04:17,729.94,MERCHANT_PAYMENT,PURPOSE_FUND,53,,Grocery,COMPLETED,,Payment to Agora Super Shop via Rumana's Grocery Fund,23128.41,23128.41,17151.75,16421.81,,,"{""merchant"": ""Agora Super Shop"", ""fund"": ""Rumana's Grocery Fund"", ""ground_truth_anomaly"": false}",False
TXN-20260519-000927,5,,3,2026-05-19 16:13:58,841.70,MERCHANT_PAYMENT,PURPOSE_FUND,17,,Grocery,COMPLETED,,Payment to Unimart Hypermarket via Kamrul's Grocery Fund,66291.22,66291.22,25617.67,24775.97,,,"{""merchant"": ""Unimart Hypermarket"", ""fund"": ""Kamrul's Grocery Fund"", ""ground_truth_anomaly"": false}",True
TXN-20260519-000934,25,,22,2026-05-19 17:05:54,1534.91,MERCHANT_PAYMENT,PURPOSE_FUND,75,,Restaurant/Food,COMPLETED,,Payment to Star Kabab & Restaurant via Arif's Restaurant/Food Fund,79569.02,79569.02,19086.29,17551.38,,,"{""merchant"": ""Star Kabab & Restaurant"", ""fund"": ""Arif's Restaurant/Food Fund"", ""ground_truth_anomaly"": false}",False
TXN-20260519-000928,21,,21,2026-05-19 17:45:55,654.26,MERCHANT_PAYMENT,NORMAL_WALLET,,,Restaurant/Food,COMPLETED,,Payment to Sultan's Dine Kacchi from Normal Wallet,247037.00,246382.74,,,,,"{""merchant"": ""Sultan's Dine Kacchi"", ""ground_truth_anomaly"": false}",False
TXN-20260519-000922,16,,3,2026-05-19 19:01:31,822.07,MERCHANT_PAYMENT,PURPOSE_FUND,49,,Grocery,COMPLETED,,Payment to Unimart Hypermarket via Nasrin's Grocery Fund,11211.09,11211.09,13862.91,13040.84,,,"{""merchant"": ""Unimart Hypermarket"", ""fund"": ""Nasrin's Grocery Fund"", ""ground_truth_anomaly"": false}",False
TXN-20260519-000933,15,,26,2026-05-19 19:22:40,225.12,MERCHANT_PAYMENT,FAMILY_PASS,,10,Transport,COMPLETED,,FamilyPass spending by Zubair Ahmed at Uber Bangladesh Mobility,87761.72,87536.60,,,1184.72,959.60,"{""owner_id"": 23, ""member_id"": 15, ""merchant"": ""Uber Bangladesh Mobility"", ""ground_truth_anomaly"": false}",False
TXN-20260519-000932,10,,26,2026-05-19 21:28:48,264.34,MERCHANT_PAYMENT,PURPOSE_FUND,38,,Transport,COMPLETED,,Payment to Uber Bangladesh Mobility via Samiul's Transport Fund,9082.15,9082.15,4433.76,4169.42,,,"{""merchant"": ""Uber Bangladesh Mobility"", ""fund"": ""Samiul's Transport Fund"", ""ground_truth_anomaly"": false}",False
TXN-20260519-000929,4,,22,2026-05-19 23:57:33,550.42,MERCHANT_PAYMENT,NORMAL_WALLET,,,Restaurant/Food,COMPLETED,,Payment to Star Kabab & Restaurant from Normal Wallet,85118.74,84568.32,,,,,"{""merchant"": ""Star Kabab & Restaurant"", ""ground_truth_anomaly"": false}",False
TXN-20260520-000943,15,,,2026-05-20 08:13:40,100.00,MOBILE_RECHARGE,NORMAL_WALLET,,,Recharge,COMPLETED,,Mobile Recharge to 01710000015,13000.30,12900.30,,,,,"{""operator"": ""Grameenphone"", ""ground_truth_anomaly"": false}",False
TXN-20260520-000942,20,,11,2026-05-20 09:24:43,3420.10,MERCHANT_PAYMENT,PURPOSE_FUND,60,,Treatment,COMPLETED,,Payment to Square Hospital Diagnostic via Asif's Treatment Fund,206442.61,206442.61,23730.03,20309.93,,,"{""merchant"": ""Square Hospital Diagnostic"", ""fund"": ""Asif's Treatment Fund"", ""ground_truth_anomaly"": false}",False
TXN-20260520-000937,3,,26,2026-05-20 09:58:38,232.19,MERCHANT_PAYMENT,PURPOSE_FUND,12,,Transport,COMPLETED,,Payment to Uber Bangladesh Mobility via Farhan's Transport Fund,75083.09,75083.09,8882.40,8650.21,,,"{""merchant"": ""Uber Bangladesh Mobility"", ""fund"": ""Farhan's Transport Fund"", ""ground_truth_anomaly"": false}",False
TXN-20260520-000946,13,,26,2026-05-20 10:14:12,542.61,MERCHANT_PAYMENT,NORMAL_WALLET,,,Transport,COMPLETED,,Payment to Uber Bangladesh Mobility from Normal Wallet,8926.43,8383.82,,,,,"{""merchant"": ""Uber Bangladesh Mobility"", ""ground_truth_anomaly"": false}",False
TXN-20260520-000945,16,,6,2026-05-20 11:00:35,800.33,MERCHANT_PAYMENT,FAMILY_PASS,,2,Grocery,COMPLETED,,FamilyPass spending by Nasrin Rahman at Karwan Bazar Wholesale,72151.06,71350.73,,,6959.70,6159.37,"{""owner_id"": 1, ""member_id"": 16, ""merchant"": ""Karwan Bazar Wholesale"", ""ground_truth_anomaly"": false}",True
TXN-20260520-000950,2,,,2026-05-20 11:11:17,500.00,MOBILE_RECHARGE,NORMAL_WALLET,,,Recharge,COMPLETED,,Mobile Recharge to 01710000002,101192.93,100692.93,,,,,"{""operator"": ""Grameenphone"", ""ground_truth_anomaly"": false}",False
TXN-20260520-000941,12,,25,2026-05-20 11:58:14,205.93,MERCHANT_PAYMENT,FAMILY_PASS,,5,Transport,COMPLETED,,FamilyPass spending by Rafid Kabir at Shohoz Interdistrict Ride,75083.09,74877.16,,,2658.41,2452.48,"{""owner_id"": 3, ""member_id"": 12, ""merchant"": ""Shohoz Interdistrict Ride"", ""ground_truth_anomaly"": false}",False
TXN-20260520-000939,5,,9,2026-05-20 13:37:12,561.63,MERCHANT_PAYMENT,PURPOSE_FUND,19,,Medicine,COMPLETED,,Payment to Green Life Model Pharmacy via Kamrul's Medicine Fund,66291.22,66291.22,11249.27,10687.64,,,"{""merchant"": ""Green Life Model Pharmacy"", ""fund"": ""Kamrul's Medicine Fund"", ""ground_truth_anomaly"": false}",False
TXN-20260520-000948,1,9,,2026-05-20 13:53:59,1500.00,SEND_MONEY,NORMAL_WALLET,,,Transfer,COMPLETED,,Sent money to Shahidul Islam,71350.73,69850.73,,,,,"{""recipient_phone"": ""01710000009"", ""ground_truth_anomaly"": false}",False
TXN-20260520-000944,17,,,2026-05-20 14:15:12,1000.00,CASH_OUT,NORMAL_WALLET,,,Cash Out,COMPLETED,,Agent Cash Out Withdrawal,17869.42,16869.42,,,,,"{""agent_code"": ""AGT-7712"", ""ground_truth_anomaly"": false}",False
TXN-20260520-000940,5,,6,2026-05-20 14:45:04,1135.29,MERCHANT_PAYMENT,PURPOSE_FUND,17,,Grocery,COMPLETED,,Payment to Karwan Bazar Wholesale via Kamrul's Grocery Fund,66291.22,66291.22,24775.97,23640.68,,,"{""merchant"": ""Karwan Bazar Wholesale"", ""fund"": ""Kamrul's Grocery Fund"", ""ground_truth_anomaly"": false}",False
TXN-20260520-000936,25,,,2026-05-20 15:00:07,300.00,MOBILE_RECHARGE,NORMAL_WALLET,,,Recharge,COMPLETED,,Mobile Recharge to 01710000025,79569.02,79269.02,,,,,"{""operator"": ""Grameenphone"", ""ground_truth_anomaly"": false}",False
TXN-20260520-000947,4,,14,2026-05-20 15:35:10,4151.39,MERCHANT_PAYMENT,PURPOSE_FUND,15,,Education,COMPLETED,,Payment to Scholastica School via Mahbub's Education Fund,84568.32,84568.32,22549.16,18397.77,,,"{""merchant"": ""Scholastica School"", ""fund"": ""Mahbub's Education Fund"", ""ground_truth_anomaly"": false}",False
TXN-20260520-000938,3,,18,2026-05-20 17:27:00,177.70,MERCHANT_PAYMENT,PURPOSE_FUND,11,,Electricity,COMPLETED,,Payment to DESCO Prepaid Utility via Farhan's Electricity Fund,75083.09,75083.09,177.70,0.00,,,"{""merchant"": ""DESCO Prepaid Utility"", ""fund"": ""Farhan's Electricity Fund"", ""ground_truth_anomaly"": false}",False
TXN-20260520-000949,19,,1,2026-05-20 19:26:19,812.60,MERCHANT_PAYMENT,FAMILY_PASS,,9,Grocery,COMPLETED,,FamilyPass spending by Sadia Chowdhury at Agora Super Shop,206442.61,205630.01,,,10662.27,9849.67,"{""owner_id"": 20, ""member_id"": 19, ""merchant"": ""Agora Super Shop"", ""ground_truth_anomaly"": false}",True
TXN-ANOM-20260520-003159,3,,23,2026-05-20 21:23:00,2809.00,MERCHANT_PAYMENT,NORMAL_WALLET,,,Restaurant/Food,COMPLETED,,Large banquet charge at Kacchi Bhai Biryani,135072.19,132263.19,,,,,"{""ground_truth_anomaly"": true, ""anomaly_type"": ""SPENDING_BURST""}",True
TXN-20260521-000964,14,,24,2026-05-21 08:20:21,557.94,MERCHANT_PAYMENT,FAMILY_PASS,,8,Restaurant/Food,COMPLETED,,FamilyPass spending by Sakib Chowdhury at Takeout Gourmet Burgers,205163.90,204605.96,,,1465.09,907.15,"{""owner_id"": 20, ""member_id"": 14, ""merchant"": ""Takeout Gourmet Burgers"", ""ground_truth_anomaly"": false}",False
TXN-20260521-000963,14,,22,2026-05-21 09:13:23,466.11,MERCHANT_PAYMENT,FAMILY_PASS,,8,Restaurant/Food,COMPLETED,,FamilyPass spending by Sakib Chowdhury at Star Kabab & Restaurant,205630.01,205163.90,,,1931.20,1465.09,"{""owner_id"": 20, ""member_id"": 14, ""merchant"": ""Star Kabab & Restaurant"", ""ground_truth_anomaly"": false}",False
TXN-20260521-000960,10,,25,2026-05-21 13:04:53,777.59,MERCHANT_PAYMENT,NORMAL_WALLET,,,Transport,COMPLETED,,Payment to Shohoz Interdistrict Ride from Normal Wallet,9082.15,8304.56,,,,,"{""merchant"": ""Shohoz Interdistrict Ride"", ""ground_truth_anomaly"": false}",False
TXN-20260521-000961,10,,26,2026-05-21 15:09:26,374.62,MERCHANT_PAYMENT,PURPOSE_FUND,38,,Transport,COMPLETED,,Payment to Uber Bangladesh Mobility via Samiul's Transport Fund,8304.56,8304.56,4169.42,3794.80,,,"{""merchant"": ""Uber Bangladesh Mobility"", ""fund"": ""Samiul's Transport Fund"", ""ground_truth_anomaly"": false}",False
TXN-20260521-000958,3,,26,2026-05-21 15:09:52,300.87,MERCHANT_PAYMENT,PURPOSE_FUND,12,,Transport,COMPLETED,,Payment to Uber Bangladesh Mobility via Farhan's Transport Fund,74877.16,74877.16,8650.21,8349.34,,,"{""merchant"": ""Uber Bangladesh Mobility"", ""fund"": ""Farhan's Transport Fund"", ""ground_truth_anomaly"": false}",False
TXN-20260521-000956,24,,23,2026-05-21 16:04:23,469.99,MERCHANT_PAYMENT,PURPOSE_FUND,72,,Restaurant/Food,COMPLETED,,Payment to Kacchi Bhai Biryani via Emon's Restaurant/Food Fund,70100.22,70100.22,11834.92,11364.93,,,"{""merchant"": ""Kacchi Bhai Biryani"", ""fund"": ""Emon's Restaurant/Food Fund"", ""ground_truth_anomaly"": false}",False
TXN-20260521-000951,8,,12,2026-05-21 16:04:50,2041.37,MERCHANT_PAYMENT,PURPOSE_FUND,32,,Treatment,COMPLETED,,Payment to Evercare Hospital Lab via Saifur's Treatment Fund,111574.23,111574.23,7193.60,5152.23,,,"{""merchant"": ""Evercare Hospital Lab"", ""fund"": ""Saifur's Treatment Fund"", ""ground_truth_anomaly"": false}",False
TXN-20260521-000957,3,,6,2026-05-21 19:19:10,1027.30,MERCHANT_PAYMENT,PURPOSE_FUND,9,,Grocery,COMPLETED,,Payment to Karwan Bazar Wholesale via Farhan's Grocery Fund,74877.16,74877.16,30265.16,29237.86,,,"{""merchant"": ""Karwan Bazar Wholesale"", ""fund"": ""Farhan's Grocery Fund"", ""ground_truth_anomaly"": false}",False
TXN-20260521-000954,13,,,2026-05-21 19:40:00,500.00,MOBILE_RECHARGE,NORMAL_WALLET,,,Recharge,COMPLETED,,Mobile Recharge to 01710000013,8383.82,7883.82,,,,,"{""operator"": ""Grameenphone"", ""ground_truth_anomaly"": false}",False
TXN-REJ-20260521-003281,13,,28,2026-05-21 19:54:00,1397.00,MERCHANT_PAYMENT,FAMILY_PASS,,7,Rent,REJECTED,Category Restriction Mismatch: Merchant 'Eastern Housing Rental' category 'Rent' is not allowed for this FamilyPass.,Attempted FamilyPass spending at Eastern Housing Rental,66638.03,66638.03,,,3000.00,3000.00,"{""ground_truth_anomaly"": false, ""policy_violation"": ""FAMILYPASS_CATEGORY_MISMATCH""}",False
TXN-20260521-000965,21,,28,2026-05-21 19:54:35,366.02,MERCHANT_PAYMENT,PURPOSE_FUND,62,,Rent,COMPLETED,,Payment to Eastern Housing Rental via Tanzeem's Rent Fund,246382.74,246382.74,56871.36,56505.34,,,"{""merchant"": ""Eastern Housing Rental"", ""fund"": ""Tanzeem's Rent Fund"", ""ground_truth_anomaly"": false}",False
TXN-20260521-000955,9,22,,2026-05-21 20:56:06,1000.00,SEND_MONEY,NORMAL_WALLET,,,Transfer,COMPLETED,,Sent money to Nafis Fuad,107561.07,106561.07,,,,,"{""recipient_phone"": ""01710000022"", ""ground_truth_anomaly"": false}",False
TXN-20260521-000959,19,,4,2026-05-21 20:56:56,1062.22,MERCHANT_PAYMENT,PURPOSE_FUND,55,,Grocery,COMPLETED,,Payment to Meena Bazar via Sadia's Grocery Fund,18862.94,18862.94,17718.43,16656.21,,,"{""merchant"": ""Meena Bazar"", ""fund"": ""Sadia's Grocery Fund"", ""ground_truth_anomaly"": false}",True
TXN-ANOM-20260521-003140,13,,24,2026-05-21 21:14:00,3133.00,MERCHANT_PAYMENT,NORMAL_WALLET,,,Restaurant/Food,COMPLETED,,Large banquet charge at Takeout Gourmet Burgers,21230.53,18097.53,,,,,"{""ground_truth_anomaly"": true, ""anomaly_type"": ""SPENDING_BURST""}",True
TXN-20260521-000952,6,,30,2026-05-21 21:31:26,1244.21,MERCHANT_PAYMENT,PURPOSE_FUND,24,,Shopping,COMPLETED,,Payment to Aarong Lifestyle Retail via Zahid's Shopping Fund,101488.77,101488.77,7270.74,6026.53,,,"{""merchant"": ""Aarong Lifestyle Retail"", ""fund"": ""Zahid's Shopping Fund"", ""ground_truth_anomaly"": false}",True
TXN-20260521-000962,12,,30,2026-05-21 21:38:54,402.52,MERCHANT_PAYMENT,NORMAL_WALLET,,,Shopping,COMPLETED,,Payment to Aarong Lifestyle Retail from Normal Wallet,11697.62,11295.10,,,,,"{""merchant"": ""Aarong Lifestyle Retail"", ""ground_truth_anomaly"": false}",False
TXN-20260521-000953,22,,30,2026-05-21 23:55:36,1657.36,MERCHANT_PAYMENT,PURPOSE_FUND,68,,Shopping,COMPLETED,,Payment to Aarong Lifestyle Retail via Nafis's Shopping Fund,180708.13,180708.13,24442.11,22784.75,,,"{""merchant"": ""Aarong Lifestyle Retail"", ""fund"": ""Nafis's Shopping Fund"", ""ground_truth_anomaly"": false}",True
TXN-20260522-000976,12,,27,2026-05-22 08:16:39,271.93,MERCHANT_PAYMENT,FAMILY_PASS,,5,Transport,COMPLETED,,FamilyPass spending by Rafid Kabir at Pathao Transportation,76377.16,76105.23,,,2452.48,2180.55,"{""owner_id"": 3, ""member_id"": 12, ""merchant"": ""Pathao Transportation"", ""ground_truth_anomaly"": false}",False
TXN-20260522-000969,6,,,2026-05-22 08:29:11,500.00,MOBILE_RECHARGE,NORMAL_WALLET,,,Recharge,COMPLETED,,Mobile Recharge to 01710000006,99988.77,99488.77,,,,,"{""operator"": ""Grameenphone"", ""ground_truth_anomaly"": false}",False
TXN-20260522-000982,22,,2,2026-05-22 10:06:33,397.02,MERCHANT_PAYMENT,PURPOSE_FUND,65,,Grocery,COMPLETED,,Payment to Shwapno Superstore via Nafis's Grocery Fund,181708.13,181708.13,48081.30,47684.28,,,"{""merchant"": ""Shwapno Superstore"", ""fund"": ""Nafis's Grocery Fund"", ""ground_truth_anomaly"": false}",False
TXN-20260522-000967,24,,23,2026-05-22 10:34:25,1524.77,MERCHANT_PAYMENT,PURPOSE_FUND,72,,Restaurant/Food,COMPLETED,,Payment to Kacchi Bhai Biryani via Emon's Restaurant/Food Fund,69379.62,69379.62,11364.93,9840.16,,,"{""merchant"": ""Kacchi Bhai Biryani"", ""fund"": ""Emon's Restaurant/Food Fund"", ""ground_truth_anomaly"": false}",False
TXN-20260522-000983,15,,25,2026-05-22 11:44:59,366.85,MERCHANT_PAYMENT,FAMILY_PASS,,10,Transport,COMPLETED,,FamilyPass spending by Zubair Ahmed at Shohoz Interdistrict Ride,87536.60,87169.75,,,959.60,592.75,"{""owner_id"": 23, ""member_id"": 15, ""merchant"": ""Shohoz Interdistrict Ride"", ""ground_truth_anomaly"": false}",False
TXN-20260522-000980,21,,30,2026-05-22 15:19:05,2580.76,MERCHANT_PAYMENT,PURPOSE_FUND,64,,Shopping,COMPLETED,,Payment to Aarong Lifestyle Retail via Tanzeem's Shopping Fund,246382.74,246382.74,37681.61,35100.85,,,"{""merchant"": ""Aarong Lifestyle Retail"", ""fund"": ""Tanzeem's Shopping Fund"", ""ground_truth_anomaly"": false}",False
TXN-20260522-000971,19,,6,2026-05-22 16:00:10,442.62,MERCHANT_PAYMENT,PURPOSE_FUND,55,,Grocery,COMPLETED,,Payment to Karwan Bazar Wholesale via Sadia's Grocery Fund,18862.94,18862.94,16656.21,16213.59,,,"{""merchant"": ""Karwan Bazar Wholesale"", ""fund"": ""Sadia's Grocery Fund"", ""ground_truth_anomaly"": false}",False
TXN-20260522-000985,1,,,2026-05-22 16:08:41,300.00,MOBILE_RECHARGE,NORMAL_WALLET,,,Recharge,COMPLETED,,Mobile Recharge to 01710000001,69850.73,69550.73,,,,,"{""operator"": ""Grameenphone"", ""ground_truth_anomaly"": false}",False
TXN-REJ-20260522-003299,17,,4,2026-05-22 16:13:00,12282.00,MERCHANT_PAYMENT,FAMILY_PASS,,4,Grocery,REJECTED,"FamilyPass spending limit exceeded. Remaining allowance: ৳10,000.00, requested: ৳12,282.00",Attempted FamilyPass spending exceeding allowance,206213.36,206213.36,,,10000.00,10000.00,"{""ground_truth_anomaly"": false, ""policy_violation"": ""FAMILYPASS_LIMIT_EXCEEDED""}",False
TXN-20260522-000970,18,,2,2026-05-22 16:30:51,634.64,MERCHANT_PAYMENT,FAMILY_PASS,,6,Grocery,COMPLETED,,FamilyPass spending by Rumana Alam at Shwapno Superstore,84568.32,83933.68,,,8535.95,7901.31,"{""owner_id"": 4, ""member_id"": 18, ""merchant"": ""Shwapno Superstore"", ""ground_truth_anomaly"": false}",False
TXN-20260522-000981,4,,3,2026-05-22 16:44:27,709.52,MERCHANT_PAYMENT,PURPOSE_FUND,13,,Grocery,COMPLETED,,Payment to Unimart Hypermarket via Mahbub's Grocery Fund,83933.68,83933.68,40917.31,40207.79,,,"{""merchant"": ""Unimart Hypermarket"", ""fund"": ""Mahbub's Grocery Fund"", ""ground_truth_anomaly"": false}",False
TXN-20260522-000968,6,3,,2026-05-22 16:54:52,1500.00,SEND_MONEY,NORMAL_WALLET,,,Transfer,COMPLETED,,Sent money to Farhan Kabir,101488.77,99988.77,,,,,"{""recipient_phone"": ""01710000003"", ""ground_truth_anomaly"": false}",False
TXN-20260522-000977,5,,7,2026-05-22 18:04:18,254.09,MERCHANT_PAYMENT,PURPOSE_FUND,19,,Medicine,COMPLETED,,Payment to Labaid Pharmacy via Kamrul's Medicine Fund,66291.22,66291.22,10687.64,10433.55,,,"{""merchant"": ""Labaid Pharmacy"", ""fund"": ""Kamrul's Medicine Fund"", ""ground_truth_anomaly"": false}",False
TXN-20260522-000979,11,,22,2026-05-22 18:08:17,911.50,MERCHANT_PAYMENT,PURPOSE_FUND,40,,Restaurant/Food,COMPLETED,,Payment to Star Kabab & Restaurant via Tanvir's Restaurant/Food Fund,8327.38,8327.38,1897.00,985.50,,,"{""merchant"": ""Star Kabab & Restaurant"", ""fund"": ""Tanvir's Restaurant/Food Fund"", ""ground_truth_anomaly"": false}",False
TXN-20260522-000978,11,,24,2026-05-22 19:41:36,681.25,MERCHANT_PAYMENT,FAMILY_PASS,,3,Restaurant/Food,COMPLETED,,FamilyPass spending by Tanvir Haque at Takeout Gourmet Burgers,100692.93,100011.68,,,1978.58,1297.33,"{""owner_id"": 2, ""member_id"": 11, ""merchant"": ""Takeout Gourmet Burgers"", ""ground_truth_anomaly"": false}",False
TXN-20260522-000973,8,,,2026-05-22 19:53:06,100.00,MOBILE_RECHARGE,NORMAL_WALLET,,,Recharge,COMPLETED,,Mobile Recharge to 01710000008,111574.23,111474.23,,,,,"{""operator"": ""Grameenphone"", ""ground_truth_anomaly"": false}",False
TXN-20260522-000975,23,,30,2026-05-22 20:24:59,2168.32,MERCHANT_PAYMENT,PURPOSE_FUND,70,,Shopping,COMPLETED,,Payment to Aarong Lifestyle Retail via Shafiqul's Shopping Fund,87536.60,87536.60,12092.94,9924.62,,,"{""merchant"": ""Aarong Lifestyle Retail"", ""fund"": ""Shafiqul's Shopping Fund"", ""ground_truth_anomaly"": false}",True
TXN-ANOM-20260522-003134,9,,21,2026-05-22 21:14:00,2271.00,MERCHANT_PAYMENT,NORMAL_WALLET,,,Restaurant/Food,COMPLETED,,Large banquet charge at Sultan's Dine Kacchi,290240.29,287969.29,,,,,"{""ground_truth_anomaly"": true, ""anomaly_type"": ""SPENDING_BURST""}",True
TXN-20260522-000986,1,,16,2026-05-22 21:15:50,4328.39,MERCHANT_PAYMENT,PURPOSE_FUND,3,,Education,COMPLETED,,Payment to Daffodil University Tuition via Tariq's Education Fund,69550.73,69550.73,24000.00,19671.61,,,"{""merchant"": ""Daffodil University Tuition"", ""fund"": ""Tariq's Education Fund"", ""ground_truth_anomaly"": false}",False
TXN-20260522-000974,23,,24,2026-05-22 21:18:27,500.85,MERCHANT_PAYMENT,PURPOSE_FUND,69,,Restaurant/Food,COMPLETED,,Payment to Takeout Gourmet Burgers via Shafiqul's Restaurant/Food Fund,87536.60,87536.60,21729.02,21228.17,,,"{""merchant"": ""Takeout Gourmet Burgers"", ""fund"": ""Shafiqul's Restaurant/Food Fund"", ""ground_truth_anomaly"": false}",False
TXN-20260522-000966,24,,27,2026-05-22 21:31:29,720.60,MERCHANT_PAYMENT,NORMAL_WALLET,,,Transport,COMPLETED,,Payment to Pathao Transportation from Normal Wallet,70100.22,69379.62,,,,,"{""merchant"": ""Pathao Transportation"", ""ground_truth_anomaly"": false}",False
TXN-20260522-000972,10,,27,2026-05-22 21:45:15,208.84,MERCHANT_PAYMENT,PURPOSE_FUND,38,,Transport,COMPLETED,,Payment to Pathao Transportation via Samiul's Transport Fund,8304.56,8304.56,3794.80,3585.96,,,"{""merchant"": ""Pathao Transportation"", ""fund"": ""Samiul's Transport Fund"", ""ground_truth_anomaly"": false}",False
TXN-20260522-000984,3,,16,2026-05-22 22:39:54,3414.47,MERCHANT_PAYMENT,PURPOSE_FUND,10,,Education,COMPLETED,,Payment to Daffodil University Tuition via Farhan's Education Fund,76105.23,76105.23,11259.22,7844.75,,,"{""merchant"": ""Daffodil University Tuition"", ""fund"": ""Farhan's Education Fund"", ""ground_truth_anomaly"": false}",False
TXN-20260523-001002,3,,17,2026-05-23 10:07:24,5703.40,MERCHANT_PAYMENT,PURPOSE_FUND,10,,Education,COMPLETED,,Payment to Mastermind School via Farhan's Education Fund,76105.23,76105.23,7844.75,2141.35,,,"{""merchant"": ""Mastermind School"", ""fund"": ""Farhan's Education Fund"", ""ground_truth_anomaly"": false}",False
TXN-20260523-001004,1,,,2026-05-23 10:13:51,50.00,MOBILE_RECHARGE,NORMAL_WALLET,,,Recharge,COMPLETED,,Mobile Recharge to 01710000001,69550.73,69500.73,,,,,"{""operator"": ""Grameenphone"", ""ground_truth_anomaly"": false}",False
TXN-20260523-000991,20,7,,2026-05-23 11:52:27,500.00,SEND_MONEY,NORMAL_WALLET,,,Transfer,COMPLETED,,Sent money to Delwar Hossain,204605.96,204105.96,,,,,"{""recipient_phone"": ""01710000007"", ""ground_truth_anomaly"": false}",False
TXN-20260523-000992,20,,30,2026-05-23 13:05:39,2341.09,MERCHANT_PAYMENT,PURPOSE_FUND,59,,Shopping,COMPLETED,,Payment to Aarong Lifestyle Retail via Asif's Shopping Fund,204105.96,204105.96,34558.10,32217.01,,,"{""merchant"": ""Aarong Lifestyle Retail"", ""fund"": ""Asif's Shopping Fund"", ""ground_truth_anomaly"": false}",False
TXN-20260523-000995,24,,21,2026-05-23 13:29:56,397.07,MERCHANT_PAYMENT,NORMAL_WALLET,,,Restaurant/Food,COMPLETED,,Payment to Sultan's Dine Kacchi from Normal Wallet,69379.62,68982.55,,,,,"{""merchant"": ""Sultan's Dine Kacchi"", ""ground_truth_anomaly"": false}",False
TXN-ANOM-20260523-003106,5,,13,2026-05-23 13:31:00,12170.00,MERCHANT_PAYMENT,NORMAL_WALLET,,,Treatment,COMPLETED,,Emergency diagnostic package at Popular Diagnostic Centre,114006.03,101836.03,,,,,"{""ground_truth_anomaly"": true, ""anomaly_type"": ""UNUSUAL_CATEGORY""}",True
TXN-20260523-001001,3,,5,2026-05-23 13:47:26,907.19,MERCHANT_PAYMENT,PURPOSE_FUND,9,,Grocery,COMPLETED,,Payment to Chaldal Grocery Express via Farhan's Grocery Fund,76105.23,76105.23,29237.86,28330.67,,,"{""merchant"": ""Chaldal Grocery Express"", ""fund"": ""Farhan's Grocery Fund"", ""ground_truth_anomaly"": false}",False
TXN-20260523-000996,21,,29,2026-05-23 14:20:22,743.24,MERCHANT_PAYMENT,PURPOSE_FUND,62,,Rent,COMPLETED,,Payment to Rangs Living Rent via Tanzeem's Rent Fund,246382.74,246382.74,56505.34,55762.10,,,"{""merchant"": ""Rangs Living Rent"", ""fund"": ""Tanzeem's Rent Fund"", ""ground_truth_anomaly"": false}",False
TXN-20260523-000998,15,,27,2026-05-23 14:37:41,252.00,MERCHANT_PAYMENT,PURPOSE_FUND,48,,Transport,COMPLETED,,Payment to Pathao Transportation via Zubair's Transport Fund,12900.30,12900.30,3345.48,3093.48,,,"{""merchant"": ""Pathao Transportation"", ""fund"": ""Zubair's Transport Fund"", ""ground_truth_anomaly"": false}",False
TXN-20260523-000990,12,,25,2026-05-23 16:36:51,344.41,MERCHANT_PAYMENT,PURPOSE_FUND,42,,Transport,COMPLETED,,Payment to Shohoz Interdistrict Ride via Rafid's Transport Fund,11595.10,11595.10,3468.08,3123.67,,,"{""merchant"": ""Shohoz Interdistrict Ride"", ""fund"": ""Rafid's Transport Fund"", ""ground_truth_anomaly"": false}",False
TXN-REJ-20260523-003308,18,,28,2026-05-23 17:55:00,1356.00,MERCHANT_PAYMENT,PURPOSE_FUND,53,,Rent,REJECTED,"Category Restriction Mismatch: Merchant 'Eastern Housing Rental' is registered as 'Rent', but 'Rumana's Grocery Fund' can ONLY be used for 'Grocery' payments.",Attempted payment to Eastern Housing Rental via Rumana's Grocery Fund,32925.12,32925.12,56258.82,56258.82,,,"{""ground_truth_anomaly"": false, ""policy_violation"": ""CATEGORY_RESTRICTION_ERROR""}",False
TXN-20260523-001000,17,,5,2026-05-23 18:05:27,861.26,MERCHANT_PAYMENT,PURPOSE_FUND,51,,Grocery,COMPLETED,,Payment to Chaldal Grocery Express via Farzana's Grocery Fund,16869.42,16869.42,13163.52,12302.26,,,"{""merchant"": ""Chaldal Grocery Express"", ""fund"": ""Farzana's Grocery Fund"", ""ground_truth_anomaly"": false}",False
TXN-20260523-001005,13,,,2026-05-23 18:18:20,100.00,MOBILE_RECHARGE,NORMAL_WALLET,,,Recharge,COMPLETED,,Mobile Recharge to 01710000013,7883.82,7783.82,,,,,"{""operator"": ""Grameenphone"", ""ground_truth_anomaly"": false}",False
TXN-20260523-000989,18,,,2026-05-23 18:39:57,1000.00,CASH_OUT,NORMAL_WALLET,,,Cash Out,COMPLETED,,Agent Cash Out Withdrawal,23128.41,22128.41,,,,,"{""agent_code"": ""AGT-7712"", ""ground_truth_anomaly"": false}",False
TXN-20260523-000997,15,,27,2026-05-23 18:52:59,100.00,MERCHANT_PAYMENT,PURPOSE_FUND,48,,Transport,COMPLETED,,Payment to Pathao Transportation via Zubair's Transport Fund,12900.30,12900.30,3445.48,3345.48,,,"{""merchant"": ""Pathao Transportation"", ""fund"": ""Zubair's Transport Fund"", ""ground_truth_anomaly"": false}",False
TXN-20260523-001003,14,,,2026-05-23 19:20:13,100.00,MOBILE_RECHARGE,NORMAL_WALLET,,,Recharge,COMPLETED,,Mobile Recharge to 01710000014,13755.35,13655.35,,,,,"{""operator"": ""Grameenphone"", ""ground_truth_anomaly"": false}",False
TXN-20260523-000987,6,12,,2026-05-23 19:30:10,300.00,SEND_MONEY,NORMAL_WALLET,,,Transfer,COMPLETED,,Sent money to Rafid Kabir,99488.77,99188.77,,,,,"{""recipient_phone"": ""01710000012"", ""ground_truth_anomaly"": false}",False
TXN-20260523-000994,22,,2,2026-05-23 19:44:41,618.04,MERCHANT_PAYMENT,PURPOSE_FUND,65,,Grocery,COMPLETED,,Payment to Shwapno Superstore via Nafis's Grocery Fund,181708.13,181708.13,47684.28,47066.24,,,"{""merchant"": ""Shwapno Superstore"", ""fund"": ""Nafis's Grocery Fund"", ""ground_truth_anomaly"": false}",False
TXN-20260523-000999,8,,3,2026-05-23 20:01:36,969.33,MERCHANT_PAYMENT,PURPOSE_FUND,29,,Grocery,COMPLETED,,Payment to Unimart Hypermarket via Saifur's Grocery Fund,111474.23,111474.23,37995.15,37025.82,,,"{""merchant"": ""Unimart Hypermarket"", ""fund"": ""Saifur's Grocery Fund"", ""ground_truth_anomaly"": false}",True
TXN-20260523-000988,10,,,2026-05-23 20:34:16,50.00,MOBILE_RECHARGE,NORMAL_WALLET,,,Recharge,COMPLETED,,Mobile Recharge to 01710000010,8304.56,8254.56,,,,,"{""operator"": ""Grameenphone"", ""ground_truth_anomaly"": false}",False
TXN-20260523-000993,19,,,2026-05-23 21:13:18,500.00,CASH_OUT,NORMAL_WALLET,,,Cash Out,COMPLETED,,Agent Cash Out Withdrawal,18862.94,18362.94,,,,,"{""agent_code"": ""AGT-7712"", ""ground_truth_anomaly"": false}",False
TXN-20260524-001008,16,,3,2026-05-24 08:15:00,791.60,MERCHANT_PAYMENT,FAMILY_PASS,,2,Grocery,COMPLETED,,FamilyPass spending by Nasrin Rahman at Unimart Hypermarket,69500.73,68709.13,,,6159.37,5367.77,"{""owner_id"": 1, ""member_id"": 16, ""merchant"": ""Unimart Hypermarket"", ""ground_truth_anomaly"": false}",False
TXN-20260524-001006,19,,,2026-05-24 09:46:15,100.00,MOBILE_RECHARGE,NORMAL_WALLET,,,Recharge,COMPLETED,,Mobile Recharge to 01710000019,18362.94,18262.94,,,,,"{""operator"": ""Grameenphone"", ""ground_truth_anomaly"": false}",False
TXN-20260524-001016,2,,8,2026-05-24 11:32:48,927.90,MERCHANT_PAYMENT,PURPOSE_FUND,8,,Medicine,COMPLETED,,Payment to Tamanna Pharmacy via Anisul's Medicine Fund,100011.68,100011.68,8518.05,7590.15,,,"{""merchant"": ""Tamanna Pharmacy"", ""fund"": ""Anisul's Medicine Fund"", ""ground_truth_anomaly"": false}",False
TXN-20260524-001009,12,,26,2026-05-24 11:44:09,356.50,MERCHANT_PAYMENT,PURPOSE_FUND,42,,Transport,COMPLETED,,Payment to Uber Bangladesh Mobility via Rafid's Transport Fund,11595.10,11595.10,3123.67,2767.17,,,"{""merchant"": ""Uber Bangladesh Mobility"", ""fund"": ""Rafid's Transport Fund"", ""ground_truth_anomaly"": false}",False
TXN-20260524-001015,14,,21,2026-05-24 14:08:36,360.66,MERCHANT_PAYMENT,FAMILY_PASS,,8,Restaurant/Food,COMPLETED,,FamilyPass spending by Sakib Chowdhury at Sultan's Dine Kacchi,203700.49,203339.83,,,501.68,141.02,"{""owner_id"": 20, ""member_id"": 14, ""merchant"": ""Sultan's Dine Kacchi"", ""ground_truth_anomaly"": false}",False
TXN-20260524-001013,15,,27,2026-05-24 14:29:01,219.80,MERCHANT_PAYMENT,FAMILY_PASS,,10,Transport,COMPLETED,,FamilyPass spending by Zubair Ahmed at Pathao Transportation,87169.75,86949.95,,,592.75,372.95,"{""owner_id"": 23, ""member_id"": 15, ""merchant"": ""Pathao Transportation"", ""ground_truth_anomaly"": false}",False
TXN-20260524-001014,14,,24,2026-05-24 16:33:41,405.47,MERCHANT_PAYMENT,FAMILY_PASS,,8,Restaurant/Food,COMPLETED,,FamilyPass spending by Sakib Chowdhury at Takeout Gourmet Burgers,204105.96,203700.49,,,907.15,501.68,"{""owner_id"": 20, ""member_id"": 14, ""merchant"": ""Takeout Gourmet Burgers"", ""ground_truth_anomaly"": false}",True
TXN-20260524-001019,23,,26,2026-05-24 17:10:41,488.58,MERCHANT_PAYMENT,PURPOSE_FUND,71,,Transport,COMPLETED,,Payment to Uber Bangladesh Mobility via Shafiqul's Transport Fund,86949.95,86949.95,10167.57,9678.99,,,"{""merchant"": ""Uber Bangladesh Mobility"", ""fund"": ""Shafiqul's Transport Fund"", ""ground_truth_anomaly"": false}",False
TXN-20260524-001018,20,,29,2026-05-24 17:44:06,502.39,MERCHANT_PAYMENT,PURPOSE_FUND,58,,Rent,COMPLETED,,Payment to Rangs Living Rent via Asif's Rent Fund,203339.83,203339.83,55226.25,54723.86,,,"{""merchant"": ""Rangs Living Rent"", ""fund"": ""Asif's Rent Fund"", ""ground_truth_anomaly"": false}",False
TXN-20260524-001011,9,,28,2026-05-24 18:19:29,673.41,MERCHANT_PAYMENT,PURPOSE_FUND,34,,Rent,COMPLETED,,Payment to Eastern Housing Rental via Shahidul's Rent Fund,106561.07,106561.07,20992.00,20318.59,,,"{""merchant"": ""Eastern Housing Rental"", ""fund"": ""Shahidul's Rent Fund"", ""ground_truth_anomaly"": false}",False
TXN-20260524-001017,2,,22,2026-05-24 18:25:17,381.10,MERCHANT_PAYMENT,NORMAL_WALLET,,,Restaurant/Food,COMPLETED,,Payment to Star Kabab & Restaurant from Normal Wallet,100011.68,99630.58,,,,,"{""merchant"": ""Star Kabab & Restaurant"", ""ground_truth_anomaly"": false}",False
TXN-REJ-20260524-003293,6,,29,2026-05-24 18:57:00,1390.00,MERCHANT_PAYMENT,PURPOSE_FUND,23,,Rent,REJECTED,"Category Restriction Mismatch: Merchant 'Rangs Living Rent' is registered as 'Rent', but 'Zahid's Electricity Fund' can ONLY be used for 'Electricity' payments.",Attempted payment to Rangs Living Rent via Zahid's Electricity Fund,214215.37,214215.37,7723.02,7723.02,,,"{""ground_truth_anomaly"": false, ""policy_violation"": ""CATEGORY_RESTRICTION_ERROR""}",False
TXN-20260524-001012,9,,,2026-05-24 19:38:35,300.00,MOBILE_RECHARGE,NORMAL_WALLET,,,Recharge,COMPLETED,,Mobile Recharge to 01710000009,106561.07,106261.07,,,,,"{""operator"": ""Grameenphone"", ""ground_truth_anomaly"": false}",False
TXN-20260524-001007,22,,11,2026-05-24 21:17:31,768.10,MERCHANT_PAYMENT,PURPOSE_FUND,66,,Treatment,COMPLETED,,Payment to Square Hospital Diagnostic via Nafis's Treatment Fund,181708.13,181708.13,34467.33,33699.23,,,"{""merchant"": ""Square Hospital Diagnostic"", ""fund"": ""Nafis's Treatment Fund"", ""ground_truth_anomaly"": false}",False
TXN-ANOM-20260524-003208,18,,23,2026-05-24 21:20:00,3219.00,MERCHANT_PAYMENT,NORMAL_WALLET,,,Restaurant/Food,COMPLETED,,Large banquet charge at Kacchi Bhai Biryani,51007.12,47788.12,,,,,"{""ground_truth_anomaly"": true, ""anomaly_type"": ""SPENDING_BURST""}",True
TXN-20260524-001010,24,,27,2026-05-24 23:54:41,187.74,MERCHANT_PAYMENT,PURPOSE_FUND,74,,Transport,COMPLETED,,Payment to Pathao Transportation via Emon's Transport Fund,68982.55,68982.55,9025.21,8837.47,,,"{""merchant"": ""Pathao Transportation"", ""fund"": ""Emon's Transport Fund"", ""ground_truth_anomaly"": false}",False
TXN-20260525-001026,12,25,,2026-05-25 08:17:45,1500.00,SEND_MONEY,NORMAL_WALLET,,,Transfer,COMPLETED,,Sent money to Arif Shariar,11595.10,10095.10,,,,,"{""recipient_phone"": ""01710000025"", ""ground_truth_anomaly"": false}",False
TXN-20260525-001029,11,,23,2026-05-25 08:24:59,985.50,MERCHANT_PAYMENT,PURPOSE_FUND,40,,Restaurant/Food,COMPLETED,,Payment to Kacchi Bhai Biryani via Tanvir's Restaurant/Food Fund,8327.38,8327.38,985.50,0.00,,,"{""merchant"": ""Kacchi Bhai Biryani"", ""fund"": ""Tanvir's Restaurant/Food Fund"", ""ground_truth_anomaly"": false}",False
TXN-20260525-001042,3,,26,2026-05-25 08:45:24,157.27,MERCHANT_PAYMENT,PURPOSE_FUND,12,,Transport,COMPLETED,,Payment to Uber Bangladesh Mobility via Farhan's Transport Fund,76105.23,76105.23,8349.34,8192.07,,,"{""merchant"": ""Uber Bangladesh Mobility"", ""fund"": ""Farhan's Transport Fund"", ""ground_truth_anomaly"": false}",False
TXN-20260525-001043,24,,,2026-05-25 09:14:31,500.00,CASH_OUT,NORMAL_WALLET,,,Cash Out,COMPLETED,,Agent Cash Out Withdrawal,68982.55,68482.55,,,,,"{""agent_code"": ""AGT-7712"", ""ground_truth_anomaly"": false}",False
TXN-20260525-001028,10,,25,2026-05-25 10:10:00,302.58,MERCHANT_PAYMENT,PURPOSE_FUND,38,,Transport,COMPLETED,,Payment to Shohoz Interdistrict Ride via Samiul's Transport Fund,8254.56,8254.56,3585.96,3283.38,,,"{""merchant"": ""Shohoz Interdistrict Ride"", ""fund"": ""Samiul's Transport Fund"", ""ground_truth_anomaly"": false}",False
TXN-ANOM-20260525-003168,11,,12,2026-05-25 10:59:00,15698.00,MERCHANT_PAYMENT,NORMAL_WALLET,,,Treatment,COMPLETED,,Emergency diagnostic package at Evercare Hospital Lab,45894.87,30196.87,,,,,"{""ground_truth_anomaly"": true, ""anomaly_type"": ""UNUSUAL_CATEGORY""}",True
TXN-20260525-001041,3,,15,2026-05-25 12:37:46,2141.35,MERCHANT_PAYMENT,PURPOSE_FUND,10,,Education,COMPLETED,,Payment to Sunnydale Academy via Farhan's Education Fund,76105.23,76105.23,2141.35,0.00,,,"{""merchant"": ""Sunnydale Academy"", ""fund"": ""Farhan's Education Fund"", ""ground_truth_anomaly"": false}",False
TXN-20260525-001034,23,,,2026-05-25 13:39:34,50.00,MOBILE_RECHARGE,NORMAL_WALLET,,,Recharge,COMPLETED,,Mobile Recharge to 01710000023,86817.83,86767.83,,,,,"{""operator"": ""Grameenphone"", ""ground_truth_anomaly"": false}",False
TXN-20260525-001032,15,,25,2026-05-25 14:15:07,132.12,MERCHANT_PAYMENT,FAMILY_PASS,,10,Transport,COMPLETED,,FamilyPass spending by Zubair Ahmed at Shohoz Interdistrict Ride,86949.95,86817.83,,,372.95,240.83,"{""owner_id"": 23, ""member_id"": 15, ""merchant"": ""Shohoz Interdistrict Ride"", ""ground_truth_anomaly"": false}",False
TXN-20260525-001023,4,,14,2026-05-25 14:36:56,4208.94,MERCHANT_PAYMENT,PURPOSE_FUND,15,,Education,COMPLETED,,Payment to Scholastica School via Mahbub's Education Fund,83933.68,83933.68,18397.77,14188.83,,,"{""merchant"": ""Scholastica School"", ""fund"": ""Mahbub's Education Fund"", ""ground_truth_anomaly"": false}",False
TXN-20260525-001037,19,,,2026-05-25 14:42:13,200.00,MOBILE_RECHARGE,NORMAL_WALLET,,,Recharge,COMPLETED,,Mobile Recharge to 01710000019,18262.94,18062.94,,,,,"{""operator"": ""Grameenphone"", ""ground_truth_anomaly"": false}",False
TXN-20260525-001040,20,22,,2026-05-25 15:09:00,1500.00,SEND_MONEY,NORMAL_WALLET,,,Transfer,COMPLETED,,Sent money to Nafis Fuad,202457.83,200957.83,,,,,"{""recipient_phone"": ""01710000022"", ""ground_truth_anomaly"": false}",False
TXN-20260525-001031,2,,9,2026-05-25 16:43:23,431.21,MERCHANT_PAYMENT,PURPOSE_FUND,8,,Medicine,COMPLETED,,Payment to Green Life Model Pharmacy via Anisul's Medicine Fund,99116.59,99116.59,7165.10,6733.89,,,"{""merchant"": ""Green Life Model Pharmacy"", ""fund"": ""Anisul's Medicine Fund"", ""ground_truth_anomaly"": false}",False
TXN-20260525-001025,18,,3,2026-05-25 17:33:35,453.48,MERCHANT_PAYMENT,FAMILY_PASS,,6,Grocery,COMPLETED,,FamilyPass spending by Rumana Alam at Unimart Hypermarket,83196.17,82742.69,,,7163.80,6710.32,"{""owner_id"": 4, ""member_id"": 18, ""merchant"": ""Unimart Hypermarket"", ""ground_truth_anomaly"": false}",False
TXN-20260525-001038,19,,1,2026-05-25 18:05:50,740.98,MERCHANT_PAYMENT,FAMILY_PASS,,9,Grocery,COMPLETED,,FamilyPass spending by Sadia Chowdhury at Agora Super Shop,203198.81,202457.83,,,9849.67,9108.69,"{""owner_id"": 20, ""member_id"": 19, ""merchant"": ""Agora Super Shop"", ""ground_truth_anomaly"": false}",False
TXN-20260525-001020,14,,21,2026-05-25 18:15:12,141.02,MERCHANT_PAYMENT,FAMILY_PASS,,8,Restaurant/Food,COMPLETED,,FamilyPass spending by Sakib Chowdhury at Sultan's Dine Kacchi,203339.83,203198.81,,,141.02,0.00,"{""owner_id"": 20, ""member_id"": 14, ""merchant"": ""Sultan's Dine Kacchi"", ""ground_truth_anomaly"": false}",True
TXN-20260525-001021,6,,30,2026-05-25 18:30:34,1334.79,MERCHANT_PAYMENT,PURPOSE_FUND,24,,Shopping,COMPLETED,,Payment to Aarong Lifestyle Retail via Zahid's Shopping Fund,99188.77,99188.77,6026.53,4691.74,,,"{""merchant"": ""Aarong Lifestyle Retail"", ""fund"": ""Zahid's Shopping Fund"", ""ground_truth_anomaly"": false}",False
TXN-20260525-001033,25,,30,2026-05-25 18:43:11,587.22,MERCHANT_PAYMENT,NORMAL_WALLET,,,Shopping,COMPLETED,,Payment to Aarong Lifestyle Retail from Normal Wallet,80769.02,80181.80,,,,,"{""merchant"": ""Aarong Lifestyle Retail"", ""ground_truth_anomaly"": false}",False
TXN-20260525-001027,12,,26,2026-05-25 19:50:39,264.83,MERCHANT_PAYMENT,PURPOSE_FUND,42,,Transport,COMPLETED,,Payment to Uber Bangladesh Mobility via Rafid's Transport Fund,10095.10,10095.10,2767.17,2502.34,,,"{""merchant"": ""Uber Bangladesh Mobility"", ""fund"": ""Rafid's Transport Fund"", ""ground_truth_anomaly"": false}",False
TXN-20260525-001024,18,,2,2026-05-25 20:35:03,737.51,MERCHANT_PAYMENT,FAMILY_PASS,,6,Grocery,COMPLETED,,FamilyPass spending by Rumana Alam at Shwapno Superstore,83933.68,83196.17,,,7901.31,7163.80,"{""owner_id"": 4, ""member_id"": 18, ""merchant"": ""Shwapno Superstore"", ""ground_truth_anomaly"": false}",False
TXN-20260525-001022,17,,2,2026-05-25 20:43:12,513.99,MERCHANT_PAYMENT,FAMILY_PASS,,4,Grocery,COMPLETED,,FamilyPass spending by Farzana Haque at Shwapno Superstore,99630.58,99116.59,,,8476.85,7962.86,"{""owner_id"": 2, ""member_id"": 17, ""merchant"": ""Shwapno Superstore"", ""ground_truth_anomaly"": false}",False
TXN-20260525-001036,7,,,2026-05-25 21:49:07,300.00,MOBILE_RECHARGE,NORMAL_WALLET,,,Recharge,COMPLETED,,Mobile Recharge to 01710000007,75513.03,75213.03,,,,,"{""operator"": ""Grameenphone"", ""ground_truth_anomaly"": false}",False
TXN-20260525-001030,2,,10,2026-05-25 21:54:48,425.05,MERCHANT_PAYMENT,PURPOSE_FUND,8,,Medicine,COMPLETED,,Payment to Square Hospital Pharmacy via Anisul's Medicine Fund,99116.59,99116.59,7590.15,7165.10,,,"{""merchant"": ""Square Hospital Pharmacy"", ""fund"": ""Anisul's Medicine Fund"", ""ground_truth_anomaly"": false}",False
TXN-20260525-001039,20,,30,2026-05-25 22:24:53,701.18,MERCHANT_PAYMENT,PURPOSE_FUND,59,,Shopping,COMPLETED,,Payment to Aarong Lifestyle Retail via Asif's Shopping Fund,202457.83,202457.83,32217.01,31515.83,,,"{""merchant"": ""Aarong Lifestyle Retail"", ""fund"": ""Asif's Shopping Fund"", ""ground_truth_anomaly"": false}",False
TXN-20260525-001035,7,,3,2026-05-25 22:37:34,890.27,MERCHANT_PAYMENT,PURPOSE_FUND,25,,Grocery,COMPLETED,,Payment to Unimart Hypermarket via Delwar's Grocery Fund,75513.03,75513.03,24010.80,23120.53,,,"{""merchant"": ""Unimart Hypermarket"", ""fund"": ""Delwar's Grocery Fund"", ""ground_truth_anomaly"": false}",True
TXN-20260526-001048,16,,3,2026-05-26 09:19:54,702.01,MERCHANT_PAYMENT,FAMILY_PASS,,2,Grocery,COMPLETED,,FamilyPass spending by Nasrin Rahman at Unimart Hypermarket,68709.13,68007.12,,,5367.77,4665.76,"{""owner_id"": 1, ""member_id"": 16, ""merchant"": ""Unimart Hypermarket"", ""ground_truth_anomaly"": false}",True
TXN-20260526-001047,4,,15,2026-05-26 10:08:19,6856.52,MERCHANT_PAYMENT,PURPOSE_FUND,15,,Education,COMPLETED,,Payment to Sunnydale Academy via Mahbub's Education Fund,82742.69,82742.69,14188.83,7332.31,,,"{""merchant"": ""Sunnydale Academy"", ""fund"": ""Mahbub's Education Fund"", ""ground_truth_anomaly"": false}",False
TXN-20260526-001050,15,,26,2026-05-26 10:39:33,184.35,MERCHANT_PAYMENT,PURPOSE_FUND,48,,Transport,COMPLETED,,Payment to Uber Bangladesh Mobility via Zubair's Transport Fund,12900.30,12900.30,3093.48,2909.13,,,"{""merchant"": ""Uber Bangladesh Mobility"", ""fund"": ""Zubair's Transport Fund"", ""ground_truth_anomaly"": false}",False
TXN-20260526-001051,1,,16,2026-05-26 11:11:53,4876.76,MERCHANT_PAYMENT,PURPOSE_FUND,3,,Education,COMPLETED,,Payment to Daffodil University Tuition via Tariq's Education Fund,68007.12,68007.12,19671.61,14794.85,,,"{""merchant"": ""Daffodil University Tuition"", ""fund"": ""Tariq's Education Fund"", ""ground_truth_anomaly"": false}",False
TXN-20260526-001045,12,,14,2026-05-26 14:50:00,3288.57,MERCHANT_PAYMENT,PURPOSE_FUND,41,,Education,COMPLETED,,Payment to Scholastica School via Rafid's Education Fund,10095.10,10095.10,4500.00,1211.43,,,"{""merchant"": ""Scholastica School"", ""fund"": ""Rafid's Education Fund"", ""ground_truth_anomaly"": false}",False
TXN-20260526-001049,6,,20,2026-05-26 17:46:17,464.15,MERCHANT_PAYMENT,PURPOSE_FUND,23,,Electricity,COMPLETED,,Payment to Link3 Internet Utilities via Zahid's Electricity Fund,99188.77,99188.77,464.15,0.00,,,"{""merchant"": ""Link3 Internet Utilities"", ""fund"": ""Zahid's Electricity Fund"", ""ground_truth_anomaly"": false}",False
TXN-20260526-001054,14,,30,2026-05-26 18:56:43,2191.81,MERCHANT_PAYMENT,PURPOSE_FUND,46,,Shopping,COMPLETED,,Payment to Aarong Lifestyle Retail via Sakib's Shopping Fund,13655.35,13655.35,2191.81,0.00,,,"{""merchant"": ""Aarong Lifestyle Retail"", ""fund"": ""Sakib's Shopping Fund"", ""ground_truth_anomaly"": false}",False
TXN-20260526-001046,10,,26,2026-05-26 19:37:04,203.83,MERCHANT_PAYMENT,PURPOSE_FUND,38,,Transport,COMPLETED,,Payment to Uber Bangladesh Mobility via Samiul's Transport Fund,8254.56,8254.56,3283.38,3079.55,,,"{""merchant"": ""Uber Bangladesh Mobility"", ""fund"": ""Samiul's Transport Fund"", ""ground_truth_anomaly"": false}",False
TXN-20260526-001055,8,,,2026-05-26 19:40:43,50.00,MOBILE_RECHARGE,NORMAL_WALLET,,,Recharge,COMPLETED,,Mobile Recharge to 01710000008,111474.23,111424.23,,,,,"{""operator"": ""Grameenphone"", ""ground_truth_anomaly"": false}",False
TXN-20260526-001053,21,,29,2026-05-26 20:10:22,681.19,MERCHANT_PAYMENT,PURPOSE_FUND,62,,Rent,COMPLETED,,Payment to Rangs Living Rent via Tanzeem's Rent Fund,246382.74,246382.74,55762.10,55080.91,,,"{""merchant"": ""Rangs Living Rent"", ""fund"": ""Tanzeem's Rent Fund"", ""ground_truth_anomaly"": false}",False
TXN-ANOM-20260526-003129,14,,21,2026-05-26 21:23:00,3110.00,MERCHANT_PAYMENT,NORMAL_WALLET,,,Restaurant/Food,COMPLETED,,Large banquet charge at Sultan's Dine Kacchi,14626.38,11516.38,,,,,"{""ground_truth_anomaly"": true, ""anomaly_type"": ""SPENDING_BURST""}",True
TXN-20260526-001044,20,,2,2026-05-26 21:40:13,686.93,MERCHANT_PAYMENT,PURPOSE_FUND,57,,Grocery,COMPLETED,,Payment to Shwapno Superstore via Asif's Grocery Fund,200957.83,200957.83,51469.27,50782.34,,,"{""merchant"": ""Shwapno Superstore"", ""fund"": ""Asif's Grocery Fund"", ""ground_truth_anomaly"": false}",True
TXN-20260526-001052,25,,,2026-05-26 21:51:21,300.00,MOBILE_RECHARGE,NORMAL_WALLET,,,Recharge,COMPLETED,,Mobile Recharge to 01710000025,80181.80,79881.80,,,,,"{""operator"": ""Grameenphone"", ""ground_truth_anomaly"": false}",False
TXN-20260527-001072,4,,29,2026-05-27 09:04:43,795.84,MERCHANT_PAYMENT,PURPOSE_FUND,14,,Rent,COMPLETED,,Payment to Rangs Living Rent via Mahbub's Rent Fund,82742.69,82742.69,35897.37,35101.53,,,"{""merchant"": ""Rangs Living Rent"", ""fund"": ""Mahbub's Rent Fund"", ""ground_truth_anomaly"": false}",False
TXN-20260527-001056,22,,21,2026-05-27 09:06:05,424.71,MERCHANT_PAYMENT,NORMAL_WALLET,,,Restaurant/Food,COMPLETED,,Payment to Sultan's Dine Kacchi from Normal Wallet,183208.13,182783.42,,,,,"{""merchant"": ""Sultan's Dine Kacchi"", ""ground_truth_anomaly"": false}",False
TXN-20260527-001073,19,,1,2026-05-27 09:29:22,827.99,MERCHANT_PAYMENT,FAMILY_PASS,,9,Grocery,COMPLETED,,FamilyPass spending by Sadia Chowdhury at Agora Super Shop,200957.83,200129.84,,,9108.69,8280.70,"{""owner_id"": 20, ""member_id"": 19, ""merchant"": ""Agora Super Shop"", ""ground_truth_anomaly"": false}",True
TXN-20260527-001063,12,,15,2026-05-27 11:51:24,1211.43,MERCHANT_PAYMENT,PURPOSE_FUND,41,,Education,COMPLETED,,Payment to Sunnydale Academy via Rafid's Education Fund,10095.10,10095.10,1211.43,0.00,,,"{""merchant"": ""Sunnydale Academy"", ""fund"": ""Rafid's Education Fund"", ""ground_truth_anomaly"": false}",False
TXN-20260527-001074,7,,,2026-05-27 14:19:07,100.00,MOBILE_RECHARGE,NORMAL_WALLET,,,Recharge,COMPLETED,,Mobile Recharge to 01710000007,75213.03,75113.03,,,,,"{""operator"": ""Grameenphone"", ""ground_truth_anomaly"": false}",False
TXN-20260527-001061,5,,4,2026-05-27 14:43:52,1047.59,MERCHANT_PAYMENT,PURPOSE_FUND,17,,Grocery,COMPLETED,,Payment to Meena Bazar via Kamrul's Grocery Fund,64791.22,64791.22,23640.68,22593.09,,,"{""merchant"": ""Meena Bazar"", ""fund"": ""Kamrul's Grocery Fund"", ""ground_truth_anomaly"": false}",False
TXN-20260527-001067,21,,21,2026-05-27 15:39:15,852.80,MERCHANT_PAYMENT,PURPOSE_FUND,63,,Restaurant/Food,COMPLETED,,Payment to Sultan's Dine Kacchi via Tanzeem's Restaurant/Food Fund,246382.74,246382.74,30272.98,29420.18,,,"{""merchant"": ""Sultan's Dine Kacchi"", ""fund"": ""Tanzeem's Restaurant/Food Fund"", ""ground_truth_anomaly"": false}",False
TXN-20260527-001058,3,,26,2026-05-27 15:41:36,316.55,MERCHANT_PAYMENT,PURPOSE_FUND,12,,Transport,COMPLETED,,Payment to Uber Bangladesh Mobility via Farhan's Transport Fund,76105.23,76105.23,8192.07,7875.52,,,"{""merchant"": ""Uber Bangladesh Mobility"", ""fund"": ""Farhan's Transport Fund"", ""ground_truth_anomaly"": false}",False
TXN-20260527-001065,25,,23,2026-05-27 15:49:25,874.07,MERCHANT_PAYMENT,PURPOSE_FUND,75,,Restaurant/Food,COMPLETED,,Payment to Kacchi Bhai Biryani via Arif's Restaurant/Food Fund,79581.80,79581.80,17551.38,16677.31,,,"{""merchant"": ""Kacchi Bhai Biryani"", ""fund"": ""Arif's Restaurant/Food Fund"", ""ground_truth_anomaly"": false}",False
TXN-20260527-001068,24,,24,2026-05-27 17:16:02,839.32,MERCHANT_PAYMENT,PURPOSE_FUND,72,,Restaurant/Food,COMPLETED,,Payment to Takeout Gourmet Burgers via Emon's Restaurant/Food Fund,68482.55,68482.55,9840.16,9000.84,,,"{""merchant"": ""Takeout Gourmet Burgers"", ""fund"": ""Emon's Restaurant/Food Fund"", ""ground_truth_anomaly"": false}",False
TXN-20260527-001057,22,,14,2026-05-27 18:38:21,3949.19,MERCHANT_PAYMENT,PURPOSE_FUND,67,,Education,COMPLETED,,Payment to Scholastica School via Nafis's Education Fund,182783.42,182783.42,29731.91,25782.72,,,"{""merchant"": ""Scholastica School"", ""fund"": ""Nafis's Education Fund"", ""ground_truth_anomaly"": false}",False
TXN-20260527-001060,5,6,,2026-05-27 19:13:33,1500.00,SEND_MONEY,NORMAL_WALLET,,,Transfer,COMPLETED,,Sent money to Zahid Iqbal,66291.22,64791.22,,,,,"{""recipient_phone"": ""01710000006"", ""ground_truth_anomaly"": false}",False
TXN-20260527-001071,8,,16,2026-05-27 19:45:08,6071.67,MERCHANT_PAYMENT,PURPOSE_FUND,30,,Education,COMPLETED,,Payment to Daffodil University Tuition via Saifur's Education Fund,111424.23,111424.23,14642.15,8570.48,,,"{""merchant"": ""Daffodil University Tuition"", ""fund"": ""Saifur's Education Fund"", ""ground_truth_anomaly"": false}",False
TXN-20260527-001069,15,21,,2026-05-27 19:49:51,1500.00,SEND_MONEY,NORMAL_WALLET,,,Transfer,COMPLETED,,Sent money to Tanzeem Morshed,12900.30,11400.30,,,,,"{""recipient_phone"": ""01710000021"", ""ground_truth_anomaly"": false}",False
TXN-20260527-001064,25,5,,2026-05-27 20:21:06,300.00,SEND_MONEY,NORMAL_WALLET,,,Transfer,COMPLETED,,Sent money to Kamrul Hasan,79881.80,79581.80,,,,,"{""recipient_phone"": ""01710000005"", ""ground_truth_anomaly"": false}",False
TXN-20260527-001062,16,,2,2026-05-27 20:52:56,633.31,MERCHANT_PAYMENT,FAMILY_PASS,,2,Grocery,COMPLETED,,FamilyPass spending by Nasrin Rahman at Shwapno Superstore,68007.12,67373.81,,,4665.76,4032.45,"{""owner_id"": 1, ""member_id"": 16, ""merchant"": ""Shwapno Superstore"", ""ground_truth_anomaly"": false}",True
TXN-20260527-001066,2,,2,2026-05-27 21:50:51,654.15,MERCHANT_PAYMENT,PURPOSE_FUND,5,,Grocery,COMPLETED,,Payment to Shwapno Superstore via Anisul's Grocery Fund,99116.59,99116.59,36128.05,35473.90,,,"{""merchant"": ""Shwapno Superstore"", ""fund"": ""Anisul's Grocery Fund"", ""ground_truth_anomaly"": false}",True
TXN-20260527-001059,3,,27,2026-05-27 22:18:47,423.10,MERCHANT_PAYMENT,PURPOSE_FUND,12,,Transport,COMPLETED,,Payment to Pathao Transportation via Farhan's Transport Fund,76105.23,76105.23,7875.52,7452.42,,,"{""merchant"": ""Pathao Transportation"", ""fund"": ""Farhan's Transport Fund"", ""ground_truth_anomaly"": false}",False
TXN-20260527-001070,15,,27,2026-05-27 22:29:32,197.87,MERCHANT_PAYMENT,FAMILY_PASS,,10,Transport,COMPLETED,,FamilyPass spending by Zubair Ahmed at Pathao Transportation,86767.83,86569.96,,,240.83,42.96,"{""owner_id"": 23, ""member_id"": 15, ""merchant"": ""Pathao Transportation"", ""ground_truth_anomaly"": false}",False
TXN-20260528-001080,10,,27,2026-05-28 08:23:05,323.84,MERCHANT_PAYMENT,PURPOSE_FUND,38,,Transport,COMPLETED,,Payment to Pathao Transportation via Samiul's Transport Fund,8254.56,8254.56,3079.55,2755.71,,,"{""merchant"": ""Pathao Transportation"", ""fund"": ""Samiul's Transport Fund"", ""ground_truth_anomaly"": false}",False
TXN-20260528-001078,25,,22,2026-05-28 11:36:49,1365.24,MERCHANT_PAYMENT,PURPOSE_FUND,75,,Restaurant/Food,COMPLETED,,Payment to Star Kabab & Restaurant via Arif's Restaurant/Food Fund,79581.80,79581.80,16677.31,15312.07,,,"{""merchant"": ""Star Kabab & Restaurant"", ""fund"": ""Arif's Restaurant/Food Fund"", ""ground_truth_anomaly"": false}",False
TXN-20260528-001088,11,,21,2026-05-28 12:19:18,447.43,MERCHANT_PAYMENT,FAMILY_PASS,,3,Restaurant/Food,COMPLETED,,FamilyPass spending by Tanvir Haque at Sultan's Dine Kacchi,98587.10,98139.67,,,1297.33,849.90,"{""owner_id"": 2, ""member_id"": 11, ""merchant"": ""Sultan's Dine Kacchi"", ""ground_truth_anomaly"": false}",True
TXN-20260528-001085,17,,1,2026-05-28 12:33:30,529.49,MERCHANT_PAYMENT,FAMILY_PASS,,4,Grocery,COMPLETED,,FamilyPass spending by Farzana Haque at Agora Super Shop,99116.59,98587.10,,,7962.86,7433.37,"{""owner_id"": 2, ""member_id"": 17, ""merchant"": ""Agora Super Shop"", ""ground_truth_anomaly"": false}",True
TXN-20260528-001084,4,,30,2026-05-28 16:02:26,368.19,MERCHANT_PAYMENT,NORMAL_WALLET,,,Shopping,COMPLETED,,Payment to Aarong Lifestyle Retail from Normal Wallet,82742.69,82374.50,,,,,"{""merchant"": ""Aarong Lifestyle Retail"", ""ground_truth_anomaly"": false}",False
TXN-20260528-001083,7,,26,2026-05-28 16:29:09,362.77,MERCHANT_PAYMENT,PURPOSE_FUND,28,,Transport,COMPLETED,,Payment to Uber Bangladesh Mobility via Delwar's Transport Fund,75113.03,75113.03,5670.22,5307.45,,,"{""merchant"": ""Uber Bangladesh Mobility"", ""fund"": ""Delwar's Transport Fund"", ""ground_truth_anomaly"": false}",False
TXN-20260528-001076,5,,,2026-05-28 16:35:49,300.00,MOBILE_RECHARGE,NORMAL_WALLET,,,Recharge,COMPLETED,,Mobile Recharge to 01710000005,65091.22,64791.22,,,,,"{""operator"": ""Grameenphone"", ""ground_truth_anomaly"": false}",False
TXN-20260528-001086,12,,25,2026-05-28 17:20:40,216.94,MERCHANT_PAYMENT,FAMILY_PASS,,5,Transport,COMPLETED,,FamilyPass spending by Rafid Kabir at Shohoz Interdistrict Ride,76105.23,75888.29,,,2180.55,1963.61,"{""owner_id"": 3, ""member_id"": 12, ""merchant"": ""Shohoz Interdistrict Ride"", ""ground_truth_anomaly"": false}",False
TXN-20260528-001075,19,,2,2026-05-28 18:37:03,594.29,MERCHANT_PAYMENT,FAMILY_PASS,,9,Grocery,COMPLETED,,FamilyPass spending by Sadia Chowdhury at Shwapno Superstore,200129.84,199535.55,,,8280.70,7686.41,"{""owner_id"": 20, ""member_id"": 19, ""merchant"": ""Shwapno Superstore"", ""ground_truth_anomaly"": false}",False
TXN-20260528-001082,9,,10,2026-05-28 19:00:58,628.19,MERCHANT_PAYMENT,PURPOSE_FUND,36,,Medicine,COMPLETED,,Payment to Square Hospital Pharmacy via Shahidul's Medicine Fund,106261.07,106261.07,10295.50,9667.31,,,"{""merchant"": ""Square Hospital Pharmacy"", ""fund"": ""Shahidul's Medicine Fund"", ""ground_truth_anomaly"": false}",False
TXN-20260528-001079,15,,26,2026-05-28 19:30:11,248.53,MERCHANT_PAYMENT,PURPOSE_FUND,48,,Transport,COMPLETED,,Payment to Uber Bangladesh Mobility via Zubair's Transport Fund,11400.30,11400.30,2909.13,2660.60,,,"{""merchant"": ""Uber Bangladesh Mobility"", ""fund"": ""Zubair's Transport Fund"", ""ground_truth_anomaly"": false}",False
TXN-20260528-001089,11,,,2026-05-28 19:52:38,50.00,MOBILE_RECHARGE,NORMAL_WALLET,,,Recharge,COMPLETED,,Mobile Recharge to 01710000011,8327.38,8277.38,,,,,"{""operator"": ""Grameenphone"", ""ground_truth_anomaly"": false}",False
TXN-20260528-001087,6,,5,2026-05-28 20:28:38,1229.93,MERCHANT_PAYMENT,PURPOSE_FUND,21,,Grocery,COMPLETED,,Payment to Chaldal Grocery Express via Zahid's Grocery Fund,100688.77,100688.77,32507.53,31277.60,,,"{""merchant"": ""Chaldal Grocery Express"", ""fund"": ""Zahid's Grocery Fund"", ""ground_truth_anomaly"": false}",True
TXN-20260528-001077,14,,23,2026-05-28 21:50:28,657.30,MERCHANT_PAYMENT,PURPOSE_FUND,45,,Restaurant/Food,COMPLETED,,Payment to Kacchi Bhai Biryani via Sakib's Restaurant/Food Fund,13655.35,13655.35,4464.43,3807.13,,,"{""merchant"": ""Kacchi Bhai Biryani"", ""fund"": ""Sakib's Restaurant/Food Fund"", ""ground_truth_anomaly"": false}",False
TXN-20260528-001081,21,,,2026-05-28 23:59:24,500.00,MOBILE_RECHARGE,NORMAL_WALLET,,,Recharge,COMPLETED,,Mobile Recharge to 01710000021,247882.74,247382.74,,,,,"{""operator"": ""Grameenphone"", ""ground_truth_anomaly"": false}",False
TXN-20260529-001109,16,,6,2026-05-29 09:17:21,209.74,MERCHANT_PAYMENT,FAMILY_PASS,,2,Grocery,COMPLETED,,FamilyPass spending by Nasrin Rahman at Karwan Bazar Wholesale,67373.81,67164.07,,,4032.45,3822.71,"{""owner_id"": 1, ""member_id"": 16, ""merchant"": ""Karwan Bazar Wholesale"", ""ground_truth_anomaly"": false}",False
TXN-20260529-001103,17,,9,2026-05-29 09:50:30,711.54,MERCHANT_PAYMENT,PURPOSE_FUND,52,,Medicine,COMPLETED,,Payment to Green Life Model Pharmacy via Farzana's Medicine Fund,16869.42,16869.42,6132.63,5421.09,,,"{""merchant"": ""Green Life Model Pharmacy"", ""fund"": ""Farzana's Medicine Fund"", ""ground_truth_anomaly"": false}",False
TXN-20260529-001102,12,,,2026-05-29 10:41:39,300.00,MOBILE_RECHARGE,NORMAL_WALLET,,,Recharge,COMPLETED,,Mobile Recharge to 01710000012,10095.10,9795.10,,,,,"{""operator"": ""Grameenphone"", ""ground_truth_anomaly"": false}",False
TXN-20260529-001094,21,,,2026-05-29 12:07:55,300.00,MOBILE_RECHARGE,NORMAL_WALLET,,,Recharge,COMPLETED,,Mobile Recharge to 01710000021,247382.74,247082.74,,,,,"{""operator"": ""Grameenphone"", ""ground_truth_anomaly"": false}",False
TXN-20260529-001105,25,,1,2026-05-29 12:52:50,665.76,MERCHANT_PAYMENT,PURPOSE_FUND,77,,Grocery,COMPLETED,,Payment to Agora Super Shop via Arif's Grocery Fund,79381.80,79381.80,13445.25,12779.49,,,"{""merchant"": ""Agora Super Shop"", ""fund"": ""Arif's Grocery Fund"", ""ground_truth_anomaly"": false}",True
TXN-ANOM-20260529-003161,12,,13,2026-05-29 12:59:00,15306.00,MERCHANT_PAYMENT,NORMAL_WALLET,,,Treatment,COMPLETED,,Emergency diagnostic package at Popular Diagnostic Centre,32765.37,17459.37,,,,,"{""ground_truth_anomaly"": true, ""anomaly_type"": ""UNUSUAL_CATEGORY""}",True
TXN-20260529-001108,19,,8,2026-05-29 13:58:43,540.67,MERCHANT_PAYMENT,PURPOSE_FUND,56,,Medicine,COMPLETED,,Payment to Tamanna Pharmacy via Sadia's Medicine Fund,18062.94,18062.94,7263.85,6723.18,,,"{""merchant"": ""Tamanna Pharmacy"", ""fund"": ""Sadia's Medicine Fund"", ""ground_truth_anomaly"": false}",False
TXN-20260529-001110,16,,2,2026-05-29 16:43:07,654.33,MERCHANT_PAYMENT,FAMILY_PASS,,2,Grocery,COMPLETED,,FamilyPass spending by Nasrin Rahman at Shwapno Superstore,67164.07,66509.74,,,3822.71,3168.38,"{""owner_id"": 1, ""member_id"": 16, ""merchant"": ""Shwapno Superstore"", ""ground_truth_anomaly"": false}",False
TXN-20260529-001100,15,,27,2026-05-29 18:03:10,412.33,MERCHANT_PAYMENT,PURPOSE_FUND,48,,Transport,COMPLETED,,Payment to Pathao Transportation via Zubair's Transport Fund,11400.30,11400.30,2660.60,2248.27,,,"{""merchant"": ""Pathao Transportation"", ""fund"": ""Zubair's Transport Fund"", ""ground_truth_anomaly"": false}",False
TXN-20260529-001104,25,,,2026-05-29 18:39:28,200.00,MOBILE_RECHARGE,NORMAL_WALLET,,,Recharge,COMPLETED,,Mobile Recharge to 01710000025,79581.80,79381.80,,,,,"{""operator"": ""Grameenphone"", ""ground_truth_anomaly"": false}",False
TXN-20260529-001111,7,,5,2026-05-29 18:45:32,717.20,MERCHANT_PAYMENT,PURPOSE_FUND,25,,Grocery,COMPLETED,,Payment to Chaldal Grocery Express via Delwar's Grocery Fund,75113.03,75113.03,23120.53,22403.33,,,"{""merchant"": ""Chaldal Grocery Express"", ""fund"": ""Delwar's Grocery Fund"", ""ground_truth_anomaly"": false}",True
TXN-20260529-001107,4,,24,2026-05-29 19:35:56,100.00,MERCHANT_PAYMENT,NORMAL_WALLET,,,Restaurant/Food,COMPLETED,,Payment to Takeout Gourmet Burgers from Normal Wallet,81857.36,81757.36,,,,,"{""merchant"": ""Takeout Gourmet Burgers"", ""ground_truth_anomaly"": false}",False
TXN-20260529-001096,22,,16,2026-05-29 19:36:23,6255.99,MERCHANT_PAYMENT,PURPOSE_FUND,67,,Education,COMPLETED,,Payment to Daffodil University Tuition via Nafis's Education Fund,182783.42,182783.42,25782.72,19526.73,,,"{""merchant"": ""Daffodil University Tuition"", ""fund"": ""Nafis's Education Fund"", ""ground_truth_anomaly"": false}",False
TXN-20260529-001097,6,,,2026-05-29 19:40:03,500.00,MOBILE_RECHARGE,NORMAL_WALLET,,,Recharge,COMPLETED,,Mobile Recharge to 01710000006,100688.77,100188.77,,,,,"{""operator"": ""Grameenphone"", ""ground_truth_anomaly"": false}",False
TXN-20260529-001091,23,,22,2026-05-29 19:51:57,488.84,MERCHANT_PAYMENT,PURPOSE_FUND,69,,Restaurant/Food,COMPLETED,,Payment to Star Kabab & Restaurant via Shafiqul's Restaurant/Food Fund,86569.96,86569.96,21228.17,20739.33,,,"{""merchant"": ""Star Kabab & Restaurant"", ""fund"": ""Shafiqul's Restaurant/Food Fund"", ""ground_truth_anomaly"": false}",False
TXN-20260529-001090,8,,14,2026-05-29 19:54:08,7116.94,MERCHANT_PAYMENT,PURPOSE_FUND,30,,Education,COMPLETED,,Payment to Scholastica School via Saifur's Education Fund,111424.23,111424.23,8570.48,1453.54,,,"{""merchant"": ""Scholastica School"", ""fund"": ""Saifur's Education Fund"", ""ground_truth_anomaly"": false}",False
TXN-20260529-001112,9,,29,2026-05-29 19:55:19,819.52,MERCHANT_PAYMENT,PURPOSE_FUND,34,,Rent,COMPLETED,,Payment to Rangs Living Rent via Shahidul's Rent Fund,106261.07,106261.07,20318.59,19499.07,,,"{""merchant"": ""Rangs Living Rent"", ""fund"": ""Shahidul's Rent Fund"", ""ground_truth_anomaly"": false}",False
TXN-20260529-001093,3,,2,2026-05-29 19:56:24,932.46,MERCHANT_PAYMENT,PURPOSE_FUND,9,,Grocery,COMPLETED,,Payment to Shwapno Superstore via Farhan's Grocery Fund,75888.29,75888.29,28330.67,27398.21,,,"{""merchant"": ""Shwapno Superstore"", ""fund"": ""Farhan's Grocery Fund"", ""ground_truth_anomaly"": false}",False
TXN-20260529-001106,4,,15,2026-05-29 20:24:33,1246.09,MERCHANT_PAYMENT,PURPOSE_FUND,15,,Education,COMPLETED,,Payment to Sunnydale Academy via Mahbub's Education Fund,81857.36,81857.36,7332.31,6086.22,,,"{""merchant"": ""Sunnydale Academy"", ""fund"": ""Mahbub's Education Fund"", ""ground_truth_anomaly"": false}",False
TXN-20260529-001095,21,,24,2026-05-29 20:45:40,412.33,MERCHANT_PAYMENT,NORMAL_WALLET,,,Restaurant/Food,COMPLETED,,Payment to Takeout Gourmet Burgers from Normal Wallet,247082.74,246670.41,,,,,"{""merchant"": ""Takeout Gourmet Burgers"", ""ground_truth_anomaly"": false}",False
TXN-20260529-001099,18,,9,2026-05-29 21:15:14,371.23,MERCHANT_PAYMENT,FAMILY_PASS,,6,Medicine,COMPLETED,,FamilyPass spending by Rumana Alam at Green Life Model Pharmacy,82228.59,81857.36,,,6564.41,6193.18,"{""owner_id"": 4, ""member_id"": 18, ""merchant"": ""Green Life Model Pharmacy"", ""ground_truth_anomaly"": false}",False
TXN-20260529-001101,14,,24,2026-05-29 21:22:17,811.70,MERCHANT_PAYMENT,PURPOSE_FUND,45,,Restaurant/Food,COMPLETED,,Payment to Takeout Gourmet Burgers via Sakib's Restaurant/Food Fund,13655.35,13655.35,3807.13,2995.43,,,"{""merchant"": ""Takeout Gourmet Burgers"", ""fund"": ""Sakib's Restaurant/Food Fund"", ""ground_truth_anomaly"": false}",False
TXN-20260529-001092,20,,1,2026-05-29 21:25:45,741.81,MERCHANT_PAYMENT,PURPOSE_FUND,57,,Grocery,COMPLETED,,Payment to Agora Super Shop via Asif's Grocery Fund,199535.55,199535.55,50782.34,50040.53,,,"{""merchant"": ""Agora Super Shop"", ""fund"": ""Asif's Grocery Fund"", ""ground_truth_anomaly"": false}",False
TXN-20260529-001098,18,,5,2026-05-29 22:01:08,145.91,MERCHANT_PAYMENT,FAMILY_PASS,,6,Grocery,COMPLETED,,FamilyPass spending by Rumana Alam at Chaldal Grocery Express,82374.50,82228.59,,,6710.32,6564.41,"{""owner_id"": 4, ""member_id"": 18, ""merchant"": ""Chaldal Grocery Express"", ""ground_truth_anomaly"": false}",False
TXN-20260530-001119,21,,28,2026-05-30 08:28:56,760.04,MERCHANT_PAYMENT,PURPOSE_FUND,62,,Rent,COMPLETED,,Payment to Eastern Housing Rental via Tanzeem's Rent Fund,246670.41,246670.41,55080.91,54320.87,,,"{""merchant"": ""Eastern Housing Rental"", ""fund"": ""Tanzeem's Rent Fund"", ""ground_truth_anomaly"": false}",False
TXN-20260530-001122,1,,1,2026-05-30 09:10:33,554.48,MERCHANT_PAYMENT,PURPOSE_FUND,1,,Grocery,COMPLETED,,Payment to Agora Super Shop via Tariq's Grocery Fund,65931.84,65931.84,34211.99,33657.51,,,"{""merchant"": ""Agora Super Shop"", ""fund"": ""Tariq's Grocery Fund"", ""ground_truth_anomaly"": false}",False
TXN-20260530-001130,15,16,,2026-05-30 10:44:34,300.00,SEND_MONEY,NORMAL_WALLET,,,Transfer,COMPLETED,,Sent money to Nasrin Rahman,11400.30,11100.30,,,,,"{""recipient_phone"": ""01710000016"", ""ground_truth_anomaly"": false}",False
TXN-20260530-001129,18,,1,2026-05-30 11:29:15,639.26,MERCHANT_PAYMENT,FAMILY_PASS,,6,Grocery,COMPLETED,,FamilyPass spending by Rumana Alam at Agora Super Shop,81757.36,81118.10,,,6193.18,5553.92,"{""owner_id"": 4, ""member_id"": 18, ""merchant"": ""Agora Super Shop"", ""ground_truth_anomaly"": false}",False
TXN-20260530-001127,10,,25,2026-05-30 11:47:49,332.49,MERCHANT_PAYMENT,PURPOSE_FUND,38,,Transport,COMPLETED,,Payment to Shohoz Interdistrict Ride via Samiul's Transport Fund,8254.56,8254.56,2755.71,2423.22,,,"{""merchant"": ""Shohoz Interdistrict Ride"", ""fund"": ""Samiul's Transport Fund"", ""ground_truth_anomaly"": false}",False
TXN-20260530-001115,12,,26,2026-05-30 12:44:27,123.10,MERCHANT_PAYMENT,FAMILY_PASS,,5,Transport,COMPLETED,,FamilyPass spending by Rafid Kabir at Uber Bangladesh Mobility,75888.29,75765.19,,,1963.61,1840.51,"{""owner_id"": 3, ""member_id"": 12, ""merchant"": ""Uber Bangladesh Mobility"", ""ground_truth_anomaly"": false}",False
TXN-20260530-001113,9,,,2026-05-30 14:01:53,300.00,MOBILE_RECHARGE,NORMAL_WALLET,,,Recharge,COMPLETED,,Mobile Recharge to 01710000009,106261.07,105961.07,,,,,"{""operator"": ""Grameenphone"", ""ground_truth_anomaly"": false}",False
TXN-20260530-001118,11,2,,2026-05-30 15:02:17,1500.00,SEND_MONEY,NORMAL_WALLET,,,Transfer,COMPLETED,,Sent money to Anisul Haque,8277.38,6777.38,,,,,"{""recipient_phone"": ""01710000002"", ""ground_truth_anomaly"": false}",False
TXN-20260530-001121,1,,23,2026-05-30 15:03:05,577.90,MERCHANT_PAYMENT,NORMAL_WALLET,,,Restaurant/Food,COMPLETED,,Payment to Kacchi Bhai Biryani from Normal Wallet,66509.74,65931.84,,,,,"{""merchant"": ""Kacchi Bhai Biryani"", ""ground_truth_anomaly"": false}",False
TXN-20260530-001120,4,,15,2026-05-30 16:34:43,6016.43,MERCHANT_PAYMENT,PURPOSE_FUND,15,,Education,COMPLETED,,Payment to Sunnydale Academy via Mahbub's Education Fund,81757.36,81757.36,6086.22,69.79,,,"{""merchant"": ""Sunnydale Academy"", ""fund"": ""Mahbub's Education Fund"", ""ground_truth_anomaly"": false}",False
TXN-20260530-001117,3,,,2026-05-30 17:40:29,300.00,MOBILE_RECHARGE,NORMAL_WALLET,,,Recharge,COMPLETED,,Mobile Recharge to 01710000003,75765.19,75465.19,,,,,"{""operator"": ""Grameenphone"", ""ground_truth_anomaly"": false}",False
TXN-20260530-001116,23,,30,2026-05-30 19:20:23,1827.19,MERCHANT_PAYMENT,PURPOSE_FUND,70,,Shopping,COMPLETED,,Payment to Aarong Lifestyle Retail via Shafiqul's Shopping Fund,86569.96,86569.96,9924.62,8097.43,,,"{""merchant"": ""Aarong Lifestyle Retail"", ""fund"": ""Shafiqul's Shopping Fund"", ""ground_truth_anomaly"": false}",False
TXN-20260530-001128,6,,,2026-05-30 19:23:43,500.00,MOBILE_RECHARGE,NORMAL_WALLET,,,Recharge,COMPLETED,,Mobile Recharge to 01710000006,100188.77,99688.77,,,,,"{""operator"": ""Grameenphone"", ""ground_truth_anomaly"": false}",False
TXN-20260530-001124,17,,2,2026-05-30 19:51:03,443.19,MERCHANT_PAYMENT,FAMILY_PASS,,4,Grocery,COMPLETED,,FamilyPass spending by Farzana Haque at Shwapno Superstore,99639.67,99196.48,,,7433.37,6990.18,"{""owner_id"": 2, ""member_id"": 17, ""merchant"": ""Shwapno Superstore"", ""ground_truth_anomaly"": false}",True
TXN-20260530-001126,2,,,2026-05-30 20:06:22,300.00,MOBILE_RECHARGE,NORMAL_WALLET,,,Recharge,COMPLETED,,Mobile Recharge to 01710000002,99196.48,98896.48,,,,,"{""operator"": ""Grameenphone"", ""ground_truth_anomaly"": false}",False
TXN-20260530-001123,5,,,2026-05-30 20:20:39,300.00,MOBILE_RECHARGE,NORMAL_WALLET,,,Recharge,COMPLETED,,Mobile Recharge to 01710000005,64791.22,64491.22,,,,,"{""operator"": ""Grameenphone"", ""ground_truth_anomaly"": false}",False
TXN-20260530-001125,7,,,2026-05-30 20:20:40,200.00,MOBILE_RECHARGE,NORMAL_WALLET,,,Recharge,COMPLETED,,Mobile Recharge to 01710000007,75113.03,74913.03,,,,,"{""operator"": ""Grameenphone"", ""ground_truth_anomaly"": false}",False
TXN-ANOM-20260530-003254,1,,21,2026-05-30 21:14:00,3275.00,MERCHANT_PAYMENT,NORMAL_WALLET,,,Restaurant/Food,COMPLETED,,Large banquet charge at Sultan's Dine Kacchi,94275.58,91000.58,,,,,"{""ground_truth_anomaly"": true, ""anomaly_type"": ""SPENDING_BURST""}",True
TXN-20260530-001114,9,,,2026-05-30 22:02:11,1000.00,CASH_OUT,NORMAL_WALLET,,,Cash Out,COMPLETED,,Agent Cash Out Withdrawal,105961.07,104961.07,,,,,"{""agent_code"": ""AGT-7712"", ""ground_truth_anomaly"": false}",False
TXN-20260531-001144,22,,,2026-05-31 08:26:38,500.00,MOBILE_RECHARGE,NORMAL_WALLET,,,Recharge,COMPLETED,,Mobile Recharge to 01710000022,182783.42,182283.42,,,,,"{""operator"": ""Grameenphone"", ""ground_truth_anomaly"": false}",False
TXN-20260531-001131,24,,27,2026-05-31 08:38:56,282.49,MERCHANT_PAYMENT,PURPOSE_FUND,74,,Transport,COMPLETED,,Payment to Pathao Transportation via Emon's Transport Fund,68482.55,68482.55,8837.47,8554.98,,,"{""merchant"": ""Pathao Transportation"", ""fund"": ""Emon's Transport Fund"", ""ground_truth_anomaly"": false}",False
TXN-20260531-001133,11,9,,2026-05-31 08:52:53,300.00,SEND_MONEY,NORMAL_WALLET,,,Transfer,COMPLETED,,Sent money to Shahidul Islam,6777.38,6477.38,,,,,"{""recipient_phone"": ""01710000009"", ""ground_truth_anomaly"": false}",False
TXN-20260531-001136,23,,,2026-05-31 09:32:23,2000.00,CASH_OUT,NORMAL_WALLET,,,Cash Out,COMPLETED,,Agent Cash Out Withdrawal,86569.96,84569.96,,,,,"{""agent_code"": ""AGT-7712"", ""ground_truth_anomaly"": false}",False
TXN-ANOM-20260531-003151,16,,11,2026-05-31 10:52:00,13162.00,MERCHANT_PAYMENT,NORMAL_WALLET,,,Treatment,COMPLETED,,Emergency diagnostic package at Square Hospital Diagnostic,17422.51,4260.51,,,,,"{""ground_truth_anomaly"": true, ""anomaly_type"": ""UNUSUAL_CATEGORY""}",True
TXN-20260531-001132,21,,29,2026-05-31 11:07:42,673.61,MERCHANT_PAYMENT,PURPOSE_FUND,62,,Rent,COMPLETED,,Payment to Rangs Living Rent via Tanzeem's Rent Fund,246670.41,246670.41,54320.87,53647.26,,,"{""merchant"": ""Rangs Living Rent"", ""fund"": ""Tanzeem's Rent Fund"", ""ground_truth_anomaly"": false}",False
TXN-20260531-001141,18,,10,2026-05-31 11:15:50,395.71,MERCHANT_PAYMENT,FAMILY_PASS,,6,Medicine,COMPLETED,,FamilyPass spending by Rumana Alam at Square Hospital Pharmacy,81618.10,81222.39,,,5553.92,5158.21,"{""owner_id"": 4, ""member_id"": 18, ""merchant"": ""Square Hospital Pharmacy"", ""ground_truth_anomaly"": false}",False
TXN-20260531-001146,15,,27,2026-05-31 11:29:21,420.58,MERCHANT_PAYMENT,PURPOSE_FUND,48,,Transport,COMPLETED,,Payment to Pathao Transportation via Zubair's Transport Fund,11100.30,11100.30,2248.27,1827.69,,,"{""merchant"": ""Pathao Transportation"", ""fund"": ""Zubair's Transport Fund"", ""ground_truth_anomaly"": false}",False
TXN-20260531-001149,12,,,2026-05-31 11:35:49,2000.00,CASH_OUT,NORMAL_WALLET,,,Cash Out,COMPLETED,,Agent Cash Out Withdrawal,9795.10,7795.10,,,,,"{""agent_code"": ""AGT-7712"", ""ground_truth_anomaly"": false}",False
TXN-20260531-001150,4,,,2026-05-31 14:43:29,300.00,MOBILE_RECHARGE,NORMAL_WALLET,,,Recharge,COMPLETED,,Mobile Recharge to 01710000004,81222.39,80922.39,,,,,"{""operator"": ""Grameenphone"", ""ground_truth_anomaly"": false}",False
TXN-20260531-001142,9,,10,2026-05-31 14:55:18,698.60,MERCHANT_PAYMENT,PURPOSE_FUND,36,,Medicine,COMPLETED,,Payment to Square Hospital Pharmacy via Shahidul's Medicine Fund,105261.07,105261.07,9667.31,8968.71,,,"{""merchant"": ""Square Hospital Pharmacy"", ""fund"": ""Shahidul's Medicine Fund"", ""ground_truth_anomaly"": false}",False
TXN-20260531-001138,14,,24,2026-05-31 17:14:28,724.71,MERCHANT_PAYMENT,PURPOSE_FUND,45,,Restaurant/Food,COMPLETED,,Payment to Takeout Gourmet Burgers via Sakib's Restaurant/Food Fund,13155.35,13155.35,2995.43,2270.72,,,"{""merchant"": ""Takeout Gourmet Burgers"", ""fund"": ""Sakib's Restaurant/Food Fund"", ""ground_truth_anomaly"": false}",False
TXN-20260531-001143,3,,,2026-05-31 17:32:22,50.00,MOBILE_RECHARGE,NORMAL_WALLET,,,Recharge,COMPLETED,,Mobile Recharge to 01710000003,75465.19,75415.19,,,,,"{""operator"": ""Grameenphone"", ""ground_truth_anomaly"": false}",False
TXN-20260531-001140,16,,6,2026-05-31 18:03:11,594.37,MERCHANT_PAYMENT,FAMILY_PASS,,2,Grocery,COMPLETED,,FamilyPass spending by Nasrin Rahman at Karwan Bazar Wholesale,65931.84,65337.47,,,3168.38,2574.01,"{""owner_id"": 1, ""member_id"": 16, ""merchant"": ""Karwan Bazar Wholesale"", ""ground_truth_anomaly"": false}",True
TXN-20260531-001147,13,5,,2026-05-31 18:19:31,300.00,SEND_MONEY,NORMAL_WALLET,,,Transfer,COMPLETED,,Sent money to Kamrul Hasan,7783.82,7483.82,,,,,"{""recipient_phone"": ""01710000005"", ""ground_truth_anomaly"": false}",False
TXN-20260531-001148,12,,26,2026-05-31 18:27:22,163.02,MERCHANT_PAYMENT,FAMILY_PASS,,5,Transport,COMPLETED,,FamilyPass spending by Rafid Kabir at Uber Bangladesh Mobility,75415.19,75252.17,,,1840.51,1677.49,"{""owner_id"": 3, ""member_id"": 12, ""merchant"": ""Uber Bangladesh Mobility"", ""ground_truth_anomaly"": false}",False
TXN-20260531-001139,16,,10,2026-05-31 18:59:46,225.20,MERCHANT_PAYMENT,PURPOSE_FUND,50,,Medicine,COMPLETED,,Payment to Square Hospital Pharmacy via Nasrin's Medicine Fund,11511.09,11511.09,6434.79,6209.59,,,"{""merchant"": ""Square Hospital Pharmacy"", ""fund"": ""Nasrin's Medicine Fund"", ""ground_truth_anomaly"": false}",False
TXN-20260531-001135,25,,30,2026-05-31 20:24:10,920.52,MERCHANT_PAYMENT,PURPOSE_FUND,76,,Shopping,COMPLETED,,Payment to Aarong Lifestyle Retail via Arif's Shopping Fund,79381.80,79381.80,15734.26,14813.74,,,"{""merchant"": ""Aarong Lifestyle Retail"", ""fund"": ""Arif's Shopping Fund"", ""ground_truth_anomaly"": false}",True
TXN-20260531-001137,14,4,,2026-05-31 20:36:43,500.00,SEND_MONEY,NORMAL_WALLET,,,Transfer,COMPLETED,,Sent money to Mahbub Alam,13655.35,13155.35,,,,,"{""recipient_phone"": ""01710000004"", ""ground_truth_anomaly"": false}",False
TXN-20260531-001134,8,21,,2026-05-31 21:49:40,1000.00,SEND_MONEY,NORMAL_WALLET,,,Transfer,COMPLETED,,Sent money to Tanzeem Morshed,111424.23,110424.23,,,,,"{""recipient_phone"": ""01710000021"", ""ground_truth_anomaly"": false}",False
TXN-20260531-001145,22,6,,2026-05-31 22:41:09,300.00,SEND_MONEY,NORMAL_WALLET,,,Transfer,COMPLETED,,Sent money to Zahid Iqbal,182283.42,181983.42,,,,,"{""recipient_phone"": ""01710000006"", ""ground_truth_anomaly"": false}",False
TXN-20260601-001255,12,,25,2026-06-01 08:47:30,172.76,MERCHANT_PAYMENT,FAMILY_PASS,,5,Transport,COMPLETED,,FamilyPass spending by Rafid Kabir at Shohoz Interdistrict Ride,112767.92,112595.16,,,3824.30,3651.54,"{""owner_id"": 3, ""member_id"": 12, ""merchant"": ""Shohoz Interdistrict Ride"", ""ground_truth_anomaly"": false}",False
TXN-20260601-001262,9,,7,2026-06-01 08:49:42,379.42,MERCHANT_PAYMENT,PURPOSE_FUND,36,,Medicine,COMPLETED,,Payment to Labaid Pharmacy via Shahidul's Medicine Fund,142131.40,142131.40,14968.71,14589.29,,,"{""merchant"": ""Labaid Pharmacy"", ""fund"": ""Shahidul's Medicine Fund"", ""ground_truth_anomaly"": false}",False
TXN-20260601-001151,1,1,,2026-06-01 09:03:00,87165.73,CASH_IN,NORMAL_WALLET,,,Deposit,COMPLETED,,Monthly Salary / Bank Add Money,65337.47,152503.20,,,,,"{""source"": ""Bank Deposit"", ""ground_truth_anomaly"": false}",False
TXN-20260601-001155,1,,,2026-06-01 09:11:00,6000.00,FUND_ALLOCATION,NORMAL_WALLET,4,,Medicine,COMPLETED,,Allocated ৳6000.00 to Tariq's Medicine Fund,118003.20,112003.20,8310.82,14310.82,,,"{""fund_name"": ""Tariq's Medicine Fund"", ""ground_truth_anomaly"": false}",False
TXN-20260601-001199,11,11,,2026-06-01 09:12:00,10045.57,CASH_IN,NORMAL_WALLET,,,Deposit,COMPLETED,,Monthly Salary / Bank Add Money,6477.38,16522.95,,,,,"{""source"": ""Bank Deposit"", ""ground_truth_anomaly"": false}",False
TXN-20260601-001267,19,,1,2026-06-01 09:14:18,599.01,MERCHANT_PAYMENT,FAMILY_PASS,,9,Grocery,COMPLETED,,FamilyPass spending by Sadia Chowdhury at Agora Super Shop,281101.80,280502.79,,,15000.00,14400.99,"{""owner_id"": 20, ""member_id"": 19, ""merchant"": ""Agora Super Shop"", ""ground_truth_anomaly"": false}",False
TXN-20260601-001181,7,7,,2026-06-01 09:16:00,66088.68,CASH_IN,NORMAL_WALLET,,,Deposit,COMPLETED,,Monthly Salary / Bank Add Money,74913.03,141001.71,,,,,"{""source"": ""Bank Deposit"", ""ground_truth_anomaly"": false}",False
TXN-20260601-001154,1,,,2026-06-01 09:21:00,12000.00,FUND_ALLOCATION,NORMAL_WALLET,3,,Education,COMPLETED,,Allocated ৳12000.00 to Tariq's Education Fund,130003.20,118003.20,14794.85,26794.85,,,"{""fund_name"": ""Tariq's Education Fund"", ""ground_truth_anomaly"": false}",False
TXN-20260601-001153,1,,,2026-06-01 09:23:00,4500.00,FUND_ALLOCATION,NORMAL_WALLET,2,,Electricity,COMPLETED,,Allocated ৳4500.00 to Tariq's Electricity Fund,134503.20,130003.20,3508.68,8008.68,,,"{""fund_name"": ""Tariq's Electricity Fund"", ""ground_truth_anomaly"": false}",False
TXN-20260601-001185,7,,,2026-06-01 09:27:00,4000.00,FUND_ALLOCATION,NORMAL_WALLET,28,,Transport,COMPLETED,,Allocated ৳4000.00 to Delwar's Transport Fund,117201.71,113201.71,5307.45,9307.45,,,"{""fund_name"": ""Delwar's Transport Fund"", ""ground_truth_anomaly"": false}",False
TXN-20260601-001265,17,,8,2026-06-01 09:27:08,705.36,MERCHANT_PAYMENT,PURPOSE_FUND,52,,Medicine,COMPLETED,,Payment to Tamanna Pharmacy via Farzana's Medicine Fund,25757.80,25757.80,9365.14,8659.78,,,"{""merchant"": ""Tamanna Pharmacy"", ""fund"": ""Farzana's Medicine Fund"", ""ground_truth_anomaly"": false}",False
TXN-20260601-001152,1,,,2026-06-01 09:29:00,18000.00,FUND_ALLOCATION,NORMAL_WALLET,1,,Grocery,COMPLETED,,Allocated ৳18000.00 to Tariq's Grocery Fund,152503.20,134503.20,33657.51,51657.51,,,"{""fund_name"": ""Tariq's Grocery Fund"", ""ground_truth_anomaly"": false}",False
TXN-20260601-001196,10,10,,2026-06-01 09:30:00,12146.40,CASH_IN,NORMAL_WALLET,,,Deposit,COMPLETED,,Monthly Salary / Bank Add Money,8254.56,20400.96,,,,,"{""source"": ""Bank Deposit"", ""ground_truth_anomaly"": false}",False
TXN-20260601-001184,7,,,2026-06-01 09:32:00,5000.00,FUND_ALLOCATION,NORMAL_WALLET,27,,Medicine,COMPLETED,,Allocated ৳5000.00 to Delwar's Medicine Fund,122201.71,117201.71,9403.40,14403.40,,,"{""fund_name"": ""Delwar's Medicine Fund"", ""ground_truth_anomaly"": false}",False
TXN-20260601-001200,11,,,2026-06-01 09:32:00,4000.00,FUND_ALLOCATION,NORMAL_WALLET,39,,Education,COMPLETED,,Allocated ৳4000.00 to Tanvir's Education Fund,16522.95,12522.95,0.00,4000.00,,,"{""fund_name"": ""Tanvir's Education Fund"", ""ground_truth_anomaly"": false}",False
TXN-20260601-001182,7,,,2026-06-01 09:35:00,15000.00,FUND_ALLOCATION,NORMAL_WALLET,25,,Grocery,COMPLETED,,Allocated ৳15000.00 to Delwar's Grocery Fund,141001.71,126001.71,22403.33,37403.33,,,"{""fund_name"": ""Delwar's Grocery Fund"", ""ground_truth_anomaly"": false}",False
TXN-20260601-001183,7,,,2026-06-01 09:36:00,3800.00,FUND_ALLOCATION,NORMAL_WALLET,26,,Electricity,COMPLETED,,Allocated ৳3800.00 to Delwar's Electricity Fund,126001.71,122201.71,280.30,4080.30,,,"{""fund_name"": ""Delwar's Electricity Fund"", ""ground_truth_anomaly"": false}",False
TXN-20260601-001197,10,,,2026-06-01 09:36:00,5000.00,FUND_ALLOCATION,NORMAL_WALLET,37,,Education,COMPLETED,,Allocated ৳5000.00 to Samiul's Education Fund,20400.96,15400.96,0.00,5000.00,,,"{""fund_name"": ""Samiul's Education Fund"", ""ground_truth_anomaly"": false}",False
TXN-20260601-001198,10,,,2026-06-01 09:37:00,3000.00,FUND_ALLOCATION,NORMAL_WALLET,38,,Transport,COMPLETED,,Allocated ৳3000.00 to Samiul's Transport Fund,15400.96,12400.96,2423.22,5423.22,,,"{""fund_name"": ""Samiul's Transport Fund"", ""ground_truth_anomaly"": false}",False
TXN-20260601-001223,19,19,,2026-06-01 09:38:00,28381.55,CASH_IN,NORMAL_WALLET,,,Deposit,COMPLETED,,Monthly Salary / Bank Add Money,18062.94,46444.49,,,,,"{""source"": ""Bank Deposit"", ""ground_truth_anomaly"": false}",False
TXN-20260601-001201,11,,,2026-06-01 09:41:00,3000.00,FUND_ALLOCATION,NORMAL_WALLET,40,,Restaurant/Food,COMPLETED,,Allocated ৳3000.00 to Tanvir's Restaurant/Food Fund,12522.95,9522.95,0.00,3000.00,,,"{""fund_name"": ""Tanvir's Restaurant/Food Fund"", ""ground_truth_anomaly"": false}",False
TXN-20260601-001268,14,,23,2026-06-01 09:41:45,374.57,MERCHANT_PAYMENT,FAMILY_PASS,,8,Restaurant/Food,COMPLETED,,FamilyPass spending by Sakib Chowdhury at Kacchi Bhai Biryani,280502.79,280128.22,,,6000.00,5625.43,"{""owner_id"": 20, ""member_id"": 14, ""merchant"": ""Kacchi Bhai Biryani"", ""ground_truth_anomaly"": false}",False
TXN-20260601-001211,15,15,,2026-06-01 09:45:00,10786.67,CASH_IN,NORMAL_WALLET,,,Deposit,COMPLETED,,Monthly Salary / Bank Add Money,11100.30,21886.97,,,,,"{""source"": ""Bank Deposit"", ""ground_truth_anomaly"": false}",False
TXN-20260601-001236,22,22,,2026-06-01 10:03:00,166864.91,CASH_IN,NORMAL_WALLET,,,Deposit,COMPLETED,,Monthly Salary / Bank Add Money,181983.42,348848.33,,,,,"{""source"": ""Bank Deposit"", ""ground_truth_anomaly"": false}",False
TXN-20260601-001225,19,,,2026-06-01 10:05:00,5000.00,FUND_ALLOCATION,NORMAL_WALLET,56,,Medicine,COMPLETED,,Allocated ৳5000.00 to Sadia's Medicine Fund,34444.49,29444.49,6723.18,11723.18,,,"{""fund_name"": ""Sadia's Medicine Fund"", ""ground_truth_anomaly"": false}",False
TXN-20260601-001224,19,,,2026-06-01 10:08:00,12000.00,FUND_ALLOCATION,NORMAL_WALLET,55,,Grocery,COMPLETED,,Allocated ৳12000.00 to Sadia's Grocery Fund,46444.49,34444.49,16213.59,28213.59,,,"{""fund_name"": ""Sadia's Grocery Fund"", ""ground_truth_anomaly"": false}",False
TXN-20260601-001239,22,,,2026-06-01 10:09:00,22000.00,FUND_ALLOCATION,NORMAL_WALLET,67,,Education,COMPLETED,,Allocated ৳22000.00 to Nafis's Education Fund,303848.33,281848.33,19526.73,41526.73,,,"{""fund_name"": ""Nafis's Education Fund"", ""ground_truth_anomaly"": false}",False
TXN-20260601-001208,14,14,,2026-06-01 10:11:00,14243.55,CASH_IN,NORMAL_WALLET,,,Deposit,COMPLETED,,Monthly Salary / Bank Add Money,13155.35,27398.90,,,,,"{""source"": ""Bank Deposit"", ""ground_truth_anomaly"": false}",False
TXN-20260601-001213,15,,,2026-06-01 10:11:00,2500.00,FUND_ALLOCATION,NORMAL_WALLET,48,,Transport,COMPLETED,,Allocated ৳2500.00 to Zubair's Transport Fund,17386.97,14886.97,1827.69,4327.69,,,"{""fund_name"": ""Zubair's Transport Fund"", ""ground_truth_anomaly"": false}",False
TXN-20260601-001249,25,25,,2026-06-01 10:14:00,70155.15,CASH_IN,NORMAL_WALLET,,,Deposit,COMPLETED,,Monthly Salary / Bank Add Money,79381.80,149536.95,,,,,"{""source"": ""Bank Deposit"", ""ground_truth_anomaly"": false}",False
TXN-20260601-001212,15,,,2026-06-01 10:15:00,4500.00,FUND_ALLOCATION,NORMAL_WALLET,47,,Education,COMPLETED,,Allocated ৳4500.00 to Zubair's Education Fund,21886.97,17386.97,0.00,4500.00,,,"{""fund_name"": ""Zubair's Education Fund"", ""ground_truth_anomaly"": false}",False
TXN-20260601-001238,22,,,2026-06-01 10:16:00,20000.00,FUND_ALLOCATION,NORMAL_WALLET,66,,Treatment,COMPLETED,,Allocated ৳20000.00 to Nafis's Treatment Fund,323848.33,303848.33,33699.23,53699.23,,,"{""fund_name"": ""Nafis's Treatment Fund"", ""ground_truth_anomaly"": false}",False
TXN-20260601-001205,13,13,,2026-06-01 10:17:00,9055.45,CASH_IN,NORMAL_WALLET,,,Deposit,COMPLETED,,Monthly Salary / Bank Add Money,7483.82,16539.27,,,,,"{""source"": ""Bank Deposit"", ""ground_truth_anomaly"": false}",False
TXN-20260601-001209,14,,,2026-06-01 10:18:00,5000.00,FUND_ALLOCATION,NORMAL_WALLET,45,,Restaurant/Food,COMPLETED,,Allocated ৳5000.00 to Sakib's Restaurant/Food Fund,27398.90,22398.90,2270.72,7270.72,,,"{""fund_name"": ""Sakib's Restaurant/Food Fund"", ""ground_truth_anomaly"": false}",False
TXN-20260601-001210,14,,,2026-06-01 10:18:00,4000.00,FUND_ALLOCATION,NORMAL_WALLET,46,,Shopping,COMPLETED,,Allocated ৳4000.00 to Sakib's Shopping Fund,22398.90,18398.90,0.00,4000.00,,,"{""fund_name"": ""Sakib's Shopping Fund"", ""ground_truth_anomaly"": false}",False
TXN-20260601-001231,21,21,,2026-06-01 10:20:00,207229.45,CASH_IN,NORMAL_WALLET,,,Deposit,COMPLETED,,Monthly Salary / Bank Add Money,247670.41,454899.86,,,,,"{""source"": ""Bank Deposit"", ""ground_truth_anomaly"": false}",False
TXN-20260601-001207,13,,,2026-06-01 10:22:00,2000.00,FUND_ALLOCATION,NORMAL_WALLET,44,,Transport,COMPLETED,,Allocated ৳2000.00 to Nahian's Transport Fund,12539.27,10539.27,42.30,2042.30,,,"{""fund_name"": ""Nahian's Transport Fund"", ""ground_truth_anomaly"": false}",False
TXN-20260601-001206,13,,,2026-06-01 10:23:00,4000.00,FUND_ALLOCATION,NORMAL_WALLET,43,,Education,COMPLETED,,Allocated ৳4000.00 to Nahian's Education Fund,16539.27,12539.27,0.00,4000.00,,,"{""fund_name"": ""Nahian's Education Fund"", ""ground_truth_anomaly"": false}",False
TXN-20260601-001240,22,,,2026-06-01 10:24:00,15000.00,FUND_ALLOCATION,NORMAL_WALLET,68,,Shopping,COMPLETED,,Allocated ৳15000.00 to Nafis's Shopping Fund,281848.33,266848.33,22784.75,37784.75,,,"{""fund_name"": ""Nafis's Shopping Fund"", ""ground_truth_anomaly"": false}",False
TXN-20260601-001237,22,,,2026-06-01 10:27:00,25000.00,FUND_ALLOCATION,NORMAL_WALLET,65,,Grocery,COMPLETED,,Allocated ৳25000.00 to Nafis's Grocery Fund,348848.33,323848.33,47066.24,72066.24,,,"{""fund_name"": ""Nafis's Grocery Fund"", ""ground_truth_anomaly"": false}",False
TXN-20260601-001252,25,,,2026-06-01 10:27:00,10000.00,FUND_ALLOCATION,NORMAL_WALLET,77,,Grocery,COMPLETED,,Allocated ৳10000.00 to Arif's Grocery Fund,121536.95,111536.95,12779.49,22779.49,,,"{""fund_name"": ""Arif's Grocery Fund"", ""ground_truth_anomaly"": false}",False
TXN-20260601-001256,4,,10,2026-06-01 10:27:42,526.89,MERCHANT_PAYMENT,PURPOSE_FUND,16,,Medicine,COMPLETED,,Payment to Square Hospital Pharmacy via Mahbub's Medicine Fund,116507.38,116507.38,22180.57,21653.68,,,"{""merchant"": ""Square Hospital Pharmacy"", ""fund"": ""Mahbub's Medicine Fund"", ""ground_truth_anomaly"": false}",False
TXN-20260601-001232,21,,,2026-06-01 10:30:00,32000.00,FUND_ALLOCATION,NORMAL_WALLET,61,,Grocery,COMPLETED,,Allocated ৳32000.00 to Tanzeem's Grocery Fund,454899.86,422899.86,63151.97,95151.97,,,"{""fund_name"": ""Tanzeem's Grocery Fund"", ""ground_truth_anomaly"": false}",False
TXN-20260601-001176,6,6,,2026-06-01 10:34:00,90403.38,CASH_IN,NORMAL_WALLET,,,Deposit,COMPLETED,,Monthly Salary / Bank Add Money,99988.77,190392.15,,,,,"{""source"": ""Bank Deposit"", ""ground_truth_anomaly"": false}",False
TXN-20260601-001251,25,,,2026-06-01 10:38:00,15000.00,FUND_ALLOCATION,NORMAL_WALLET,76,,Shopping,COMPLETED,,Allocated ৳15000.00 to Arif's Shopping Fund,136536.95,121536.95,14813.74,29813.74,,,"{""fund_name"": ""Arif's Shopping Fund"", ""ground_truth_anomaly"": false}",False
TXN-20260601-001233,21,,,2026-06-01 10:39:00,45000.00,FUND_ALLOCATION,NORMAL_WALLET,62,,Rent,COMPLETED,,Allocated ৳45000.00 to Tanzeem's Rent Fund,422899.86,377899.86,53647.26,98647.26,,,"{""fund_name"": ""Tanzeem's Rent Fund"", ""ground_truth_anomaly"": false}",False
TXN-20260601-001234,21,,,2026-06-01 10:39:00,18000.00,FUND_ALLOCATION,NORMAL_WALLET,63,,Restaurant/Food,COMPLETED,,Allocated ৳18000.00 to Tanzeem's Restaurant/Food Fund,377899.86,359899.86,29420.18,47420.18,,,"{""fund_name"": ""Tanzeem's Restaurant/Food Fund"", ""ground_truth_anomaly"": false}",False
TXN-20260601-001250,25,,,2026-06-01 10:43:00,13000.00,FUND_ALLOCATION,NORMAL_WALLET,75,,Restaurant/Food,COMPLETED,,Allocated ৳13000.00 to Arif's Restaurant/Food Fund,149536.95,136536.95,15312.07,28312.07,,,"{""fund_name"": ""Arif's Restaurant/Food Fund"", ""ground_truth_anomaly"": false}",False
TXN-20260601-001235,21,,,2026-06-01 10:44:00,22000.00,FUND_ALLOCATION,NORMAL_WALLET,64,,Shopping,COMPLETED,,Allocated ৳22000.00 to Tanzeem's Shopping Fund,359899.86,337899.86,35100.85,57100.85,,,"{""fund_name"": ""Tanzeem's Shopping Fund"", ""ground_truth_anomaly"": false}",False
TXN-20260601-001177,6,,,2026-06-01 10:45:00,18000.00,FUND_ALLOCATION,NORMAL_WALLET,21,,Grocery,COMPLETED,,Allocated ৳18000.00 to Zahid's Grocery Fund,190392.15,172392.15,31277.60,49277.60,,,"{""fund_name"": ""Zahid's Grocery Fund"", ""ground_truth_anomaly"": false}",False
TXN-20260601-001180,6,,,2026-06-01 10:46:00,6000.00,FUND_ALLOCATION,NORMAL_WALLET,24,,Shopping,COMPLETED,,Allocated ৳6000.00 to Zahid's Shopping Fund,143892.15,137892.15,4691.74,10691.74,,,"{""fund_name"": ""Zahid's Shopping Fund"", ""ground_truth_anomaly"": false}",False
TXN-20260601-001179,6,,,2026-06-01 10:48:00,4500.00,FUND_ALLOCATION,NORMAL_WALLET,23,,Electricity,COMPLETED,,Allocated ৳4500.00 to Zahid's Electricity Fund,148392.15,143892.15,0.00,4500.00,,,"{""fund_name"": ""Zahid's Electricity Fund"", ""ground_truth_anomaly"": false}",False
TXN-20260601-001217,17,17,,2026-06-01 10:52:00,22388.38,CASH_IN,NORMAL_WALLET,,,Deposit,COMPLETED,,Monthly Salary / Bank Add Money,16869.42,39257.80,,,,,"{""source"": ""Bank Deposit"", ""ground_truth_anomaly"": false}",False
TXN-20260601-001257,21,,23,2026-06-01 10:54:12,1832.78,MERCHANT_PAYMENT,PURPOSE_FUND,63,,Restaurant/Food,COMPLETED,,Payment to Kacchi Bhai Biryani via Tanzeem's Restaurant/Food Fund,337899.86,337899.86,47420.18,45587.40,,,"{""merchant"": ""Kacchi Bhai Biryani"", ""fund"": ""Tanzeem's Restaurant/Food Fund"", ""ground_truth_anomaly"": false}",False
TXN-20260601-001156,2,2,,2026-06-01 10:57:00,95578.09,CASH_IN,NORMAL_WALLET,,,Deposit,COMPLETED,,Monthly Salary / Bank Add Money,98896.48,194474.57,,,,,"{""source"": ""Bank Deposit"", ""ground_truth_anomaly"": false}",False
TXN-20260601-001171,5,5,,2026-06-01 10:58:00,70482.75,CASH_IN,NORMAL_WALLET,,,Deposit,COMPLETED,,Monthly Salary / Bank Add Money,64791.22,135273.97,,,,,"{""source"": ""Bank Deposit"", ""ground_truth_anomaly"": false}",False
TXN-20260601-001178,6,,,2026-06-01 11:02:00,24000.00,FUND_ALLOCATION,NORMAL_WALLET,22,,Rent,COMPLETED,,Allocated ৳24000.00 to Zahid's Rent Fund,172392.15,148392.15,26390.95,50390.95,,,"{""fund_name"": ""Zahid's Rent Fund"", ""ground_truth_anomaly"": false}",False
TXN-20260601-001175,5,,,2026-06-01 11:05:00,10000.00,FUND_ALLOCATION,NORMAL_WALLET,20,,Education,COMPLETED,,Allocated ৳10000.00 to Kamrul's Education Fund,110073.97,100073.97,0.00,10000.00,,,"{""fund_name"": ""Kamrul's Education Fund"", ""ground_truth_anomaly"": false}",False
TXN-20260601-001218,17,,,2026-06-01 11:06:00,9000.00,FUND_ALLOCATION,NORMAL_WALLET,51,,Grocery,COMPLETED,,Allocated ৳9000.00 to Farzana's Grocery Fund,39257.80,30257.80,12302.26,21302.26,,,"{""fund_name"": ""Farzana's Grocery Fund"", ""ground_truth_anomaly"": false}",False
TXN-20260601-001220,18,18,,2026-06-01 11:07:00,25646.87,CASH_IN,NORMAL_WALLET,,,Deposit,COMPLETED,,Monthly Salary / Bank Add Money,22128.41,47775.28,,,,,"{""source"": ""Bank Deposit"", ""ground_truth_anomaly"": false}",False
TXN-20260601-001174,5,,,2026-06-01 11:08:00,6000.00,FUND_ALLOCATION,NORMAL_WALLET,19,,Medicine,COMPLETED,,Allocated ৳6000.00 to Kamrul's Medicine Fund,116073.97,110073.97,10433.55,16433.55,,,"{""fund_name"": ""Kamrul's Medicine Fund"", ""ground_truth_anomaly"": false}",False
TXN-20260601-001186,8,8,,2026-06-01 11:08:00,102228.60,CASH_IN,NORMAL_WALLET,,,Deposit,COMPLETED,,Monthly Salary / Bank Add Money,110424.23,212652.83,,,,,"{""source"": ""Bank Deposit"", ""ground_truth_anomaly"": false}",False
TXN-20260601-001202,12,12,,2026-06-01 11:09:00,10952.01,CASH_IN,NORMAL_WALLET,,,Deposit,COMPLETED,,Monthly Salary / Bank Add Money,7795.10,18747.11,,,,,"{""source"": ""Bank Deposit"", ""ground_truth_anomaly"": false}",False
TXN-20260601-001159,2,,,2026-06-01 11:11:00,5000.00,FUND_ALLOCATION,NORMAL_WALLET,7,,Electricity,COMPLETED,,Allocated ৳5000.00 to Anisul's Electricity Fund,149474.57,144474.57,2312.24,7312.24,,,"{""fund_name"": ""Anisul's Electricity Fund"", ""ground_truth_anomaly"": false}",False
TXN-20260601-001241,23,23,,2026-06-01 11:13:00,65680.87,CASH_IN,NORMAL_WALLET,,,Deposit,COMPLETED,,Monthly Salary / Bank Add Money,84569.96,150250.83,,,,,"{""source"": ""Bank Deposit"", ""ground_truth_anomaly"": false}",False
TXN-20260601-001157,2,,,2026-06-01 11:14:00,20000.00,FUND_ALLOCATION,NORMAL_WALLET,5,,Grocery,COMPLETED,,Allocated ৳20000.00 to Anisul's Grocery Fund,194474.57,174474.57,35473.90,55473.90,,,"{""fund_name"": ""Anisul's Grocery Fund"", ""ground_truth_anomaly"": false}",False
TXN-20260601-001158,2,,,2026-06-01 11:16:00,25000.00,FUND_ALLOCATION,NORMAL_WALLET,6,,Rent,COMPLETED,,Allocated ৳25000.00 to Anisul's Rent Fund,174474.57,149474.57,24429.97,49429.97,,,"{""fund_name"": ""Anisul's Rent Fund"", ""ground_truth_anomaly"": false}",False
TXN-20260601-001219,17,,,2026-06-01 11:17:00,4500.00,FUND_ALLOCATION,NORMAL_WALLET,52,,Medicine,COMPLETED,,Allocated ৳4500.00 to Farzana's Medicine Fund,30257.80,25757.80,5421.09,9921.09,,,"{""fund_name"": ""Farzana's Medicine Fund"", ""ground_truth_anomaly"": false}",False
TXN-20260601-001226,20,20,,2026-06-01 11:17:00,184566.25,CASH_IN,NORMAL_WALLET,,,Deposit,COMPLETED,,Monthly Salary / Bank Add Money,199535.55,384101.80,,,,,"{""source"": ""Bank Deposit"", ""ground_truth_anomaly"": false}",False
TXN-20260601-001191,9,9,,2026-06-01 11:21:00,89370.33,CASH_IN,NORMAL_WALLET,,,Deposit,COMPLETED,,Monthly Salary / Bank Add Money,105261.07,194631.40,,,,,"{""source"": ""Bank Deposit"", ""ground_truth_anomaly"": false}",False
TXN-20260601-001172,5,,,2026-06-01 11:22:00,15000.00,FUND_ALLOCATION,NORMAL_WALLET,17,,Grocery,COMPLETED,,Allocated ৳15000.00 to Kamrul's Grocery Fund,135273.97,120273.97,22593.09,37593.09,,,"{""fund_name"": ""Kamrul's Grocery Fund"", ""ground_truth_anomaly"": false}",False
TXN-20260601-001188,8,,,2026-06-01 11:22:00,18000.00,FUND_ALLOCATION,NORMAL_WALLET,30,,Education,COMPLETED,,Allocated ৳18000.00 to Saifur's Education Fund,192652.83,174652.83,1453.54,19453.54,,,"{""fund_name"": ""Saifur's Education Fund"", ""ground_truth_anomaly"": false}",False
TXN-20260601-001214,16,16,,2026-06-01 11:23:00,20036.18,CASH_IN,NORMAL_WALLET,,,Deposit,COMPLETED,,Monthly Salary / Bank Add Money,11511.09,31547.27,,,,,"{""source"": ""Bank Deposit"", ""ground_truth_anomaly"": false}",False
TXN-20260601-001243,23,,,2026-06-01 11:24:00,14000.00,FUND_ALLOCATION,NORMAL_WALLET,70,,Shopping,COMPLETED,,Allocated ৳14000.00 to Shafiqul's Shopping Fund,138250.83,124250.83,8097.43,22097.43,,,"{""fund_name"": ""Shafiqul's Shopping Fund"", ""ground_truth_anomaly"": false}",False
TXN-20260601-001189,8,,,2026-06-01 11:25:00,5500.00,FUND_ALLOCATION,NORMAL_WALLET,31,,Electricity,COMPLETED,,Allocated ৳5500.00 to Saifur's Electricity Fund,174652.83,169152.83,88.16,5588.16,,,"{""fund_name"": ""Saifur's Electricity Fund"", ""ground_truth_anomaly"": false}",False
TXN-20260601-001160,2,,,2026-06-01 11:27:00,5000.00,FUND_ALLOCATION,NORMAL_WALLET,8,,Medicine,COMPLETED,,Allocated ৳5000.00 to Anisul's Medicine Fund,144474.57,139474.57,6733.89,11733.89,,,"{""fund_name"": ""Anisul's Medicine Fund"", ""ground_truth_anomaly"": false}",False
TXN-20260601-001173,5,,,2026-06-01 11:27:00,4200.00,FUND_ALLOCATION,NORMAL_WALLET,18,,Electricity,COMPLETED,,Allocated ৳4200.00 to Kamrul's Electricity Fund,120273.97,116073.97,54.78,4254.78,,,"{""fund_name"": ""Kamrul's Electricity Fund"", ""ground_truth_anomaly"": false}",False
TXN-20260601-001192,9,,,2026-06-01 11:27:00,19000.00,FUND_ALLOCATION,NORMAL_WALLET,33,,Grocery,COMPLETED,,Allocated ৳19000.00 to Shahidul's Grocery Fund,194631.40,175631.40,34139.12,53139.12,,,"{""fund_name"": ""Shahidul's Grocery Fund"", ""ground_truth_anomaly"": false}",False
TXN-20260601-001227,20,,,2026-06-01 11:28:00,28000.00,FUND_ALLOCATION,NORMAL_WALLET,57,,Grocery,COMPLETED,,Allocated ৳28000.00 to Asif's Grocery Fund,384101.80,356101.80,50040.53,78040.53,,,"{""fund_name"": ""Asif's Grocery Fund"", ""ground_truth_anomaly"": false}",False
TXN-20260601-001190,8,,,2026-06-01 11:29:00,10000.00,FUND_ALLOCATION,NORMAL_WALLET,32,,Treatment,COMPLETED,,Allocated ৳10000.00 to Saifur's Treatment Fund,169152.83,159152.83,5152.23,15152.23,,,"{""fund_name"": ""Saifur's Treatment Fund"", ""ground_truth_anomaly"": false}",False
TXN-20260601-001230,20,,,2026-06-01 11:30:00,15000.00,FUND_ALLOCATION,NORMAL_WALLET,60,,Treatment,COMPLETED,,Allocated ৳15000.00 to Asif's Treatment Fund,296101.80,281101.80,20309.93,35309.93,,,"{""fund_name"": ""Asif's Treatment Fund"", ""ground_truth_anomaly"": false}",False
TXN-20260601-001187,8,,,2026-06-01 11:32:00,20000.00,FUND_ALLOCATION,NORMAL_WALLET,29,,Grocery,COMPLETED,,Allocated ৳20000.00 to Saifur's Grocery Fund,212652.83,192652.83,37025.82,57025.82,,,"{""fund_name"": ""Saifur's Grocery Fund"", ""ground_truth_anomaly"": false}",False
TXN-20260601-001228,20,,,2026-06-01 11:32:00,40000.00,FUND_ALLOCATION,NORMAL_WALLET,58,,Rent,COMPLETED,,Allocated ৳40000.00 to Asif's Rent Fund,356101.80,316101.80,54723.86,94723.86,,,"{""fund_name"": ""Asif's Rent Fund"", ""ground_truth_anomaly"": false}",False
TXN-20260601-001204,12,,,2026-06-01 11:34:00,2500.00,FUND_ALLOCATION,NORMAL_WALLET,42,,Transport,COMPLETED,,Allocated ৳2500.00 to Rafid's Transport Fund,14247.11,11747.11,2502.34,5002.34,,,"{""fund_name"": ""Rafid's Transport Fund"", ""ground_truth_anomaly"": false}",False
TXN-20260601-001216,16,,,2026-06-01 11:34:00,4000.00,FUND_ALLOCATION,NORMAL_WALLET,50,,Medicine,COMPLETED,,Allocated ৳4000.00 to Nasrin's Medicine Fund,23547.27,19547.27,6209.59,10209.59,,,"{""fund_name"": ""Nasrin's Medicine Fund"", ""ground_truth_anomaly"": false}",False
TXN-20260601-001221,18,,,2026-06-01 11:34:00,10000.00,FUND_ALLOCATION,NORMAL_WALLET,53,,Grocery,COMPLETED,,Allocated ৳10000.00 to Rumana's Grocery Fund,47775.28,37775.28,16421.81,26421.81,,,"{""fund_name"": ""Rumana's Grocery Fund"", ""ground_truth_anomaly"": false}",False
TXN-20260601-001203,12,,,2026-06-01 11:35:00,4500.00,FUND_ALLOCATION,NORMAL_WALLET,41,,Education,COMPLETED,,Allocated ৳4500.00 to Rafid's Education Fund,18747.11,14247.11,0.00,4500.00,,,"{""fund_name"": ""Rafid's Education Fund"", ""ground_truth_anomaly"": false}",False
TXN-20260601-001222,18,,,2026-06-01 11:35:00,5000.00,FUND_ALLOCATION,NORMAL_WALLET,54,,Shopping,COMPLETED,,Allocated ৳5000.00 to Rumana's Shopping Fund,37775.28,32775.28,3386.68,8386.68,,,"{""fund_name"": ""Rumana's Shopping Fund"", ""ground_truth_anomaly"": false}",False
TXN-20260601-001242,23,,,2026-06-01 11:37:00,12000.00,FUND_ALLOCATION,NORMAL_WALLET,69,,Restaurant/Food,COMPLETED,,Allocated ৳12000.00 to Shafiqul's Restaurant/Food Fund,150250.83,138250.83,20739.33,32739.33,,,"{""fund_name"": ""Shafiqul's Restaurant/Food Fund"", ""ground_truth_anomaly"": false}",False
TXN-20260601-001194,9,,,2026-06-01 11:40:00,4000.00,FUND_ALLOCATION,NORMAL_WALLET,35,,Electricity,COMPLETED,,Allocated ৳4000.00 to Shahidul's Electricity Fund,153631.40,149631.40,2782.22,6782.22,,,"{""fund_name"": ""Shahidul's Electricity Fund"", ""ground_truth_anomaly"": false}",False
TXN-20260601-001229,20,,,2026-06-01 11:41:00,20000.00,FUND_ALLOCATION,NORMAL_WALLET,59,,Shopping,COMPLETED,,Allocated ৳20000.00 to Asif's Shopping Fund,316101.80,296101.80,31515.83,51515.83,,,"{""fund_name"": ""Asif's Shopping Fund"", ""ground_truth_anomaly"": false}",False
TXN-20260601-001244,23,,,2026-06-01 11:42:00,6000.00,FUND_ALLOCATION,NORMAL_WALLET,71,,Transport,COMPLETED,,Allocated ৳6000.00 to Shafiqul's Transport Fund,124250.83,118250.83,9678.99,15678.99,,,"{""fund_name"": ""Shafiqul's Transport Fund"", ""ground_truth_anomaly"": false}",False
TXN-20260601-001193,9,,,2026-06-01 11:48:00,22000.00,FUND_ALLOCATION,NORMAL_WALLET,34,,Rent,COMPLETED,,Allocated ৳22000.00 to Shahidul's Rent Fund,175631.40,153631.40,19499.07,41499.07,,,"{""fund_name"": ""Shahidul's Rent Fund"", ""ground_truth_anomaly"": false}",False
TXN-20260601-001195,9,,,2026-06-01 11:48:00,6000.00,FUND_ALLOCATION,NORMAL_WALLET,36,,Medicine,COMPLETED,,Allocated ৳6000.00 to Shahidul's Medicine Fund,149631.40,143631.40,8968.71,14968.71,,,"{""fund_name"": ""Shahidul's Medicine Fund"", ""ground_truth_anomaly"": false}",False
TXN-20260601-001215,16,,,2026-06-01 11:48:00,8000.00,FUND_ALLOCATION,NORMAL_WALLET,49,,Grocery,COMPLETED,,Allocated ৳8000.00 to Nasrin's Grocery Fund,31547.27,23547.27,13040.84,21040.84,,,"{""fund_name"": ""Nasrin's Grocery Fund"", ""ground_truth_anomaly"": false}",False
TXN-20260601-001166,4,4,,2026-06-01 11:51:00,111584.99,CASH_IN,NORMAL_WALLET,,,Deposit,COMPLETED,,Monthly Salary / Bank Add Money,80922.39,192507.38,,,,,"{""source"": ""Bank Deposit"", ""ground_truth_anomaly"": false}",False
TXN-20260601-001245,24,24,,2026-06-01 11:53:00,53688.59,CASH_IN,NORMAL_WALLET,,,Deposit,COMPLETED,,Monthly Salary / Bank Add Money,68482.55,122171.14,,,,,"{""source"": ""Bank Deposit"", ""ground_truth_anomaly"": false}",False
TXN-20260601-001161,3,3,,2026-06-01 11:56:00,76691.45,CASH_IN,NORMAL_WALLET,,,Deposit,COMPLETED,,Monthly Salary / Bank Add Money,75252.17,151943.62,,,,,"{""source"": ""Bank Deposit"", ""ground_truth_anomaly"": false}",False
TXN-20260601-001168,4,,,2026-06-01 12:00:00,30000.00,FUND_ALLOCATION,NORMAL_WALLET,14,,Rent,COMPLETED,,Allocated ৳30000.00 to Mahbub's Rent Fund,170507.38,140507.38,35101.53,65101.53,,,"{""fund_name"": ""Mahbub's Rent Fund"", ""ground_truth_anomaly"": false}",False
TXN-20260601-001169,4,,,2026-06-01 12:01:00,16000.00,FUND_ALLOCATION,NORMAL_WALLET,15,,Education,COMPLETED,,Allocated ৳16000.00 to Mahbub's Education Fund,140507.38,124507.38,69.79,16069.79,,,"{""fund_name"": ""Mahbub's Education Fund"", ""ground_truth_anomaly"": false}",False
TXN-20260601-001163,3,,,2026-06-01 12:02:00,14000.00,FUND_ALLOCATION,NORMAL_WALLET,10,,Education,COMPLETED,,Allocated ৳14000.00 to Farhan's Education Fund,135943.62,121943.62,0.00,14000.00,,,"{""fund_name"": ""Farhan's Education Fund"", ""ground_truth_anomaly"": false}",False
TXN-20260601-001170,4,,,2026-06-01 12:02:00,8000.00,FUND_ALLOCATION,NORMAL_WALLET,16,,Medicine,COMPLETED,,Allocated ৳8000.00 to Mahbub's Medicine Fund,124507.38,116507.38,14180.57,22180.57,,,"{""fund_name"": ""Mahbub's Medicine Fund"", ""ground_truth_anomaly"": false}",False
TXN-20260601-001167,4,,,2026-06-01 12:05:00,22000.00,FUND_ALLOCATION,NORMAL_WALLET,13,,Grocery,COMPLETED,,Allocated ৳22000.00 to Mahbub's Grocery Fund,192507.38,170507.38,40207.79,62207.79,,,"{""fund_name"": ""Mahbub's Grocery Fund"", ""ground_truth_anomaly"": false}",False
TXN-20260601-001261,9,19,,2026-06-01 12:05:14,1500.00,SEND_MONEY,NORMAL_WALLET,,,Transfer,COMPLETED,,Sent money to Sadia Chowdhury,143631.40,142131.40,,,,,"{""recipient_phone"": ""01710000019"", ""ground_truth_anomaly"": false}",False
TXN-20260601-001162,3,,,2026-06-01 12:08:00,16000.00,FUND_ALLOCATION,NORMAL_WALLET,9,,Grocery,COMPLETED,,Allocated ৳16000.00 to Farhan's Grocery Fund,151943.62,135943.62,27398.21,43398.21,,,"{""fund_name"": ""Farhan's Grocery Fund"", ""ground_truth_anomaly"": false}",False
TXN-20260601-001165,3,,,2026-06-01 12:09:00,5000.00,FUND_ALLOCATION,NORMAL_WALLET,12,,Transport,COMPLETED,,Allocated ৳5000.00 to Farhan's Transport Fund,117943.62,112943.62,7452.42,12452.42,,,"{""fund_name"": ""Farhan's Transport Fund"", ""ground_truth_anomaly"": false}",False
TXN-20260601-001248,24,,,2026-06-01 12:12:00,5000.00,FUND_ALLOCATION,NORMAL_WALLET,74,,Transport,COMPLETED,,Allocated ৳5000.00 to Emon's Transport Fund,101171.14,96171.14,8554.98,13554.98,,,"{""fund_name"": ""Emon's Transport Fund"", ""ground_truth_anomaly"": false}",False
TXN-20260601-001246,24,,,2026-06-01 12:22:00,10000.00,FUND_ALLOCATION,NORMAL_WALLET,72,,Restaurant/Food,COMPLETED,,Allocated ৳10000.00 to Emon's Restaurant/Food Fund,122171.14,112171.14,9000.84,19000.84,,,"{""fund_name"": ""Emon's Restaurant/Food Fund"", ""ground_truth_anomaly"": false}",False
TXN-20260601-001247,24,,,2026-06-01 12:22:00,11000.00,FUND_ALLOCATION,NORMAL_WALLET,73,,Shopping,COMPLETED,,Allocated ৳11000.00 to Emon's Shopping Fund,112171.14,101171.14,11416.38,22416.38,,,"{""fund_name"": ""Emon's Shopping Fund"", ""ground_truth_anomaly"": false}",False
TXN-20260601-001164,3,,,2026-06-01 12:26:00,4000.00,FUND_ALLOCATION,NORMAL_WALLET,11,,Electricity,COMPLETED,,Allocated ৳4000.00 to Farhan's Electricity Fund,121943.62,117943.62,0.00,4000.00,,,"{""fund_name"": ""Farhan's Electricity Fund"", ""ground_truth_anomaly"": false}",False
TXN-20260601-001254,12,,27,2026-06-01 13:47:33,175.70,MERCHANT_PAYMENT,FAMILY_PASS,,5,Transport,COMPLETED,,FamilyPass spending by Rafid Kabir at Pathao Transportation,112943.62,112767.92,,,4000.00,3824.30,"{""owner_id"": 3, ""member_id"": 12, ""merchant"": ""Pathao Transportation"", ""ground_truth_anomaly"": false}",False
TXN-20260601-001264,17,,9,2026-06-01 14:14:05,555.95,MERCHANT_PAYMENT,PURPOSE_FUND,52,,Medicine,COMPLETED,,Payment to Green Life Model Pharmacy via Farzana's Medicine Fund,25757.80,25757.80,9921.09,9365.14,,,"{""merchant"": ""Green Life Model Pharmacy"", ""fund"": ""Farzana's Medicine Fund"", ""ground_truth_anomaly"": false}",False
TXN-20260601-001269,24,,22,2026-06-01 15:02:04,1044.80,MERCHANT_PAYMENT,PURPOSE_FUND,72,,Restaurant/Food,COMPLETED,,Payment to Star Kabab & Restaurant via Emon's Restaurant/Food Fund,96171.14,96171.14,19000.84,17956.04,,,"{""merchant"": ""Star Kabab & Restaurant"", ""fund"": ""Emon's Restaurant/Food Fund"", ""ground_truth_anomaly"": false}",False
TXN-20260601-001260,22,,25,2026-06-01 16:05:11,436.15,MERCHANT_PAYMENT,NORMAL_WALLET,,,Transport,COMPLETED,,Payment to Shohoz Interdistrict Ride from Normal Wallet,266848.33,266412.18,,,,,"{""merchant"": ""Shohoz Interdistrict Ride"", ""ground_truth_anomaly"": false}",False
TXN-20260601-001259,6,,,2026-06-01 17:35:41,500.00,CASH_OUT,NORMAL_WALLET,,,Cash Out,COMPLETED,,Agent Cash Out Withdrawal,137892.15,137392.15,,,,,"{""agent_code"": ""AGT-7712"", ""ground_truth_anomaly"": false}",False
TXN-20260601-001266,19,,10,2026-06-01 18:05:01,247.04,MERCHANT_PAYMENT,PURPOSE_FUND,56,,Medicine,COMPLETED,,Payment to Square Hospital Pharmacy via Sadia's Medicine Fund,30944.49,30944.49,11723.18,11476.14,,,"{""merchant"": ""Square Hospital Pharmacy"", ""fund"": ""Sadia's Medicine Fund"", ""ground_truth_anomaly"": false}",False
TXN-20260601-001258,21,,,2026-06-01 19:21:27,1000.00,CASH_OUT,NORMAL_WALLET,,,Cash Out,COMPLETED,,Agent Cash Out Withdrawal,337899.86,336899.86,,,,,"{""agent_code"": ""AGT-7712"", ""ground_truth_anomaly"": false}",False
TXN-20260601-001263,8,,,2026-06-01 20:16:38,500.00,MOBILE_RECHARGE,NORMAL_WALLET,,,Recharge,COMPLETED,,Mobile Recharge to 01710000008,159152.83,158652.83,,,,,"{""operator"": ""Grameenphone"", ""ground_truth_anomaly"": false}",False
TXN-ANOM-20260601-003171,6,,24,2026-06-01 21:15:00,2904.00,MERCHANT_PAYMENT,NORMAL_WALLET,,,Restaurant/Food,COMPLETED,,Large banquet charge at Takeout Gourmet Burgers,231009.37,228105.37,,,,,"{""ground_truth_anomaly"": true, ""anomaly_type"": ""SPENDING_BURST""}",True
TXN-20260601-001253,11,,24,2026-06-01 21:58:39,428.50,MERCHANT_PAYMENT,FAMILY_PASS,,3,Restaurant/Food,COMPLETED,,FamilyPass spending by Tanvir Haque at Takeout Gourmet Burgers,139474.57,139046.07,,,3500.00,3071.50,"{""owner_id"": 2, ""member_id"": 11, ""merchant"": ""Takeout Gourmet Burgers"", ""ground_truth_anomaly"": false}",False
TXN-20260602-001280,11,,26,2026-06-02 08:50:42,451.17,MERCHANT_PAYMENT,NORMAL_WALLET,,,Transport,COMPLETED,,Payment to Uber Bangladesh Mobility from Normal Wallet,9522.95,9071.78,,,,,"{""merchant"": ""Uber Bangladesh Mobility"", ""ground_truth_anomaly"": false}",False
TXN-20260602-001270,3,24,,2026-06-02 10:17:11,1500.00,SEND_MONEY,NORMAL_WALLET,,,Transfer,COMPLETED,,Sent money to Emon Khandaker,112595.16,111095.16,,,,,"{""recipient_phone"": ""01710000024"", ""ground_truth_anomaly"": false}",False
TXN-20260602-001283,23,,25,2026-06-02 10:29:15,470.30,MERCHANT_PAYMENT,PURPOSE_FUND,71,,Transport,COMPLETED,,Payment to Shohoz Interdistrict Ride via Shafiqul's Transport Fund,118250.83,118250.83,15440.28,14969.98,,,"{""merchant"": ""Shohoz Interdistrict Ride"", ""fund"": ""Shafiqul's Transport Fund"", ""ground_truth_anomaly"": false}",False
TXN-20260602-001273,8,,3,2026-06-02 11:25:04,991.92,MERCHANT_PAYMENT,PURPOSE_FUND,29,,Grocery,COMPLETED,,Payment to Unimart Hypermarket via Saifur's Grocery Fund,158652.83,158652.83,57025.82,56033.90,,,"{""merchant"": ""Unimart Hypermarket"", ""fund"": ""Saifur's Grocery Fund"", ""ground_truth_anomaly"": false}",False
TXN-20260602-001287,12,,15,2026-06-02 11:54:08,4500.00,MERCHANT_PAYMENT,PURPOSE_FUND,41,,Education,COMPLETED,,Payment to Sunnydale Academy via Rafid's Education Fund,11747.11,11747.11,4500.00,0.00,,,"{""merchant"": ""Sunnydale Academy"", ""fund"": ""Rafid's Education Fund"", ""ground_truth_anomaly"": false}",False
TXN-20260602-001291,19,,9,2026-06-02 12:09:13,476.34,MERCHANT_PAYMENT,PURPOSE_FUND,56,,Medicine,COMPLETED,,Payment to Green Life Model Pharmacy via Sadia's Medicine Fund,30944.49,30944.49,11476.14,10999.80,,,"{""merchant"": ""Green Life Model Pharmacy"", ""fund"": ""Sadia's Medicine Fund"", ""ground_truth_anomaly"": false}",False
TXN-20260602-001271,18,,30,2026-06-02 13:15:28,1684.81,MERCHANT_PAYMENT,PURPOSE_FUND,54,,Shopping,COMPLETED,,Payment to Aarong Lifestyle Retail via Rumana's Shopping Fund,32775.28,32775.28,8386.68,6701.87,,,"{""merchant"": ""Aarong Lifestyle Retail"", ""fund"": ""Rumana's Shopping Fund"", ""ground_truth_anomaly"": false}",False
TXN-20260602-001278,1,,26,2026-06-02 15:44:07,740.27,MERCHANT_PAYMENT,NORMAL_WALLET,,,Transport,COMPLETED,,Payment to Uber Bangladesh Mobility from Normal Wallet,112003.20,111262.93,,,,,"{""merchant"": ""Uber Bangladesh Mobility"", ""ground_truth_anomaly"": false}",False
TXN-20260602-001281,11,,22,2026-06-02 16:16:25,450.78,MERCHANT_PAYMENT,PURPOSE_FUND,40,,Restaurant/Food,COMPLETED,,Payment to Star Kabab & Restaurant via Tanvir's Restaurant/Food Fund,9071.78,9071.78,3000.00,2549.22,,,"{""merchant"": ""Star Kabab & Restaurant"", ""fund"": ""Tanvir's Restaurant/Food Fund"", ""ground_truth_anomaly"": false}",False
TXN-20260602-001279,9,22,,2026-06-02 16:26:19,1000.00,SEND_MONEY,NORMAL_WALLET,,,Transfer,COMPLETED,,Sent money to Nafis Fuad,142131.40,141131.40,,,,,"{""recipient_phone"": ""01710000022"", ""ground_truth_anomaly"": false}",False
TXN-20260602-001284,5,,1,2026-06-02 18:09:55,996.27,MERCHANT_PAYMENT,PURPOSE_FUND,17,,Grocery,COMPLETED,,Payment to Agora Super Shop via Kamrul's Grocery Fund,100073.97,100073.97,37593.09,36596.82,,,"{""merchant"": ""Agora Super Shop"", ""fund"": ""Kamrul's Grocery Fund"", ""ground_truth_anomaly"": false}",True
TXN-20260602-001275,22,,30,2026-06-02 18:16:23,355.10,MERCHANT_PAYMENT,NORMAL_WALLET,,,Shopping,COMPLETED,,Payment to Aarong Lifestyle Retail from Normal Wallet,266412.18,266057.08,,,,,"{""merchant"": ""Aarong Lifestyle Retail"", ""ground_truth_anomaly"": false}",False
TXN-20260602-001276,10,,14,2026-06-02 19:27:19,3224.18,MERCHANT_PAYMENT,PURPOSE_FUND,37,,Education,COMPLETED,,Payment to Scholastica School via Samiul's Education Fund,12400.96,12400.96,5000.00,1775.82,,,"{""merchant"": ""Scholastica School"", ""fund"": ""Samiul's Education Fund"", ""ground_truth_anomaly"": false}",False
TXN-20260602-001274,22,,30,2026-06-02 19:35:39,1612.47,MERCHANT_PAYMENT,PURPOSE_FUND,68,,Shopping,COMPLETED,,Payment to Aarong Lifestyle Retail via Nafis's Shopping Fund,266412.18,266412.18,37784.75,36172.28,,,"{""merchant"": ""Aarong Lifestyle Retail"", ""fund"": ""Nafis's Shopping Fund"", ""ground_truth_anomaly"": false}",True
TXN-20260602-001272,18,,,2026-06-02 19:38:46,500.00,MOBILE_RECHARGE,NORMAL_WALLET,,,Recharge,COMPLETED,,Mobile Recharge to 01710000018,32775.28,32275.28,,,,,"{""operator"": ""Grameenphone"", ""ground_truth_anomaly"": false}",False
TXN-20260602-001290,19,,5,2026-06-02 19:56:31,716.21,MERCHANT_PAYMENT,PURPOSE_FUND,55,,Grocery,COMPLETED,,Payment to Chaldal Grocery Express via Sadia's Grocery Fund,30944.49,30944.49,28213.59,27497.38,,,"{""merchant"": ""Chaldal Grocery Express"", ""fund"": ""Sadia's Grocery Fund"", ""ground_truth_anomaly"": false}",True
TXN-20260602-001285,17,,4,2026-06-02 19:58:11,977.50,MERCHANT_PAYMENT,PURPOSE_FUND,51,,Grocery,COMPLETED,,Payment to Meena Bazar via Farzana's Grocery Fund,25757.80,25757.80,21302.26,20324.76,,,"{""merchant"": ""Meena Bazar"", ""fund"": ""Farzana's Grocery Fund"", ""ground_truth_anomaly"": false}",False
TXN-20260602-001282,23,,25,2026-06-02 20:51:36,238.71,MERCHANT_PAYMENT,PURPOSE_FUND,71,,Transport,COMPLETED,,Payment to Shohoz Interdistrict Ride via Shafiqul's Transport Fund,118250.83,118250.83,15678.99,15440.28,,,"{""merchant"": ""Shohoz Interdistrict Ride"", ""fund"": ""Shafiqul's Transport Fund"", ""ground_truth_anomaly"": false}",False
TXN-ANOM-20260602-003137,18,,22,2026-06-02 21:25:00,3689.00,MERCHANT_PAYMENT,NORMAL_WALLET,,,Restaurant/Food,COMPLETED,,Large banquet charge at Star Kabab & Restaurant,54696.12,51007.12,,,,,"{""ground_truth_anomaly"": true, ""anomaly_type"": ""SPENDING_BURST""}",True
TXN-20260602-001289,4,,4,2026-06-02 21:37:40,671.36,MERCHANT_PAYMENT,PURPOSE_FUND,13,,Grocery,COMPLETED,,Payment to Meena Bazar via Mahbub's Grocery Fund,116507.38,116507.38,62207.79,61536.43,,,"{""merchant"": ""Meena Bazar"", ""fund"": ""Mahbub's Grocery Fund"", ""ground_truth_anomaly"": false}",False
TXN-20260602-001286,2,,28,2026-06-02 22:02:21,311.08,MERCHANT_PAYMENT,PURPOSE_FUND,6,,Rent,COMPLETED,,Payment to Eastern Housing Rental via Anisul's Rent Fund,139046.07,139046.07,49429.97,49118.89,,,"{""merchant"": ""Eastern Housing Rental"", ""fund"": ""Anisul's Rent Fund"", ""ground_truth_anomaly"": false}",False
TXN-20260602-001288,20,,,2026-06-02 22:41:11,1000.00,CASH_OUT,NORMAL_WALLET,,,Cash Out,COMPLETED,,Agent Cash Out Withdrawal,280128.22,279128.22,,,,,"{""agent_code"": ""AGT-7712"", ""ground_truth_anomaly"": false}",False
TXN-20260602-001277,24,22,,2026-06-02 23:39:34,1000.00,SEND_MONEY,NORMAL_WALLET,,,Transfer,COMPLETED,,Sent money to Nafis Fuad,97671.14,96671.14,,,,,"{""recipient_phone"": ""01710000022"", ""ground_truth_anomaly"": false}",False
TXN-ANOM-20260603-003162,16,,27,2026-06-03 01:21:00,1538.00,MERCHANT_PAYMENT,NORMAL_WALLET,,,Transport,COMPLETED,,Late night inter-district transport fare via Pathao Transportation,4260.51,2722.51,,,,,"{""ground_truth_anomaly"": true, ""anomaly_type"": ""UNUSUAL_TIME""}",False
TXN-20260603-001306,13,,15,2026-06-03 11:52:49,4000.00,MERCHANT_PAYMENT,PURPOSE_FUND,43,,Education,COMPLETED,,Payment to Sunnydale Academy via Nahian's Education Fund,10539.27,10539.27,4000.00,0.00,,,"{""merchant"": ""Sunnydale Academy"", ""fund"": ""Nahian's Education Fund"", ""ground_truth_anomaly"": false}",False
TXN-20260603-001297,23,,24,2026-06-03 12:33:21,1263.78,MERCHANT_PAYMENT,PURPOSE_FUND,69,,Restaurant/Food,COMPLETED,,Payment to Takeout Gourmet Burgers via Shafiqul's Restaurant/Food Fund,118016.78,118016.78,32739.33,31475.55,,,"{""merchant"": ""Takeout Gourmet Burgers"", ""fund"": ""Shafiqul's Restaurant/Food Fund"", ""ground_truth_anomaly"": false}",False
TXN-20260603-001294,7,,19,2026-06-03 12:58:06,562.37,MERCHANT_PAYMENT,PURPOSE_FUND,26,,Electricity,COMPLETED,,Payment to DPDC Electricity Payment via Delwar's Electricity Fund,113201.71,113201.71,4080.30,3517.93,,,"{""merchant"": ""DPDC Electricity Payment"", ""fund"": ""Delwar's Electricity Fund"", ""ground_truth_anomaly"": false}",False
TXN-20260603-001296,15,19,,2026-06-03 14:44:01,1000.00,SEND_MONEY,NORMAL_WALLET,,,Transfer,COMPLETED,,Sent money to Sadia Chowdhury,14886.97,13886.97,,,,,"{""recipient_phone"": ""01710000019"", ""ground_truth_anomaly"": false}",False
TXN-20260603-001299,3,,,2026-06-03 15:04:29,500.00,MOBILE_RECHARGE,NORMAL_WALLET,,,Recharge,COMPLETED,,Mobile Recharge to 01710000003,110095.16,109595.16,,,,,"{""operator"": ""Grameenphone"", ""ground_truth_anomaly"": false}",False
TXN-20260603-001304,5,,22,2026-06-03 15:05:15,309.65,MERCHANT_PAYMENT,NORMAL_WALLET,,,Restaurant/Food,COMPLETED,,Payment to Star Kabab & Restaurant from Normal Wallet,100073.97,99764.32,,,,,"{""merchant"": ""Star Kabab & Restaurant"", ""ground_truth_anomaly"": false}",False
TXN-20260603-001305,18,,2,2026-06-03 16:02:21,877.27,MERCHANT_PAYMENT,PURPOSE_FUND,53,,Grocery,COMPLETED,,Payment to Shwapno Superstore via Rumana's Grocery Fund,32275.28,32275.28,26421.81,25544.54,,,"{""merchant"": ""Shwapno Superstore"", ""fund"": ""Rumana's Grocery Fund"", ""ground_truth_anomaly"": false}",False
TXN-20260603-001303,21,,,2026-06-03 16:02:55,100.00,MOBILE_RECHARGE,NORMAL_WALLET,,,Recharge,COMPLETED,,Mobile Recharge to 01710000021,336399.86,336299.86,,,,,"{""operator"": ""Grameenphone"", ""ground_truth_anomaly"": false}",False
TXN-20260603-001302,21,,,2026-06-03 17:22:39,500.00,MOBILE_RECHARGE,NORMAL_WALLET,,,Recharge,COMPLETED,,Mobile Recharge to 01710000021,336899.86,336399.86,,,,,"{""operator"": ""Grameenphone"", ""ground_truth_anomaly"": false}",False
TXN-20260603-001307,24,,30,2026-06-03 17:51:47,2015.38,MERCHANT_PAYMENT,PURPOSE_FUND,73,,Shopping,COMPLETED,,Payment to Aarong Lifestyle Retail via Emon's Shopping Fund,96671.14,96671.14,22416.38,20401.00,,,"{""merchant"": ""Aarong Lifestyle Retail"", ""fund"": ""Emon's Shopping Fund"", ""ground_truth_anomaly"": false}",False
TXN-20260603-001292,17,,3,2026-06-03 18:45:46,679.70,MERCHANT_PAYMENT,FAMILY_PASS,,4,Grocery,COMPLETED,,FamilyPass spending by Farzana Haque at Unimart Hypermarket,139046.07,138366.37,,,10000.00,9320.30,"{""owner_id"": 2, ""member_id"": 17, ""merchant"": ""Unimart Hypermarket"", ""ground_truth_anomaly"": false}",True
TXN-REJ-20260603-003292,19,,5,2026-06-03 19:32:00,16226.00,MERCHANT_PAYMENT,FAMILY_PASS,,9,Grocery,REJECTED,"FamilyPass spending limit exceeded. Remaining allowance: ৳15,000.00, requested: ৳16,226.00",Attempted FamilyPass spending exceeding allowance,481695.88,481695.88,,,15000.00,15000.00,"{""ground_truth_anomaly"": false, ""policy_violation"": ""FAMILYPASS_LIMIT_EXCEEDED""}",False
TXN-20260603-001300,14,,21,2026-06-03 19:47:04,449.68,MERCHANT_PAYMENT,FAMILY_PASS,,8,Restaurant/Food,COMPLETED,,FamilyPass spending by Sakib Chowdhury at Sultan's Dine Kacchi,279128.22,278678.54,,,5625.43,5175.75,"{""owner_id"": 20, ""member_id"": 14, ""merchant"": ""Sultan's Dine Kacchi"", ""ground_truth_anomaly"": false}",True
TXN-20260603-001298,3,7,,2026-06-03 19:51:11,1000.00,SEND_MONEY,NORMAL_WALLET,,,Transfer,COMPLETED,,Sent money to Delwar Hossain,111095.16,110095.16,,,,,"{""recipient_phone"": ""01710000007"", ""ground_truth_anomaly"": false}",False
TXN-20260603-001301,25,,23,2026-06-03 20:05:04,1190.71,MERCHANT_PAYMENT,PURPOSE_FUND,75,,Restaurant/Food,COMPLETED,,Payment to Kacchi Bhai Biryani via Arif's Restaurant/Food Fund,111536.95,111536.95,28312.07,27121.36,,,"{""merchant"": ""Kacchi Bhai Biryani"", ""fund"": ""Arif's Restaurant/Food Fund"", ""ground_truth_anomaly"": false}",False
TXN-20260603-001293,19,,,2026-06-03 20:25:24,100.00,MOBILE_RECHARGE,NORMAL_WALLET,,,Recharge,COMPLETED,,Mobile Recharge to 01710000019,30944.49,30844.49,,,,,"{""operator"": ""Grameenphone"", ""ground_truth_anomaly"": false}",False
TXN-20260603-001295,15,,25,2026-06-03 20:28:50,234.05,MERCHANT_PAYMENT,FAMILY_PASS,,10,Transport,COMPLETED,,FamilyPass spending by Zubair Ahmed at Shohoz Interdistrict Ride,118250.83,118016.78,,,3500.00,3265.95,"{""owner_id"": 23, ""member_id"": 15, ""merchant"": ""Shohoz Interdistrict Ride"", ""ground_truth_anomaly"": false}",False
TXN-ANOM-20260604-003142,1,,26,2026-06-04 04:33:00,1684.00,MERCHANT_PAYMENT,NORMAL_WALLET,,,Transport,COMPLETED,,Late night inter-district transport fare via Uber Bangladesh Mobility,124846.58,123162.58,,,,,"{""ground_truth_anomaly"": true, ""anomaly_type"": ""UNUSUAL_TIME""}",False
TXN-20260604-001316,13,,14,2026-06-04 08:48:24,1463.98,MERCHANT_PAYMENT,FAMILY_PASS,,7,Education,COMPLETED,,FamilyPass spending by Nahian Hasan at Scholastica School,99764.32,98300.34,,,3000.00,1536.02,"{""owner_id"": 5, ""member_id"": 13, ""merchant"": ""Scholastica School"", ""ground_truth_anomaly"": false}",False
TXN-20260604-001325,23,15,,2026-06-04 09:19:14,300.00,SEND_MONEY,NORMAL_WALLET,,,Transfer,COMPLETED,,Sent money to Zubair Ahmed,117835.07,117535.07,,,,,"{""recipient_phone"": ""01710000015"", ""ground_truth_anomaly"": false}",False
TXN-20260604-001315,2,,,2026-06-04 10:55:23,2000.00,CASH_OUT,NORMAL_WALLET,,,Cash Out,COMPLETED,,Agent Cash Out Withdrawal,138366.37,136366.37,,,,,"{""agent_code"": ""AGT-7712"", ""ground_truth_anomaly"": false}",False
TXN-20260604-001308,1,,20,2026-06-04 11:27:51,727.78,MERCHANT_PAYMENT,PURPOSE_FUND,2,,Electricity,COMPLETED,,Payment to Link3 Internet Utilities via Tariq's Electricity Fund,111262.93,111262.93,8008.68,7280.90,,,"{""merchant"": ""Link3 Internet Utilities"", ""fund"": ""Tariq's Electricity Fund"", ""ground_truth_anomaly"": false}",False
TXN-20260604-001327,12,,27,2026-06-04 13:06:37,289.14,MERCHANT_PAYMENT,PURPOSE_FUND,42,,Transport,COMPLETED,,Payment to Pathao Transportation via Rafid's Transport Fund,11747.11,11747.11,5002.34,4713.20,,,"{""merchant"": ""Pathao Transportation"", ""fund"": ""Rafid's Transport Fund"", ""ground_truth_anomaly"": false}",False
TXN-20260604-001326,12,,27,2026-06-04 13:26:59,221.40,MERCHANT_PAYMENT,FAMILY_PASS,,5,Transport,COMPLETED,,FamilyPass spending by Rafid Kabir at Pathao Transportation,109595.16,109373.76,,,3651.54,3430.14,"{""owner_id"": 3, ""member_id"": 12, ""merchant"": ""Pathao Transportation"", ""ground_truth_anomaly"": false}",False
TXN-20260604-001323,24,,,2026-06-04 13:48:14,200.00,MOBILE_RECHARGE,NORMAL_WALLET,,,Recharge,COMPLETED,,Mobile Recharge to 01710000024,96671.14,96471.14,,,,,"{""operator"": ""Grameenphone"", ""ground_truth_anomaly"": false}",False
TXN-20260604-001322,4,,3,2026-06-04 14:46:06,804.16,MERCHANT_PAYMENT,PURPOSE_FUND,13,,Grocery,COMPLETED,,Payment to Unimart Hypermarket via Mahbub's Grocery Fund,116507.38,116507.38,61536.43,60732.27,,,"{""merchant"": ""Unimart Hypermarket"", ""fund"": ""Mahbub's Grocery Fund"", ""ground_truth_anomaly"": false}",False
TXN-20260604-001319,21,,28,2026-06-04 14:46:49,605.58,MERCHANT_PAYMENT,PURPOSE_FUND,62,,Rent,COMPLETED,,Payment to Eastern Housing Rental via Tanzeem's Rent Fund,336299.86,336299.86,98647.26,98041.68,,,"{""merchant"": ""Eastern Housing Rental"", ""fund"": ""Tanzeem's Rent Fund"", ""ground_truth_anomaly"": false}",False
TXN-20260604-001314,2,,18,2026-06-04 15:09:48,439.64,MERCHANT_PAYMENT,PURPOSE_FUND,7,,Electricity,COMPLETED,,Payment to DESCO Prepaid Utility via Anisul's Electricity Fund,138366.37,138366.37,7312.24,6872.60,,,"{""merchant"": ""DESCO Prepaid Utility"", ""fund"": ""Anisul's Electricity Fund"", ""ground_truth_anomaly"": false}",False
TXN-20260604-001310,3,,3,2026-06-04 16:09:22,753.45,MERCHANT_PAYMENT,PURPOSE_FUND,9,,Grocery,COMPLETED,,Payment to Unimart Hypermarket via Farhan's Grocery Fund,109595.16,109595.16,43398.21,42644.76,,,"{""merchant"": ""Unimart Hypermarket"", ""fund"": ""Farhan's Grocery Fund"", ""ground_truth_anomaly"": false}",False
TXN-20260604-001312,15,,14,2026-06-04 18:54:52,4500.00,MERCHANT_PAYMENT,PURPOSE_FUND,47,,Education,COMPLETED,,Payment to Scholastica School via Zubair's Education Fund,13886.97,13886.97,4500.00,0.00,,,"{""merchant"": ""Scholastica School"", ""fund"": ""Zubair's Education Fund"", ""ground_truth_anomaly"": false}",False
TXN-20260604-001318,20,,28,2026-06-04 19:22:22,733.08,MERCHANT_PAYMENT,PURPOSE_FUND,58,,Rent,COMPLETED,,Payment to Eastern Housing Rental via Asif's Rent Fund,278678.54,278678.54,94723.86,93990.78,,,"{""merchant"": ""Eastern Housing Rental"", ""fund"": ""Asif's Rent Fund"", ""ground_truth_anomaly"": false}",False
TXN-20260604-001311,15,,27,2026-06-04 19:22:29,181.71,MERCHANT_PAYMENT,FAMILY_PASS,,10,Transport,COMPLETED,,FamilyPass spending by Zubair Ahmed at Pathao Transportation,118016.78,117835.07,,,3265.95,3084.24,"{""owner_id"": 23, ""member_id"": 15, ""merchant"": ""Pathao Transportation"", ""ground_truth_anomaly"": false}",False
TXN-20260604-001317,20,,6,2026-06-04 19:25:44,1187.83,MERCHANT_PAYMENT,PURPOSE_FUND,57,,Grocery,COMPLETED,,Payment to Karwan Bazar Wholesale via Asif's Grocery Fund,278678.54,278678.54,78040.53,76852.70,,,"{""merchant"": ""Karwan Bazar Wholesale"", ""fund"": ""Asif's Grocery Fund"", ""ground_truth_anomaly"": false}",False
TXN-20260604-001320,21,,3,2026-06-04 19:56:26,577.92,MERCHANT_PAYMENT,PURPOSE_FUND,61,,Grocery,COMPLETED,,Payment to Unimart Hypermarket via Tanzeem's Grocery Fund,336299.86,336299.86,95151.97,94574.05,,,"{""merchant"": ""Unimart Hypermarket"", ""fund"": ""Tanzeem's Grocery Fund"", ""ground_truth_anomaly"": false}",False
TXN-20260604-001324,6,,19,2026-06-04 19:57:25,708.30,MERCHANT_PAYMENT,PURPOSE_FUND,23,,Electricity,COMPLETED,,Payment to DPDC Electricity Payment via Zahid's Electricity Fund,137392.15,137392.15,4500.00,3791.70,,,"{""merchant"": ""DPDC Electricity Payment"", ""fund"": ""Zahid's Electricity Fund"", ""ground_truth_anomaly"": false}",False
TXN-20260604-001309,3,,27,2026-06-04 20:12:52,249.74,MERCHANT_PAYMENT,PURPOSE_FUND,12,,Transport,COMPLETED,,Payment to Pathao Transportation via Farhan's Transport Fund,109595.16,109595.16,12452.42,12202.68,,,"{""merchant"": ""Pathao Transportation"", ""fund"": ""Farhan's Transport Fund"", ""ground_truth_anomaly"": false}",False
TXN-20260604-001313,16,,4,2026-06-04 20:34:09,574.14,MERCHANT_PAYMENT,FAMILY_PASS,,2,Grocery,COMPLETED,,FamilyPass spending by Nasrin Rahman at Meena Bazar,111262.93,110688.79,,,9000.00,8425.86,"{""owner_id"": 1, ""member_id"": 16, ""merchant"": ""Meena Bazar"", ""ground_truth_anomaly"": false}",False
TXN-20260604-001321,11,,24,2026-06-04 20:55:24,587.95,MERCHANT_PAYMENT,FAMILY_PASS,,3,Restaurant/Food,COMPLETED,,FamilyPass spending by Tanvir Haque at Takeout Gourmet Burgers,136366.37,135778.42,,,3071.50,2483.55,"{""owner_id"": 2, ""member_id"": 11, ""merchant"": ""Takeout Gourmet Burgers"", ""ground_truth_anomaly"": false}",False
TXN-20260605-001350,9,,18,2026-06-05 09:33:42,537.48,MERCHANT_PAYMENT,PURPOSE_FUND,35,,Electricity,COMPLETED,,Payment to DESCO Prepaid Utility via Shahidul's Electricity Fund,141131.40,141131.40,6782.22,6244.74,,,"{""merchant"": ""DESCO Prepaid Utility"", ""fund"": ""Shahidul's Electricity Fund"", ""ground_truth_anomaly"": false}",False
TXN-20260605-001348,14,,22,2026-06-05 11:15:40,482.49,MERCHANT_PAYMENT,FAMILY_PASS,,8,Restaurant/Food,COMPLETED,,FamilyPass spending by Sakib Chowdhury at Star Kabab & Restaurant,278678.54,278196.05,,,5175.75,4693.26,"{""owner_id"": 20, ""member_id"": 14, ""merchant"": ""Star Kabab & Restaurant"", ""ground_truth_anomaly"": false}",False
TXN-20260605-001334,7,,,2026-06-05 11:17:00,20060.00,BILL_PAYMENT,NORMAL_WALLET,,,Rent,COMPLETED,,Monthly Housing Rental Bill Payment,114201.71,94141.71,,,,,"{""provider"": ""Eastern Housing Rental"", ""bill_type"": ""Housing"", ""account_number"": ""EHR-88219"", ""ground_truth_anomaly"": false}",False
TXN-20260605-001338,21,,29,2026-06-05 11:17:00,29229.00,MERCHANT_PAYMENT,PURPOSE_FUND,62,,Rent,COMPLETED,,Monthly Apartment Rent to Rangs Living Rent,336299.86,336299.86,98041.68,68812.68,,,"{""merchant"": ""Rangs Living Rent"", ""ground_truth_anomaly"": false}",False
TXN-20260605-001328,1,,,2026-06-05 11:22:00,24584.00,BILL_PAYMENT,NORMAL_WALLET,,,Rent,COMPLETED,,Monthly Housing Rental Bill Payment,110688.79,86104.79,,,,,"{""provider"": ""Eastern Housing Rental"", ""bill_type"": ""Housing"", ""account_number"": ""EHR-88219"", ""ground_truth_anomaly"": false}",False
TXN-20260605-001332,5,,,2026-06-05 11:27:00,23859.00,BILL_PAYMENT,NORMAL_WALLET,,,Rent,COMPLETED,,Monthly Housing Rental Bill Payment,98300.34,74441.34,,,,,"{""provider"": ""Eastern Housing Rental"", ""bill_type"": ""Housing"", ""account_number"": ""EHR-88219"", ""ground_truth_anomaly"": false}",False
TXN-20260605-001353,10,,14,2026-06-05 11:43:00,1775.82,MERCHANT_PAYMENT,PURPOSE_FUND,37,,Education,COMPLETED,,Payment to Scholastica School via Samiul's Education Fund,12400.96,12400.96,1775.82,0.00,,,"{""merchant"": ""Scholastica School"", ""fund"": ""Samiul's Education Fund"", ""ground_truth_anomaly"": false}",False
TXN-20260605-001339,22,,,2026-06-05 12:27:00,22677.00,BILL_PAYMENT,NORMAL_WALLET,,,Rent,COMPLETED,,Monthly Housing Rental Bill Payment,268057.08,245380.08,,,,,"{""provider"": ""Eastern Housing Rental"", ""bill_type"": ""Housing"", ""account_number"": ""EHR-88219"", ""ground_truth_anomaly"": false}",False
TXN-20260605-001336,9,,28,2026-06-05 12:56:00,18933.00,MERCHANT_PAYMENT,PURPOSE_FUND,34,,Rent,COMPLETED,,Monthly Apartment Rent to Eastern Housing Rental,141131.40,141131.40,41499.07,22566.07,,,"{""merchant"": ""Eastern Housing Rental"", ""ground_truth_anomaly"": false}",False
TXN-20260605-001331,4,,28,2026-06-05 13:14:00,19544.00,MERCHANT_PAYMENT,PURPOSE_FUND,14,,Rent,COMPLETED,,Monthly Apartment Rent to Eastern Housing Rental,116507.38,116507.38,65101.53,45557.53,,,"{""merchant"": ""Eastern Housing Rental"", ""ground_truth_anomaly"": false}",False
TXN-20260605-001337,20,,28,2026-06-05 13:35:00,28551.00,MERCHANT_PAYMENT,PURPOSE_FUND,58,,Rent,COMPLETED,,Monthly Apartment Rent to Eastern Housing Rental,278678.54,278678.54,93990.78,65439.78,,,"{""merchant"": ""Eastern Housing Rental"", ""ground_truth_anomaly"": false}",False
TXN-20260605-001329,2,,29,2026-06-05 13:39:00,18638.00,MERCHANT_PAYMENT,PURPOSE_FUND,6,,Rent,COMPLETED,,Monthly Apartment Rent to Rangs Living Rent,135778.42,135778.42,49118.89,30480.89,,,"{""merchant"": ""Rangs Living Rent"", ""ground_truth_anomaly"": false}",False
TXN-20260605-001335,8,,,2026-06-05 14:04:00,22784.00,BILL_PAYMENT,NORMAL_WALLET,,,Rent,COMPLETED,,Monthly Housing Rental Bill Payment,158652.83,135868.83,,,,,"{""provider"": ""Eastern Housing Rental"", ""bill_type"": ""Housing"", ""account_number"": ""EHR-88219"", ""ground_truth_anomaly"": false}",False
TXN-20260605-001352,3,,4,2026-06-05 14:08:14,1440.35,MERCHANT_PAYMENT,PURPOSE_FUND,9,,Grocery,COMPLETED,,Payment to Meena Bazar via Farhan's Grocery Fund,85249.76,85249.76,42644.76,41204.41,,,"{""merchant"": ""Meena Bazar"", ""fund"": ""Farhan's Grocery Fund"", ""ground_truth_anomaly"": false}",False
TXN-20260605-001333,6,,28,2026-06-05 15:27:00,18836.00,MERCHANT_PAYMENT,PURPOSE_FUND,22,,Rent,COMPLETED,,Monthly Apartment Rent to Eastern Housing Rental,137392.15,137392.15,50390.95,31554.95,,,"{""merchant"": ""Eastern Housing Rental"", ""ground_truth_anomaly"": false}",False
TXN-20260605-001344,6,,4,2026-06-05 15:28:53,915.77,MERCHANT_PAYMENT,PURPOSE_FUND,21,,Grocery,COMPLETED,,Payment to Meena Bazar via Zahid's Grocery Fund,137392.15,137392.15,49277.60,48361.83,,,"{""merchant"": ""Meena Bazar"", ""fund"": ""Zahid's Grocery Fund"", ""ground_truth_anomaly"": false}",False
TXN-20260605-001351,24,,30,2026-06-05 16:08:02,2192.98,MERCHANT_PAYMENT,PURPOSE_FUND,73,,Shopping,COMPLETED,,Payment to Aarong Lifestyle Retail via Emon's Shopping Fund,96471.14,96471.14,20401.00,18208.02,,,"{""merchant"": ""Aarong Lifestyle Retail"", ""fund"": ""Emon's Shopping Fund"", ""ground_truth_anomaly"": false}",False
TXN-20260605-001342,7,,10,2026-06-05 16:36:29,405.69,MERCHANT_PAYMENT,PURPOSE_FUND,27,,Medicine,COMPLETED,,Payment to Square Hospital Pharmacy via Delwar's Medicine Fund,94141.71,94141.71,14403.40,13997.71,,,"{""merchant"": ""Square Hospital Pharmacy"", ""fund"": ""Delwar's Medicine Fund"", ""ground_truth_anomaly"": false}",False
TXN-20260605-001330,3,,,2026-06-05 16:46:00,24124.00,BILL_PAYMENT,NORMAL_WALLET,,,Rent,COMPLETED,,Monthly Housing Rental Bill Payment,109373.76,85249.76,,,,,"{""provider"": ""Eastern Housing Rental"", ""bill_type"": ""Housing"", ""account_number"": ""EHR-88219"", ""ground_truth_anomaly"": false}",False
TXN-20260605-001349,14,,23,2026-06-05 16:58:54,361.11,MERCHANT_PAYMENT,FAMILY_PASS,,8,Restaurant/Food,COMPLETED,,FamilyPass spending by Sakib Chowdhury at Kacchi Bhai Biryani,278196.05,277834.94,,,4693.26,4332.15,"{""owner_id"": 20, ""member_id"": 14, ""merchant"": ""Kacchi Bhai Biryani"", ""ground_truth_anomaly"": false}",False
TXN-20260605-001340,1,,20,2026-06-05 19:01:14,821.87,MERCHANT_PAYMENT,PURPOSE_FUND,2,,Electricity,COMPLETED,,Payment to Link3 Internet Utilities via Tariq's Electricity Fund,86104.79,86104.79,7280.90,6459.03,,,"{""merchant"": ""Link3 Internet Utilities"", ""fund"": ""Tariq's Electricity Fund"", ""ground_truth_anomaly"": false}",False
TXN-20260605-001346,21,,28,2026-06-05 19:22:17,630.92,MERCHANT_PAYMENT,PURPOSE_FUND,62,,Rent,COMPLETED,,Payment to Eastern Housing Rental via Tanzeem's Rent Fund,336299.86,336299.86,68812.68,68181.76,,,"{""merchant"": ""Eastern Housing Rental"", ""fund"": ""Tanzeem's Rent Fund"", ""ground_truth_anomaly"": false}",False
TXN-20260605-001354,10,,27,2026-06-05 19:48:13,141.98,MERCHANT_PAYMENT,PURPOSE_FUND,38,,Transport,COMPLETED,,Payment to Pathao Transportation via Samiul's Transport Fund,12400.96,12400.96,5423.22,5281.24,,,"{""merchant"": ""Pathao Transportation"", ""fund"": ""Samiul's Transport Fund"", ""ground_truth_anomaly"": false}",False
TXN-20260605-001345,23,,,2026-06-05 20:29:27,200.00,MOBILE_RECHARGE,NORMAL_WALLET,,,Recharge,COMPLETED,,Mobile Recharge to 01710000023,117535.07,117335.07,,,,,"{""operator"": ""Grameenphone"", ""ground_truth_anomaly"": false}",False
TXN-ANOM-20260605-003164,12,,22,2026-06-05 21:20:00,3066.00,MERCHANT_PAYMENT,NORMAL_WALLET,,,Restaurant/Food,COMPLETED,,Large banquet charge at Star Kabab & Restaurant,17459.37,14393.37,,,,,"{""ground_truth_anomaly"": true, ""anomaly_type"": ""SPENDING_BURST""}",True
TXN-20260605-001347,12,,,2026-06-05 21:42:07,500.00,MOBILE_RECHARGE,NORMAL_WALLET,,,Recharge,COMPLETED,,Mobile Recharge to 01710000012,11747.11,11247.11,,,,,"{""operator"": ""Grameenphone"", ""ground_truth_anomaly"": false}",False
TXN-20260605-001343,4,,29,2026-06-05 23:32:05,503.73,MERCHANT_PAYMENT,PURPOSE_FUND,14,,Rent,COMPLETED,,Payment to Rangs Living Rent via Mahbub's Rent Fund,116507.38,116507.38,45557.53,45053.80,,,"{""merchant"": ""Rangs Living Rent"", ""fund"": ""Mahbub's Rent Fund"", ""ground_truth_anomaly"": false}",False
TXN-20260605-001341,7,,26,2026-06-05 23:38:49,257.78,MERCHANT_PAYMENT,PURPOSE_FUND,28,,Transport,COMPLETED,,Payment to Uber Bangladesh Mobility via Delwar's Transport Fund,94141.71,94141.71,9307.45,9049.67,,,"{""merchant"": ""Uber Bangladesh Mobility"", ""fund"": ""Delwar's Transport Fund"", ""ground_truth_anomaly"": false}",False
TXN-20260606-001357,11,,15,2026-06-06 14:21:19,4000.00,MERCHANT_PAYMENT,PURPOSE_FUND,39,,Education,COMPLETED,,Payment to Sunnydale Academy via Tanvir's Education Fund,9071.78,9071.78,4000.00,0.00,,,"{""merchant"": ""Sunnydale Academy"", ""fund"": ""Tanvir's Education Fund"", ""ground_truth_anomaly"": false}",False
TXN-20260606-001358,11,,23,2026-06-06 15:14:34,709.60,MERCHANT_PAYMENT,PURPOSE_FUND,40,,Restaurant/Food,COMPLETED,,Payment to Kacchi Bhai Biryani via Tanvir's Restaurant/Food Fund,9071.78,9071.78,2549.22,1839.62,,,"{""merchant"": ""Kacchi Bhai Biryani"", ""fund"": ""Tanvir's Restaurant/Food Fund"", ""ground_truth_anomaly"": false}",False
TXN-20260606-001360,6,,30,2026-06-06 15:26:52,1724.64,MERCHANT_PAYMENT,PURPOSE_FUND,24,,Shopping,COMPLETED,,Payment to Aarong Lifestyle Retail via Zahid's Shopping Fund,137392.15,137392.15,10691.74,8967.10,,,"{""merchant"": ""Aarong Lifestyle Retail"", ""fund"": ""Zahid's Shopping Fund"", ""ground_truth_anomaly"": false}",False
TXN-ANOM-20260606-003209,17,,30,2026-06-06 17:04:00,14270.00,MERCHANT_PAYMENT,NORMAL_WALLET,,,Shopping,COMPLETED,,High value purchase at Aarong Lifestyle Retail,24847.73,10577.73,,,,,"{""ground_truth_anomaly"": true, ""anomaly_type"": ""LARGE_AMOUNT""}",True
TXN-20260606-001362,1,,20,2026-06-06 17:34:39,915.25,MERCHANT_PAYMENT,PURPOSE_FUND,2,,Electricity,COMPLETED,,Payment to Link3 Internet Utilities via Tariq's Electricity Fund,86104.79,86104.79,6459.03,5543.78,,,"{""merchant"": ""Link3 Internet Utilities"", ""fund"": ""Tariq's Electricity Fund"", ""ground_truth_anomaly"": false}",False
TXN-20260606-001368,15,,25,2026-06-06 17:46:21,235.49,MERCHANT_PAYMENT,PURPOSE_FUND,48,,Transport,COMPLETED,,Payment to Shohoz Interdistrict Ride via Zubair's Transport Fund,14186.97,14186.97,4327.69,4092.20,,,"{""merchant"": ""Shohoz Interdistrict Ride"", ""fund"": ""Zubair's Transport Fund"", ""ground_truth_anomaly"": false}",False
TXN-20260606-001371,5,,,2026-06-06 19:04:22,500.00,CASH_OUT,NORMAL_WALLET,,,Cash Out,COMPLETED,,Agent Cash Out Withdrawal,74441.34,73941.34,,,,,"{""agent_code"": ""AGT-7712"", ""ground_truth_anomaly"": false}",False
TXN-20260606-001363,16,,9,2026-06-06 19:17:42,565.14,MERCHANT_PAYMENT,PURPOSE_FUND,50,,Medicine,COMPLETED,,Payment to Green Life Model Pharmacy via Nasrin's Medicine Fund,19547.27,19547.27,10209.59,9644.45,,,"{""merchant"": ""Green Life Model Pharmacy"", ""fund"": ""Nasrin's Medicine Fund"", ""ground_truth_anomaly"": false}",False
TXN-20260606-001359,25,,30,2026-06-06 20:21:38,1146.62,MERCHANT_PAYMENT,PURPOSE_FUND,76,,Shopping,COMPLETED,,Payment to Aarong Lifestyle Retail via Arif's Shopping Fund,111536.95,111536.95,29813.74,28667.12,,,"{""merchant"": ""Aarong Lifestyle Retail"", ""fund"": ""Arif's Shopping Fund"", ""ground_truth_anomaly"": false}",False
TXN-20260606-001367,9,,30,2026-06-06 20:42:05,429.63,MERCHANT_PAYMENT,NORMAL_WALLET,,,Shopping,COMPLETED,,Payment to Aarong Lifestyle Retail from Normal Wallet,141131.40,140701.77,,,,,"{""merchant"": ""Aarong Lifestyle Retail"", ""ground_truth_anomaly"": false}",False
TXN-20260606-001370,23,,,2026-06-06 20:44:40,1000.00,CASH_OUT,NORMAL_WALLET,,,Cash Out,COMPLETED,,Agent Cash Out Withdrawal,117026.99,116026.99,,,,,"{""agent_code"": ""AGT-7712"", ""ground_truth_anomaly"": false}",False
TXN-20260606-001369,15,,25,2026-06-06 20:55:08,308.08,MERCHANT_PAYMENT,FAMILY_PASS,,10,Transport,COMPLETED,,FamilyPass spending by Zubair Ahmed at Shohoz Interdistrict Ride,117335.07,117026.99,,,3084.24,2776.16,"{""owner_id"": 23, ""member_id"": 15, ""merchant"": ""Shohoz Interdistrict Ride"", ""ground_truth_anomaly"": false}",False
TXN-20260606-001364,19,,5,2026-06-06 20:55:44,802.33,MERCHANT_PAYMENT,FAMILY_PASS,,9,Grocery,COMPLETED,,FamilyPass spending by Sadia Chowdhury at Chaldal Grocery Express,277834.94,277032.61,,,14400.99,13598.66,"{""owner_id"": 20, ""member_id"": 19, ""merchant"": ""Chaldal Grocery Express"", ""ground_truth_anomaly"": false}",False
TXN-20260606-001365,19,,2,2026-06-06 21:11:58,541.38,MERCHANT_PAYMENT,FAMILY_PASS,,9,Grocery,COMPLETED,,FamilyPass spending by Sadia Chowdhury at Shwapno Superstore,277032.61,276491.23,,,13598.66,13057.28,"{""owner_id"": 20, ""member_id"": 19, ""merchant"": ""Shwapno Superstore"", ""ground_truth_anomaly"": false}",False
TXN-20260606-001361,6,,28,2026-06-06 21:15:48,752.26,MERCHANT_PAYMENT,PURPOSE_FUND,22,,Rent,COMPLETED,,Payment to Eastern Housing Rental via Zahid's Rent Fund,137392.15,137392.15,31554.95,30802.69,,,"{""merchant"": ""Eastern Housing Rental"", ""fund"": ""Zahid's Rent Fund"", ""ground_truth_anomaly"": false}",False
TXN-20260606-001355,4,,1,2026-06-06 21:17:48,793.80,MERCHANT_PAYMENT,PURPOSE_FUND,13,,Grocery,COMPLETED,,Payment to Agora Super Shop via Mahbub's Grocery Fund,116507.38,116507.38,60732.27,59938.47,,,"{""merchant"": ""Agora Super Shop"", ""fund"": ""Mahbub's Grocery Fund"", ""ground_truth_anomaly"": false}",False
TXN-20260606-001366,2,,,2026-06-06 23:00:35,2000.00,CASH_OUT,NORMAL_WALLET,,,Cash Out,COMPLETED,,Agent Cash Out Withdrawal,135778.42,133778.42,,,,,"{""agent_code"": ""AGT-7712"", ""ground_truth_anomaly"": false}",False
TXN-20260606-001356,3,,,2026-06-06 23:10:17,300.00,MOBILE_RECHARGE,NORMAL_WALLET,,,Recharge,COMPLETED,,Mobile Recharge to 01710000003,85249.76,84949.76,,,,,"{""operator"": ""Grameenphone"", ""ground_truth_anomaly"": false}",False
TXN-20260607-001372,15,,25,2026-06-07 09:07:26,167.10,MERCHANT_PAYMENT,FAMILY_PASS,,10,Transport,COMPLETED,,FamilyPass spending by Zubair Ahmed at Shohoz Interdistrict Ride,116026.99,115859.89,,,2776.16,2609.06,"{""owner_id"": 23, ""member_id"": 15, ""merchant"": ""Shohoz Interdistrict Ride"", ""ground_truth_anomaly"": false}",False
TXN-20260607-001382,20,,28,2026-06-07 09:50:29,830.70,MERCHANT_PAYMENT,PURPOSE_FUND,58,,Rent,COMPLETED,,Payment to Eastern Housing Rental via Asif's Rent Fund,274491.23,274491.23,65439.78,64609.08,,,"{""merchant"": ""Eastern Housing Rental"", ""fund"": ""Asif's Rent Fund"", ""ground_truth_anomaly"": false}",False
TXN-20260607-001379,1,2,,2026-06-07 10:01:12,1000.00,SEND_MONEY,NORMAL_WALLET,,,Transfer,COMPLETED,,Sent money to Anisul Haque,86104.79,85104.79,,,,,"{""recipient_phone"": ""01710000002"", ""ground_truth_anomaly"": false}",False
TXN-20260607-001388,16,4,,2026-06-07 10:11:13,300.00,SEND_MONEY,NORMAL_WALLET,,,Transfer,COMPLETED,,Sent money to Mahbub Alam,19847.27,19547.27,,,,,"{""recipient_phone"": ""01710000004"", ""ground_truth_anomaly"": false}",False
TXN-20260607-001377,9,,9,2026-06-07 11:03:10,289.85,MERCHANT_PAYMENT,PURPOSE_FUND,36,,Medicine,COMPLETED,,Payment to Green Life Model Pharmacy via Shahidul's Medicine Fund,140701.77,140701.77,14589.29,14299.44,,,"{""merchant"": ""Green Life Model Pharmacy"", ""fund"": ""Shahidul's Medicine Fund"", ""ground_truth_anomaly"": false}",False
TXN-20260607-001381,20,,,2026-06-07 11:32:55,2000.00,CASH_OUT,NORMAL_WALLET,,,Cash Out,COMPLETED,,Agent Cash Out Withdrawal,276491.23,274491.23,,,,,"{""agent_code"": ""AGT-7712"", ""ground_truth_anomaly"": false}",False
TXN-20260607-001380,6,16,,2026-06-07 13:03:48,300.00,SEND_MONEY,NORMAL_WALLET,,,Transfer,COMPLETED,,Sent money to Nasrin Rahman,137392.15,137092.15,,,,,"{""recipient_phone"": ""01710000016"", ""ground_truth_anomaly"": false}",False
TXN-20260607-001390,14,,23,2026-06-07 16:16:26,462.40,MERCHANT_PAYMENT,FAMILY_PASS,,8,Restaurant/Food,COMPLETED,,FamilyPass spending by Sakib Chowdhury at Kacchi Bhai Biryani,273523.44,273061.04,,,4332.15,3869.75,"{""owner_id"": 20, ""member_id"": 14, ""merchant"": ""Kacchi Bhai Biryani"", ""ground_truth_anomaly"": false}",False
TXN-20260607-001387,19,,4,2026-06-07 17:39:16,967.79,MERCHANT_PAYMENT,FAMILY_PASS,,9,Grocery,COMPLETED,,FamilyPass spending by Sadia Chowdhury at Meena Bazar,274491.23,273523.44,,,13057.28,12089.49,"{""owner_id"": 20, ""member_id"": 19, ""merchant"": ""Meena Bazar"", ""ground_truth_anomaly"": false}",True
TXN-20260607-001384,7,,19,2026-06-07 17:50:51,472.52,MERCHANT_PAYMENT,PURPOSE_FUND,26,,Electricity,COMPLETED,,Payment to DPDC Electricity Payment via Delwar's Electricity Fund,94141.71,94141.71,3517.93,3045.41,,,"{""merchant"": ""DPDC Electricity Payment"", ""fund"": ""Delwar's Electricity Fund"", ""ground_truth_anomaly"": false}",False
TXN-20260607-001374,3,,26,2026-06-07 17:52:52,236.32,MERCHANT_PAYMENT,PURPOSE_FUND,12,,Transport,COMPLETED,,Payment to Uber Bangladesh Mobility via Farhan's Transport Fund,84949.76,84949.76,12202.68,11966.36,,,"{""merchant"": ""Uber Bangladesh Mobility"", ""fund"": ""Farhan's Transport Fund"", ""ground_truth_anomaly"": false}",False
TXN-REJ-20260607-003268,14,,16,2026-06-07 18:19:00,654.00,MERCHANT_PAYMENT,FAMILY_PASS,,8,Education,REJECTED,Category Restriction Mismatch: Merchant 'Daffodil University Tuition' category 'Education' is not allowed for this FamilyPass.,Attempted FamilyPass spending at Daffodil University Tuition,481695.88,481695.88,,,6000.00,6000.00,"{""ground_truth_anomaly"": false, ""policy_violation"": ""FAMILYPASS_CATEGORY_MISMATCH""}",False
TXN-20260607-001373,18,,30,2026-06-07 18:30:54,2083.68,MERCHANT_PAYMENT,PURPOSE_FUND,54,,Shopping,COMPLETED,,Payment to Aarong Lifestyle Retail via Rumana's Shopping Fund,32275.28,32275.28,6701.87,4618.19,,,"{""merchant"": ""Aarong Lifestyle Retail"", ""fund"": ""Rumana's Shopping Fund"", ""ground_truth_anomaly"": false}",False
TXN-20260607-001386,2,,29,2026-06-07 19:01:44,712.31,MERCHANT_PAYMENT,PURPOSE_FUND,6,,Rent,COMPLETED,,Payment to Rangs Living Rent via Anisul's Rent Fund,134778.42,134778.42,30480.89,29768.58,,,"{""merchant"": ""Rangs Living Rent"", ""fund"": ""Anisul's Rent Fund"", ""ground_truth_anomaly"": false}",False
TXN-20260607-001385,4,,,2026-06-07 20:12:58,200.00,MOBILE_RECHARGE,NORMAL_WALLET,,,Recharge,COMPLETED,,Mobile Recharge to 01710000004,116507.38,116307.38,,,,,"{""operator"": ""Grameenphone"", ""ground_truth_anomaly"": false}",False
TXN-20260607-001383,7,,5,2026-06-07 20:35:15,1007.10,MERCHANT_PAYMENT,PURPOSE_FUND,25,,Grocery,COMPLETED,,Payment to Chaldal Grocery Express via Delwar's Grocery Fund,94141.71,94141.71,37403.33,36396.23,,,"{""merchant"": ""Chaldal Grocery Express"", ""fund"": ""Delwar's Grocery Fund"", ""ground_truth_anomaly"": false}",False
TXN-20260607-001389,12,,30,2026-06-07 20:51:44,671.73,MERCHANT_PAYMENT,NORMAL_WALLET,,,Shopping,COMPLETED,,Payment to Aarong Lifestyle Retail from Normal Wallet,11247.11,10575.38,,,,,"{""merchant"": ""Aarong Lifestyle Retail"", ""ground_truth_anomaly"": false}",False
TXN-20260607-001378,9,,20,2026-06-07 20:58:36,534.04,MERCHANT_PAYMENT,PURPOSE_FUND,35,,Electricity,COMPLETED,,Payment to Link3 Internet Utilities via Shahidul's Electricity Fund,140701.77,140701.77,6244.74,5710.70,,,"{""merchant"": ""Link3 Internet Utilities"", ""fund"": ""Shahidul's Electricity Fund"", ""ground_truth_anomaly"": false}",False
TXN-ANOM-20260607-003220,18,,24,2026-06-07 21:23:00,2508.00,MERCHANT_PAYMENT,NORMAL_WALLET,,,Restaurant/Food,COMPLETED,,Large banquet charge at Takeout Gourmet Burgers,44230.12,41722.12,,,,,"{""ground_truth_anomaly"": true, ""anomaly_type"": ""SPENDING_BURST""}",True
TXN-20260607-001376,22,,,2026-06-07 21:32:51,500.00,MOBILE_RECHARGE,NORMAL_WALLET,,,Recharge,COMPLETED,,Mobile Recharge to 01710000022,245380.08,244880.08,,,,,"{""operator"": ""Grameenphone"", ""ground_truth_anomaly"": false}",False
TXN-20260607-001375,22,,6,2026-06-07 21:34:13,1015.16,MERCHANT_PAYMENT,PURPOSE_FUND,65,,Grocery,COMPLETED,,Payment to Karwan Bazar Wholesale via Nafis's Grocery Fund,245380.08,245380.08,72066.24,71051.08,,,"{""merchant"": ""Karwan Bazar Wholesale"", ""fund"": ""Nafis's Grocery Fund"", ""ground_truth_anomaly"": false}",False
TXN-20260608-001409,25,,,2026-06-08 09:01:40,100.00,MOBILE_RECHARGE,NORMAL_WALLET,,,Recharge,COMPLETED,,Mobile Recharge to 01710000025,111536.95,111436.95,,,,,"{""operator"": ""Grameenphone"", ""ground_truth_anomaly"": false}",False
TXN-20260608-001414,23,,,2026-06-08 09:17:13,500.00,MOBILE_RECHARGE,NORMAL_WALLET,,,Recharge,COMPLETED,,Mobile Recharge to 01710000023,115859.89,115359.89,,,,,"{""operator"": ""Grameenphone"", ""ground_truth_anomaly"": false}",False
TXN-20260608-001413,22,,30,2026-06-08 09:37:18,533.40,MERCHANT_PAYMENT,NORMAL_WALLET,,,Shopping,COMPLETED,,Payment to Aarong Lifestyle Retail from Normal Wallet,244880.08,244346.68,,,,,"{""merchant"": ""Aarong Lifestyle Retail"", ""ground_truth_anomaly"": false}",False
TXN-20260608-001403,1,,,2026-06-08 10:10:48,500.00,MOBILE_RECHARGE,NORMAL_WALLET,,,Recharge,COMPLETED,,Mobile Recharge to 01710000001,84286.96,83786.96,,,,,"{""operator"": ""Grameenphone"", ""ground_truth_anomaly"": false}",False
TXN-20260608-001396,2,,29,2026-06-08 12:24:10,266.97,MERCHANT_PAYMENT,PURPOSE_FUND,6,,Rent,COMPLETED,,Payment to Rangs Living Rent via Anisul's Rent Fund,134778.42,134778.42,29768.58,29501.61,,,"{""merchant"": ""Rangs Living Rent"", ""fund"": ""Anisul's Rent Fund"", ""ground_truth_anomaly"": false}",False
TXN-20260608-001410,25,,30,2026-06-08 12:45:12,1421.54,MERCHANT_PAYMENT,PURPOSE_FUND,76,,Shopping,COMPLETED,,Payment to Aarong Lifestyle Retail via Arif's Shopping Fund,111436.95,111436.95,28667.12,27245.58,,,"{""merchant"": ""Aarong Lifestyle Retail"", ""fund"": ""Arif's Shopping Fund"", ""ground_truth_anomaly"": false}",True
TXN-20260608-001404,19,,1,2026-06-08 13:02:57,715.74,MERCHANT_PAYMENT,PURPOSE_FUND,55,,Grocery,COMPLETED,,Payment to Agora Super Shop via Sadia's Grocery Fund,31844.49,31844.49,27497.38,26781.64,,,"{""merchant"": ""Agora Super Shop"", ""fund"": ""Sadia's Grocery Fund"", ""ground_truth_anomaly"": false}",False
TXN-20260608-001411,9,,23,2026-06-08 14:29:20,466.42,MERCHANT_PAYMENT,NORMAL_WALLET,,,Restaurant/Food,COMPLETED,,Payment to Kacchi Bhai Biryani from Normal Wallet,140701.77,140235.35,,,,,"{""merchant"": ""Kacchi Bhai Biryani"", ""ground_truth_anomaly"": false}",False
TXN-20260608-001395,2,,18,2026-06-08 16:24:32,632.62,MERCHANT_PAYMENT,PURPOSE_FUND,7,,Electricity,COMPLETED,,Payment to DESCO Prepaid Utility via Anisul's Electricity Fund,134778.42,134778.42,6872.60,6239.98,,,"{""merchant"": ""DESCO Prepaid Utility"", ""fund"": ""Anisul's Electricity Fund"", ""ground_truth_anomaly"": false}",False
TXN-20260608-001391,21,,30,2026-06-08 16:33:08,615.74,MERCHANT_PAYMENT,NORMAL_WALLET,,,Shopping,COMPLETED,,Payment to Aarong Lifestyle Retail from Normal Wallet,336299.86,335684.12,,,,,"{""merchant"": ""Aarong Lifestyle Retail"", ""ground_truth_anomaly"": false}",False
TXN-20260608-001402,24,,30,2026-06-08 17:04:03,1870.45,MERCHANT_PAYMENT,PURPOSE_FUND,73,,Shopping,COMPLETED,,Payment to Aarong Lifestyle Retail via Emon's Shopping Fund,96471.14,96471.14,18208.02,16337.57,,,"{""merchant"": ""Aarong Lifestyle Retail"", ""fund"": ""Emon's Shopping Fund"", ""ground_truth_anomaly"": false}",False
TXN-20260608-001392,6,,,2026-06-08 17:12:58,500.00,MOBILE_RECHARGE,NORMAL_WALLET,,,Recharge,COMPLETED,,Mobile Recharge to 01710000006,137092.15,136592.15,,,,,"{""operator"": ""Grameenphone"", ""ground_truth_anomaly"": false}",False
TXN-20260608-001393,7,18,,2026-06-08 18:36:14,500.00,SEND_MONEY,NORMAL_WALLET,,,Transfer,COMPLETED,,Sent money to Rumana Alam,94141.71,93641.71,,,,,"{""recipient_phone"": ""01710000018"", ""ground_truth_anomaly"": false}",False
TXN-20260608-001394,7,,,2026-06-08 19:01:17,500.00,MOBILE_RECHARGE,NORMAL_WALLET,,,Recharge,COMPLETED,,Mobile Recharge to 01710000007,93641.71,93141.71,,,,,"{""operator"": ""Grameenphone"", ""ground_truth_anomaly"": false}",False
TXN-20260608-001398,4,12,,2026-06-08 19:03:47,1000.00,SEND_MONEY,NORMAL_WALLET,,,Transfer,COMPLETED,,Sent money to Rafid Kabir,116607.38,115607.38,,,,,"{""recipient_phone"": ""01710000012"", ""ground_truth_anomaly"": false}",False
TXN-20260608-001406,13,,27,2026-06-08 19:26:00,365.77,MERCHANT_PAYMENT,PURPOSE_FUND,44,,Transport,COMPLETED,,Payment to Pathao Transportation via Nahian's Transport Fund,10539.27,10539.27,2042.30,1676.53,,,"{""merchant"": ""Pathao Transportation"", ""fund"": ""Nahian's Transport Fund"", ""ground_truth_anomaly"": false}",False
TXN-20260608-001397,4,,9,2026-06-08 19:31:52,262.24,MERCHANT_PAYMENT,PURPOSE_FUND,16,,Medicine,COMPLETED,,Payment to Green Life Model Pharmacy via Mahbub's Medicine Fund,116607.38,116607.38,21653.68,21391.44,,,"{""merchant"": ""Green Life Model Pharmacy"", ""fund"": ""Mahbub's Medicine Fund"", ""ground_truth_anomaly"": false}",False
TXN-20260608-001399,18,,4,2026-06-08 19:34:17,1095.46,MERCHANT_PAYMENT,FAMILY_PASS,,6,Grocery,COMPLETED,,FamilyPass spending by Rumana Alam at Meena Bazar,115607.38,114511.92,,,12000.00,10904.54,"{""owner_id"": 4, ""member_id"": 18, ""merchant"": ""Meena Bazar"", ""ground_truth_anomaly"": false}",False
TXN-20260608-001412,9,,8,2026-06-08 19:34:44,493.45,MERCHANT_PAYMENT,PURPOSE_FUND,36,,Medicine,COMPLETED,,Payment to Tamanna Pharmacy via Shahidul's Medicine Fund,140235.35,140235.35,14299.44,13805.99,,,"{""merchant"": ""Tamanna Pharmacy"", ""fund"": ""Shahidul's Medicine Fund"", ""ground_truth_anomaly"": false}",False
TXN-20260608-001408,3,,17,2026-06-08 20:01:10,5966.04,MERCHANT_PAYMENT,PURPOSE_FUND,10,,Education,COMPLETED,,Payment to Mastermind School via Farhan's Education Fund,84949.76,84949.76,14000.00,8033.96,,,"{""merchant"": ""Mastermind School"", ""fund"": ""Farhan's Education Fund"", ""ground_truth_anomaly"": false}",False
TXN-20260608-001400,18,,6,2026-06-08 22:13:33,634.17,MERCHANT_PAYMENT,FAMILY_PASS,,6,Grocery,COMPLETED,,FamilyPass spending by Rumana Alam at Karwan Bazar Wholesale,114511.92,113877.75,,,10904.54,10270.37,"{""owner_id"": 4, ""member_id"": 18, ""merchant"": ""Karwan Bazar Wholesale"", ""ground_truth_anomaly"": false}",False
TXN-20260608-001405,13,,15,2026-06-08 22:15:02,1536.02,MERCHANT_PAYMENT,FAMILY_PASS,,7,Education,COMPLETED,,FamilyPass spending by Nahian Hasan at Sunnydale Academy,73941.34,72405.32,,,1536.02,0.00,"{""owner_id"": 5, ""member_id"": 13, ""merchant"": ""Sunnydale Academy"", ""ground_truth_anomaly"": false}",False
TXN-20260608-001407,10,,27,2026-06-08 22:33:39,271.15,MERCHANT_PAYMENT,PURPOSE_FUND,38,,Transport,COMPLETED,,Payment to Pathao Transportation via Samiul's Transport Fund,12400.96,12400.96,5281.24,5010.09,,,"{""merchant"": ""Pathao Transportation"", ""fund"": ""Samiul's Transport Fund"", ""ground_truth_anomaly"": false}",False
TXN-20260608-001401,16,,6,2026-06-08 22:50:25,817.83,MERCHANT_PAYMENT,FAMILY_PASS,,2,Grocery,COMPLETED,,FamilyPass spending by Nasrin Rahman at Karwan Bazar Wholesale,85104.79,84286.96,,,8425.86,7608.03,"{""owner_id"": 1, ""member_id"": 16, ""merchant"": ""Karwan Bazar Wholesale"", ""ground_truth_anomaly"": false}",False
TXN-20260609-001422,7,,8,2026-06-09 11:04:38,680.73,MERCHANT_PAYMENT,PURPOSE_FUND,27,,Medicine,COMPLETED,,Payment to Tamanna Pharmacy via Delwar's Medicine Fund,91990.75,91990.75,13997.71,13316.98,,,"{""merchant"": ""Tamanna Pharmacy"", ""fund"": ""Delwar's Medicine Fund"", ""ground_truth_anomaly"": false}",False
TXN-ANOM-20260609-003201,1,,13,2026-06-09 13:28:00,9964.00,MERCHANT_PAYMENT,NORMAL_WALLET,,,Treatment,COMPLETED,,Emergency diagnostic package at Popular Diagnostic Centre,123162.58,113198.58,,,,,"{""ground_truth_anomaly"": true, ""anomaly_type"": ""UNUSUAL_CATEGORY""}",True
TXN-REJ-20260609-003263,14,,22,2026-06-09 15:55:00,8110.00,MERCHANT_PAYMENT,FAMILY_PASS,,8,Restaurant/Food,REJECTED,"FamilyPass spending limit exceeded. Remaining allowance: ৳6,000.00, requested: ৳8,110.00",Attempted FamilyPass spending exceeding allowance,481695.88,481695.88,,,6000.00,6000.00,"{""ground_truth_anomaly"": false, ""policy_violation"": ""FAMILYPASS_LIMIT_EXCEEDED""}",False
TXN-20260609-001417,25,,22,2026-06-09 18:26:57,748.93,MERCHANT_PAYMENT,PURPOSE_FUND,75,,Restaurant/Food,COMPLETED,,Payment to Star Kabab & Restaurant via Arif's Restaurant/Food Fund,111436.95,111436.95,27121.36,26372.43,,,"{""merchant"": ""Star Kabab & Restaurant"", ""fund"": ""Arif's Restaurant/Food Fund"", ""ground_truth_anomaly"": false}",False
TXN-20260609-001426,3,,,2026-06-09 18:31:09,50.00,MOBILE_RECHARGE,NORMAL_WALLET,,,Recharge,COMPLETED,,Mobile Recharge to 01710000003,84772.51,84722.51,,,,,"{""operator"": ""Grameenphone"", ""ground_truth_anomaly"": false}",False
TXN-20260609-001428,19,,3,2026-06-09 19:09:10,498.34,MERCHANT_PAYMENT,PURPOSE_FUND,55,,Grocery,COMPLETED,,Payment to Unimart Hypermarket via Sadia's Grocery Fund,31844.49,31844.49,26781.64,26283.30,,,"{""merchant"": ""Unimart Hypermarket"", ""fund"": ""Sadia's Grocery Fund"", ""ground_truth_anomaly"": false}",True
TXN-20260609-001415,24,,22,2026-06-09 19:29:11,1366.08,MERCHANT_PAYMENT,PURPOSE_FUND,72,,Restaurant/Food,COMPLETED,,Payment to Star Kabab & Restaurant via Emon's Restaurant/Food Fund,96471.14,96471.14,17956.04,16589.96,,,"{""merchant"": ""Star Kabab & Restaurant"", ""fund"": ""Emon's Restaurant/Food Fund"", ""ground_truth_anomaly"": false}",False
TXN-20260609-001424,2,,24,2026-06-09 19:42:07,535.22,MERCHANT_PAYMENT,NORMAL_WALLET,,,Restaurant/Food,COMPLETED,,Payment to Takeout Gourmet Burgers from Normal Wallet,134778.42,134243.20,,,,,"{""merchant"": ""Takeout Gourmet Burgers"", ""ground_truth_anomaly"": false}",False
TXN-20260609-001416,9,,19,2026-06-09 19:42:38,704.35,MERCHANT_PAYMENT,PURPOSE_FUND,35,,Electricity,COMPLETED,,Payment to DPDC Electricity Payment via Shahidul's Electricity Fund,140235.35,140235.35,5710.70,5006.35,,,"{""merchant"": ""DPDC Electricity Payment"", ""fund"": ""Shahidul's Electricity Fund"", ""ground_truth_anomaly"": false}",False
TXN-20260609-001421,7,,26,2026-06-09 19:47:19,1150.96,MERCHANT_PAYMENT,NORMAL_WALLET,,,Transport,COMPLETED,,Payment to Uber Bangladesh Mobility from Normal Wallet,93141.71,91990.75,,,,,"{""merchant"": ""Uber Bangladesh Mobility"", ""ground_truth_anomaly"": false}",False
TXN-20260609-001418,18,,4,2026-06-09 20:10:11,1047.75,MERCHANT_PAYMENT,FAMILY_PASS,,6,Grocery,COMPLETED,,FamilyPass spending by Rumana Alam at Meena Bazar,113877.75,112830.00,,,10270.37,9222.62,"{""owner_id"": 4, ""member_id"": 18, ""merchant"": ""Meena Bazar"", ""ground_truth_anomaly"": false}",True
TXN-20260609-001419,13,,26,2026-06-09 20:26:43,268.83,MERCHANT_PAYMENT,PURPOSE_FUND,44,,Transport,COMPLETED,,Payment to Uber Bangladesh Mobility via Nahian's Transport Fund,10539.27,10539.27,1676.53,1407.70,,,"{""merchant"": ""Uber Bangladesh Mobility"", ""fund"": ""Nahian's Transport Fund"", ""ground_truth_anomaly"": false}",False
TXN-20260609-001429,16,,7,2026-06-09 20:33:43,643.24,MERCHANT_PAYMENT,PURPOSE_FUND,50,,Medicine,COMPLETED,,Payment to Labaid Pharmacy via Nasrin's Medicine Fund,19547.27,19547.27,9644.45,9001.21,,,"{""merchant"": ""Labaid Pharmacy"", ""fund"": ""Nasrin's Medicine Fund"", ""ground_truth_anomaly"": false}",False
TXN-20260609-001423,1,,20,2026-06-09 21:01:18,197.01,MERCHANT_PAYMENT,PURPOSE_FUND,2,,Electricity,COMPLETED,,Payment to Link3 Internet Utilities via Tariq's Electricity Fund,83786.96,83786.96,5543.78,5346.77,,,"{""merchant"": ""Link3 Internet Utilities"", ""fund"": ""Tariq's Electricity Fund"", ""ground_truth_anomaly"": false}",False
TXN-20260609-001425,12,,26,2026-06-09 21:21:55,177.25,MERCHANT_PAYMENT,FAMILY_PASS,,5,Transport,COMPLETED,,FamilyPass spending by Rafid Kabir at Uber Bangladesh Mobility,84949.76,84772.51,,,3430.14,3252.89,"{""owner_id"": 3, ""member_id"": 12, ""merchant"": ""Uber Bangladesh Mobility"", ""ground_truth_anomaly"": false}",False
TXN-20260609-001420,20,,12,2026-06-09 21:52:54,961.07,MERCHANT_PAYMENT,PURPOSE_FUND,60,,Treatment,COMPLETED,,Payment to Evercare Hospital Lab via Asif's Treatment Fund,273061.04,273061.04,35309.93,34348.86,,,"{""merchant"": ""Evercare Hospital Lab"", ""fund"": ""Asif's Treatment Fund"", ""ground_truth_anomaly"": false}",False
TXN-20260609-001427,19,,1,2026-06-09 21:57:30,596.78,MERCHANT_PAYMENT,FAMILY_PASS,,9,Grocery,COMPLETED,,FamilyPass spending by Sadia Chowdhury at Agora Super Shop,273061.04,272464.26,,,12089.49,11492.71,"{""owner_id"": 20, ""member_id"": 19, ""merchant"": ""Agora Super Shop"", ""ground_truth_anomaly"": false}",True
TXN-20260609-001430,16,,2,2026-06-09 23:38:41,939.14,MERCHANT_PAYMENT,FAMILY_PASS,,2,Grocery,COMPLETED,,FamilyPass spending by Nasrin Rahman at Shwapno Superstore,83786.96,82847.82,,,7608.03,6668.89,"{""owner_id"": 1, ""member_id"": 16, ""merchant"": ""Shwapno Superstore"", ""ground_truth_anomaly"": false}",False
TXN-20260610-001435,5,,,2026-06-10 09:15:55,100.00,MOBILE_RECHARGE,NORMAL_WALLET,,,Recharge,COMPLETED,,Mobile Recharge to 01710000005,72405.32,72305.32,,,,,"{""operator"": ""Grameenphone"", ""ground_truth_anomaly"": false}",False
TXN-20260610-001438,1,,23,2026-06-10 10:38:15,500.86,MERCHANT_PAYMENT,NORMAL_WALLET,,,Restaurant/Food,COMPLETED,,Payment to Kacchi Bhai Biryani from Normal Wallet,82847.82,82346.96,,,,,"{""merchant"": ""Kacchi Bhai Biryani"", ""ground_truth_anomaly"": false}",False
TXN-20260610-001450,8,,,2026-06-10 11:25:59,100.00,MOBILE_RECHARGE,NORMAL_WALLET,,,Recharge,COMPLETED,,Mobile Recharge to 01710000008,135868.83,135768.83,,,,,"{""operator"": ""Grameenphone"", ""ground_truth_anomaly"": false}",False
TXN-20260610-001447,4,,30,2026-06-10 11:29:42,570.53,MERCHANT_PAYMENT,NORMAL_WALLET,,,Shopping,COMPLETED,,Payment to Aarong Lifestyle Retail from Normal Wallet,112830.00,112259.47,,,,,"{""merchant"": ""Aarong Lifestyle Retail"", ""ground_truth_anomaly"": false}",False
TXN-20260610-001443,17,,6,2026-06-10 14:16:28,828.43,MERCHANT_PAYMENT,FAMILY_PASS,,4,Grocery,COMPLETED,,FamilyPass spending by Farzana Haque at Karwan Bazar Wholesale,134243.20,133414.77,,,9320.30,8491.87,"{""owner_id"": 2, ""member_id"": 17, ""merchant"": ""Karwan Bazar Wholesale"", ""ground_truth_anomaly"": false}",True
TXN-20260610-001448,12,,,2026-06-10 14:18:30,1000.00,CASH_OUT,NORMAL_WALLET,,,Cash Out,COMPLETED,,Agent Cash Out Withdrawal,11575.38,10575.38,,,,,"{""agent_code"": ""AGT-7712"", ""ground_truth_anomaly"": false}",False
TXN-20260610-001441,19,,6,2026-06-10 14:54:57,825.59,MERCHANT_PAYMENT,FAMILY_PASS,,9,Grocery,COMPLETED,,FamilyPass spending by Sadia Chowdhury at Karwan Bazar Wholesale,272464.26,271638.67,,,11492.71,10667.12,"{""owner_id"": 20, ""member_id"": 19, ""merchant"": ""Karwan Bazar Wholesale"", ""ground_truth_anomaly"": false}",False
TXN-20260610-001437,15,,25,2026-06-10 15:05:44,202.51,MERCHANT_PAYMENT,FAMILY_PASS,,10,Transport,COMPLETED,,FamilyPass spending by Zubair Ahmed at Shohoz Interdistrict Ride,115359.89,115157.38,,,2609.06,2406.55,"{""owner_id"": 23, ""member_id"": 15, ""merchant"": ""Shohoz Interdistrict Ride"", ""ground_truth_anomaly"": false}",False
TXN-ANOM-20260610-003238,17,,30,2026-06-10 17:06:00,16277.00,MERCHANT_PAYMENT,NORMAL_WALLET,,,Shopping,COMPLETED,,High value purchase at Aarong Lifestyle Retail,31810.230,15533.230,,,,,"{""ground_truth_anomaly"": true, ""anomaly_type"": ""LARGE_AMOUNT""}",True
TXN-20260610-001452,25,,,2026-06-10 17:12:55,1000.00,CASH_OUT,NORMAL_WALLET,,,Cash Out,COMPLETED,,Agent Cash Out Withdrawal,111436.95,110436.95,,,,,"{""agent_code"": ""AGT-7712"", ""ground_truth_anomaly"": false}",False
TXN-20260610-001445,16,,5,2026-06-10 17:59:25,418.76,MERCHANT_PAYMENT,FAMILY_PASS,,2,Grocery,COMPLETED,,FamilyPass spending by Nasrin Rahman at Chaldal Grocery Express,82346.96,81928.20,,,6668.89,6250.13,"{""owner_id"": 1, ""member_id"": 16, ""merchant"": ""Chaldal Grocery Express"", ""ground_truth_anomaly"": false}",False
TXN-20260610-001431,6,,,2026-06-10 18:42:43,300.00,MOBILE_RECHARGE,NORMAL_WALLET,,,Recharge,COMPLETED,,Mobile Recharge to 01710000006,136592.15,136292.15,,,,,"{""operator"": ""Grameenphone"", ""ground_truth_anomaly"": false}",False
TXN-20260610-001434,21,,28,2026-06-10 19:06:09,471.61,MERCHANT_PAYMENT,PURPOSE_FUND,62,,Rent,COMPLETED,,Payment to Eastern Housing Rental via Tanzeem's Rent Fund,335684.12,335684.12,68181.76,67710.15,,,"{""merchant"": ""Eastern Housing Rental"", ""fund"": ""Tanzeem's Rent Fund"", ""ground_truth_anomaly"": false}",False
TXN-20260610-001451,25,,22,2026-06-10 19:17:21,895.92,MERCHANT_PAYMENT,PURPOSE_FUND,75,,Restaurant/Food,COMPLETED,,Payment to Star Kabab & Restaurant via Arif's Restaurant/Food Fund,111436.95,111436.95,26372.43,25476.51,,,"{""merchant"": ""Star Kabab & Restaurant"", ""fund"": ""Arif's Restaurant/Food Fund"", ""ground_truth_anomaly"": false}",False
TXN-20260610-001440,23,,21,2026-06-10 19:31:14,137.77,MERCHANT_PAYMENT,PURPOSE_FUND,69,,Restaurant/Food,COMPLETED,,Payment to Sultan's Dine Kacchi via Shafiqul's Restaurant/Food Fund,115157.38,115157.38,29874.16,29736.39,,,"{""merchant"": ""Sultan's Dine Kacchi"", ""fund"": ""Shafiqul's Restaurant/Food Fund"", ""ground_truth_anomaly"": false}",False
TXN-20260610-001446,16,,1,2026-06-10 19:55:37,879.86,MERCHANT_PAYMENT,FAMILY_PASS,,2,Grocery,COMPLETED,,FamilyPass spending by Nasrin Rahman at Agora Super Shop,81928.20,81048.34,,,6250.13,5370.27,"{""owner_id"": 1, ""member_id"": 16, ""merchant"": ""Agora Super Shop"", ""ground_truth_anomaly"": false}",True
TXN-20260610-001449,12,,25,2026-06-10 19:57:15,139.23,MERCHANT_PAYMENT,FAMILY_PASS,,5,Transport,COMPLETED,,FamilyPass spending by Rafid Kabir at Shohoz Interdistrict Ride,84722.51,84583.28,,,3252.89,3113.66,"{""owner_id"": 3, ""member_id"": 12, ""merchant"": ""Shohoz Interdistrict Ride"", ""ground_truth_anomaly"": false}",False
TXN-20260610-001432,3,,25,2026-06-10 20:52:30,321.21,MERCHANT_PAYMENT,PURPOSE_FUND,12,,Transport,COMPLETED,,Payment to Shohoz Interdistrict Ride via Farhan's Transport Fund,84722.51,84722.51,11966.36,11645.15,,,"{""merchant"": ""Shohoz Interdistrict Ride"", ""fund"": ""Farhan's Transport Fund"", ""ground_truth_anomaly"": false}",False
TXN-20260610-001444,14,,30,2026-06-10 21:31:39,2661.11,MERCHANT_PAYMENT,PURPOSE_FUND,46,,Shopping,COMPLETED,,Payment to Aarong Lifestyle Retail via Sakib's Shopping Fund,18398.90,18398.90,4000.00,1338.89,,,"{""merchant"": ""Aarong Lifestyle Retail"", ""fund"": ""Sakib's Shopping Fund"", ""ground_truth_anomaly"": false}",False
TXN-20260610-001442,17,,10,2026-06-10 21:36:19,431.55,MERCHANT_PAYMENT,PURPOSE_FUND,52,,Medicine,COMPLETED,,Payment to Square Hospital Pharmacy via Farzana's Medicine Fund,25757.80,25757.80,8659.78,8228.23,,,"{""merchant"": ""Square Hospital Pharmacy"", ""fund"": ""Farzana's Medicine Fund"", ""ground_truth_anomaly"": false}",False
TXN-20260610-001439,23,,24,2026-06-10 22:13:09,1601.39,MERCHANT_PAYMENT,PURPOSE_FUND,69,,Restaurant/Food,COMPLETED,,Payment to Takeout Gourmet Burgers via Shafiqul's Restaurant/Food Fund,115157.38,115157.38,31475.55,29874.16,,,"{""merchant"": ""Takeout Gourmet Burgers"", ""fund"": ""Shafiqul's Restaurant/Food Fund"", ""ground_truth_anomaly"": false}",False
TXN-20260610-001436,15,,26,2026-06-10 22:23:09,122.70,MERCHANT_PAYMENT,PURPOSE_FUND,48,,Transport,COMPLETED,,Payment to Uber Bangladesh Mobility via Zubair's Transport Fund,14186.97,14186.97,4092.20,3969.50,,,"{""merchant"": ""Uber Bangladesh Mobility"", ""fund"": ""Zubair's Transport Fund"", ""ground_truth_anomaly"": false}",False
TXN-20260610-001433,22,,4,2026-06-10 23:05:21,587.13,MERCHANT_PAYMENT,PURPOSE_FUND,65,,Grocery,COMPLETED,,Payment to Meena Bazar via Nafis's Grocery Fund,244346.68,244346.68,71051.08,70463.95,,,"{""merchant"": ""Meena Bazar"", ""fund"": ""Nafis's Grocery Fund"", ""ground_truth_anomaly"": false}",False
TXN-20260611-001465,5,,14,2026-06-11 11:59:12,3156.80,MERCHANT_PAYMENT,PURPOSE_FUND,20,,Education,COMPLETED,,Payment to Scholastica School via Kamrul's Education Fund,72305.32,72305.32,10000.00,6843.20,,,"{""merchant"": ""Scholastica School"", ""fund"": ""Kamrul's Education Fund"", ""ground_truth_anomaly"": false}",False
TXN-20260611-001463,11,,22,2026-06-11 12:00:12,1026.58,MERCHANT_PAYMENT,PURPOSE_FUND,40,,Restaurant/Food,COMPLETED,,Payment to Star Kabab & Restaurant via Tanvir's Restaurant/Food Fund,9071.78,9071.78,1839.62,813.04,,,"{""merchant"": ""Star Kabab & Restaurant"", ""fund"": ""Tanvir's Restaurant/Food Fund"", ""ground_truth_anomaly"": false}",False
TXN-20260611-001458,8,,,2026-06-11 13:14:39,50.00,MOBILE_RECHARGE,NORMAL_WALLET,,,Recharge,COMPLETED,,Mobile Recharge to 01710000008,135768.83,135718.83,,,,,"{""operator"": ""Grameenphone"", ""ground_truth_anomaly"": false}",False
TXN-20260611-001453,23,,30,2026-06-11 14:07:59,2244.41,MERCHANT_PAYMENT,PURPOSE_FUND,70,,Shopping,COMPLETED,,Payment to Aarong Lifestyle Retail via Shafiqul's Shopping Fund,115157.38,115157.38,22097.43,19853.02,,,"{""merchant"": ""Aarong Lifestyle Retail"", ""fund"": ""Shafiqul's Shopping Fund"", ""ground_truth_anomaly"": false}",True
TXN-20260611-001457,18,,,2026-06-11 15:52:57,500.00,MOBILE_RECHARGE,NORMAL_WALLET,,,Recharge,COMPLETED,,Mobile Recharge to 01710000018,32775.28,32275.28,,,,,"{""operator"": ""Grameenphone"", ""ground_truth_anomaly"": false}",False
TXN-20260611-001456,12,,21,2026-06-11 16:03:14,497.11,MERCHANT_PAYMENT,NORMAL_WALLET,,,Restaurant/Food,COMPLETED,,Payment to Sultan's Dine Kacchi from Normal Wallet,10575.38,10078.27,,,,,"{""merchant"": ""Sultan's Dine Kacchi"", ""ground_truth_anomaly"": false}",False
TXN-REJ-20260611-003267,14,,11,2026-06-11 16:17:00,1021.00,MERCHANT_PAYMENT,FAMILY_PASS,,8,Treatment,REJECTED,Category Restriction Mismatch: Merchant 'Square Hospital Diagnostic' category 'Treatment' is not allowed for this FamilyPass.,Attempted FamilyPass spending at Square Hospital Diagnostic,481695.88,481695.88,,,6000.00,6000.00,"{""ground_truth_anomaly"": false, ""policy_violation"": ""FAMILYPASS_CATEGORY_MISMATCH""}",False
TXN-20260611-001460,9,,10,2026-06-11 18:11:52,357.62,MERCHANT_PAYMENT,PURPOSE_FUND,36,,Medicine,COMPLETED,,Payment to Square Hospital Pharmacy via Shahidul's Medicine Fund,140235.35,140235.35,13805.99,13448.37,,,"{""merchant"": ""Square Hospital Pharmacy"", ""fund"": ""Shahidul's Medicine Fund"", ""ground_truth_anomaly"": false}",False
TXN-20260611-001467,21,,6,2026-06-11 18:25:04,924.69,MERCHANT_PAYMENT,PURPOSE_FUND,61,,Grocery,COMPLETED,,Payment to Karwan Bazar Wholesale via Tanzeem's Grocery Fund,335684.12,335684.12,94574.05,93649.36,,,"{""merchant"": ""Karwan Bazar Wholesale"", ""fund"": ""Tanzeem's Grocery Fund"", ""ground_truth_anomaly"": false}",True
TXN-20260611-001464,11,,22,2026-06-11 18:38:46,813.04,MERCHANT_PAYMENT,PURPOSE_FUND,40,,Restaurant/Food,COMPLETED,,Payment to Star Kabab & Restaurant via Tanvir's Restaurant/Food Fund,9071.78,9071.78,813.04,0.00,,,"{""merchant"": ""Star Kabab & Restaurant"", ""fund"": ""Tanvir's Restaurant/Food Fund"", ""ground_truth_anomaly"": false}",False
TXN-20260611-001466,7,4,,2026-06-11 19:20:22,300.00,SEND_MONEY,NORMAL_WALLET,,,Transfer,COMPLETED,,Sent money to Mahbub Alam,91990.75,91690.75,,,,,"{""recipient_phone"": ""01710000004"", ""ground_truth_anomaly"": false}",False
TXN-20260611-001462,10,,26,2026-06-11 19:39:13,388.01,MERCHANT_PAYMENT,NORMAL_WALLET,,,Transport,COMPLETED,,Payment to Uber Bangladesh Mobility from Normal Wallet,12400.96,12012.95,,,,,"{""merchant"": ""Uber Bangladesh Mobility"", ""ground_truth_anomaly"": false}",False
TXN-20260611-001459,25,,5,2026-06-11 19:45:03,805.40,MERCHANT_PAYMENT,PURPOSE_FUND,77,,Grocery,COMPLETED,,Payment to Chaldal Grocery Express via Arif's Grocery Fund,110436.95,110436.95,22779.49,21974.09,,,"{""merchant"": ""Chaldal Grocery Express"", ""fund"": ""Arif's Grocery Fund"", ""ground_truth_anomaly"": false}",False
TXN-20260611-001454,16,,3,2026-06-11 20:19:07,937.08,MERCHANT_PAYMENT,FAMILY_PASS,,2,Grocery,COMPLETED,,FamilyPass spending by Nasrin Rahman at Unimart Hypermarket,81048.34,80111.26,,,5370.27,4433.19,"{""owner_id"": 1, ""member_id"": 16, ""merchant"": ""Unimart Hypermarket"", ""ground_truth_anomaly"": false}",False
TXN-20260611-001455,16,,2,2026-06-11 20:31:14,554.39,MERCHANT_PAYMENT,FAMILY_PASS,,2,Grocery,COMPLETED,,FamilyPass spending by Nasrin Rahman at Shwapno Superstore,80111.26,79556.87,,,4433.19,3878.80,"{""owner_id"": 1, ""member_id"": 16, ""merchant"": ""Shwapno Superstore"", ""ground_truth_anomaly"": false}",False
TXN-ANOM-20260611-003203,12,,23,2026-06-11 21:11:00,3650.00,MERCHANT_PAYMENT,NORMAL_WALLET,,,Restaurant/Food,COMPLETED,,Large banquet charge at Kacchi Bhai Biryani,6279.870,2629.870,,,,,"{""ground_truth_anomaly"": true, ""anomaly_type"": ""SPENDING_BURST""}",True
TXN-20260611-001461,9,,,2026-06-11 21:28:58,200.00,MOBILE_RECHARGE,NORMAL_WALLET,,,Recharge,COMPLETED,,Mobile Recharge to 01710000009,140235.35,140035.35,,,,,"{""operator"": ""Grameenphone"", ""ground_truth_anomaly"": false}",False
TXN-20260611-001468,20,,1,2026-06-11 21:32:45,1054.13,MERCHANT_PAYMENT,PURPOSE_FUND,57,,Grocery,COMPLETED,,Payment to Agora Super Shop via Asif's Grocery Fund,271638.67,271638.67,76852.70,75798.57,,,"{""merchant"": ""Agora Super Shop"", ""fund"": ""Asif's Grocery Fund"", ""ground_truth_anomaly"": false}",False
TXN-ANOM-20260612-003191,5,,12,2026-06-12 10:29:00,15854.00,MERCHANT_PAYMENT,NORMAL_WALLET,,,Treatment,COMPLETED,,Emergency diagnostic package at Evercare Hospital Lab,95864.03,80010.03,,,,,"{""ground_truth_anomaly"": true, ""anomaly_type"": ""UNUSUAL_CATEGORY""}",True
TXN-20260612-001488,15,,22,2026-06-12 10:32:13,637.44,MERCHANT_PAYMENT,NORMAL_WALLET,,,Restaurant/Food,COMPLETED,,Payment to Star Kabab & Restaurant from Normal Wallet,14186.97,13549.53,,,,,"{""merchant"": ""Star Kabab & Restaurant"", ""ground_truth_anomaly"": false}",False
TXN-20260612-001498,13,,25,2026-06-12 11:37:09,328.81,MERCHANT_PAYMENT,PURPOSE_FUND,44,,Transport,COMPLETED,,Payment to Shohoz Interdistrict Ride via Nahian's Transport Fund,10339.27,10339.27,1407.70,1078.89,,,"{""merchant"": ""Shohoz Interdistrict Ride"", ""fund"": ""Nahian's Transport Fund"", ""ground_truth_anomaly"": false}",False
TXN-20260612-001499,6,,29,2026-06-12 11:48:57,574.87,MERCHANT_PAYMENT,PURPOSE_FUND,22,,Rent,COMPLETED,,Payment to Rangs Living Rent via Zahid's Rent Fund,131642.15,131642.15,30802.69,30227.82,,,"{""merchant"": ""Rangs Living Rent"", ""fund"": ""Zahid's Rent Fund"", ""ground_truth_anomaly"": false}",False
TXN-20260612-001489,22,18,,2026-06-12 12:00:16,1500.00,SEND_MONEY,NORMAL_WALLET,,,Transfer,COMPLETED,,Sent money to Rumana Alam,242017.68,240517.68,,,,,"{""recipient_phone"": ""01710000018"", ""ground_truth_anomaly"": false}",False
TXN-20260612-001487,1,,5,2026-06-12 13:13:13,367.02,MERCHANT_PAYMENT,PURPOSE_FUND,1,,Grocery,COMPLETED,,Payment to Chaldal Grocery Express via Tariq's Grocery Fund,79556.87,79556.87,51657.51,51290.49,,,"{""merchant"": ""Chaldal Grocery Express"", ""fund"": ""Tariq's Grocery Fund"", ""ground_truth_anomaly"": false}",True
TXN-20260612-001484,22,,,2026-06-12 14:17:00,2329.00,BILL_PAYMENT,NORMAL_WALLET,,,Electricity,COMPLETED,,DESCO Prepaid Meter Utility Recharge,244346.68,242017.68,,,,,"{""provider"": ""DESCO"", ""bill_type"": ""Electricity"", ""account_number"": ""MTR-99410"", ""ground_truth_anomaly"": false}",False
TXN-20260612-001493,10,,30,2026-06-12 15:29:01,369.02,MERCHANT_PAYMENT,NORMAL_WALLET,,,Shopping,COMPLETED,,Payment to Aarong Lifestyle Retail from Normal Wallet,12012.95,11643.93,,,,,"{""merchant"": ""Aarong Lifestyle Retail"", ""ground_truth_anomaly"": false}",False
TXN-20260612-001495,14,,24,2026-06-12 15:40:02,628.38,MERCHANT_PAYMENT,FAMILY_PASS,,8,Restaurant/Food,COMPLETED,,FamilyPass spending by Sakib Chowdhury at Takeout Gourmet Burgers,267838.67,267210.29,,,3869.75,3241.37,"{""owner_id"": 20, ""member_id"": 14, ""merchant"": ""Takeout Gourmet Burgers"", ""ground_truth_anomaly"": false}",True
TXN-20260612-001470,2,,19,2026-06-12 15:48:00,3931.00,MERCHANT_PAYMENT,PURPOSE_FUND,7,,Electricity,COMPLETED,,Electricity recharge at DPDC Electricity Payment,133414.77,133414.77,6239.98,2308.98,,,"{""provider"": ""DPDC Electricity Payment"", ""ground_truth_anomaly"": false}",False
TXN-20260612-001497,13,,,2026-06-12 16:08:38,200.00,MOBILE_RECHARGE,NORMAL_WALLET,,,Recharge,COMPLETED,,Mobile Recharge to 01710000013,10539.27,10339.27,,,,,"{""operator"": ""Grameenphone"", ""ground_truth_anomaly"": false}",False
TXN-20260612-001481,19,,,2026-06-12 16:24:00,2949.00,BILL_PAYMENT,NORMAL_WALLET,,,Electricity,COMPLETED,,DESCO Prepaid Meter Utility Recharge,31844.49,28895.49,,,,,"{""provider"": ""DESCO"", ""bill_type"": ""Electricity"", ""account_number"": ""MTR-99410"", ""ground_truth_anomaly"": false}",False
TXN-20260612-001469,1,,20,2026-06-12 16:41:00,2317.00,MERCHANT_PAYMENT,PURPOSE_FUND,2,,Electricity,COMPLETED,,Electricity recharge at Link3 Internet Utilities,79556.87,79556.87,5346.77,3029.77,,,"{""provider"": ""Link3 Internet Utilities"", ""ground_truth_anomaly"": false}",False
TXN-20260612-001485,25,,,2026-06-12 16:45:43,1000.00,CASH_OUT,NORMAL_WALLET,,,Cash Out,COMPLETED,,Agent Cash Out Withdrawal,110436.95,109436.95,,,,,"{""agent_code"": ""AGT-7712"", ""ground_truth_anomaly"": false}",False
TXN-20260612-001482,20,,,2026-06-12 16:51:00,3800.00,BILL_PAYMENT,NORMAL_WALLET,,,Electricity,COMPLETED,,DESCO Prepaid Meter Utility Recharge,271638.67,267838.67,,,,,"{""provider"": ""DESCO"", ""bill_type"": ""Electricity"", ""account_number"": ""MTR-99410"", ""ground_truth_anomaly"": false}",False
TXN-20260612-001478,16,,,2026-06-12 16:55:00,3739.00,BILL_PAYMENT,NORMAL_WALLET,,,Electricity,COMPLETED,,DESCO Prepaid Meter Utility Recharge,19547.27,15808.27,,,,,"{""provider"": ""DESCO"", ""bill_type"": ""Electricity"", ""account_number"": ""MTR-99410"", ""ground_truth_anomaly"": false}",False
TXN-20260612-001471,3,,,2026-06-12 16:59:00,4781.00,BILL_PAYMENT,NORMAL_WALLET,,,Electricity,COMPLETED,,DESCO Prepaid Meter Utility Recharge,84583.28,79802.28,,,,,"{""provider"": ""DESCO"", ""bill_type"": ""Electricity"", ""account_number"": ""MTR-99410"", ""ground_truth_anomaly"": false}",False
TXN-20260612-001473,5,,19,2026-06-12 17:12:00,3637.00,MERCHANT_PAYMENT,PURPOSE_FUND,18,,Electricity,COMPLETED,,Electricity recharge at DPDC Electricity Payment,72305.32,72305.32,4254.78,617.78,,,"{""provider"": ""DPDC Electricity Payment"", ""ground_truth_anomaly"": false}",False
TXN-20260612-001472,4,,,2026-06-12 17:34:00,3041.00,BILL_PAYMENT,NORMAL_WALLET,,,Electricity,COMPLETED,,DESCO Prepaid Meter Utility Recharge,112559.47,109518.47,,,,,"{""provider"": ""DESCO"", ""bill_type"": ""Electricity"", ""account_number"": ""MTR-99410"", ""ground_truth_anomaly"": false}",False
TXN-20260612-001483,21,,,2026-06-12 17:40:00,3490.00,BILL_PAYMENT,NORMAL_WALLET,,,Electricity,COMPLETED,,DESCO Prepaid Meter Utility Recharge,335684.12,332194.12,,,,,"{""provider"": ""DESCO"", ""bill_type"": ""Electricity"", ""account_number"": ""MTR-99410"", ""ground_truth_anomaly"": false}",False
TXN-20260612-001474,6,,,2026-06-12 17:52:00,4650.00,BILL_PAYMENT,NORMAL_WALLET,,,Electricity,COMPLETED,,DESCO Prepaid Meter Utility Recharge,136292.15,131642.15,,,,,"{""provider"": ""DESCO"", ""bill_type"": ""Electricity"", ""account_number"": ""MTR-99410"", ""ground_truth_anomaly"": false}",False
TXN-20260612-001486,12,,27,2026-06-12 17:53:01,255.91,MERCHANT_PAYMENT,PURPOSE_FUND,42,,Transport,COMPLETED,,Payment to Pathao Transportation via Rafid's Transport Fund,10078.27,10078.27,4713.20,4457.29,,,"{""merchant"": ""Pathao Transportation"", ""fund"": ""Rafid's Transport Fund"", ""ground_truth_anomaly"": false}",False
TXN-20260612-001491,23,,26,2026-06-12 18:24:29,347.12,MERCHANT_PAYMENT,PURPOSE_FUND,71,,Transport,COMPLETED,,Payment to Uber Bangladesh Mobility via Shafiqul's Transport Fund,115157.38,115157.38,14969.98,14622.86,,,"{""merchant"": ""Uber Bangladesh Mobility"", ""fund"": ""Shafiqul's Transport Fund"", ""ground_truth_anomaly"": false}",False
TXN-20260612-001492,5,,3,2026-06-12 18:31:27,1237.89,MERCHANT_PAYMENT,PURPOSE_FUND,17,,Grocery,COMPLETED,,Payment to Unimart Hypermarket via Kamrul's Grocery Fund,72305.32,72305.32,36596.82,35358.93,,,"{""merchant"": ""Unimart Hypermarket"", ""fund"": ""Kamrul's Grocery Fund"", ""ground_truth_anomaly"": false}",False
TXN-20260612-001480,18,,,2026-06-12 18:39:00,4485.00,BILL_PAYMENT,NORMAL_WALLET,,,Electricity,COMPLETED,,DESCO Prepaid Meter Utility Recharge,32275.28,27790.28,,,,,"{""provider"": ""DESCO"", ""bill_type"": ""Electricity"", ""account_number"": ""MTR-99410"", ""ground_truth_anomaly"": false}",False
TXN-20260612-001479,17,,,2026-06-12 18:42:00,4736.00,BILL_PAYMENT,NORMAL_WALLET,,,Electricity,COMPLETED,,DESCO Prepaid Meter Utility Recharge,25757.80,21021.80,,,,,"{""provider"": ""DESCO"", ""bill_type"": ""Electricity"", ""account_number"": ""MTR-99410"", ""ground_truth_anomaly"": false}",False
TXN-20260612-001475,7,,,2026-06-12 18:51:00,4610.00,BILL_PAYMENT,NORMAL_WALLET,,,Electricity,COMPLETED,,DESCO Prepaid Meter Utility Recharge,91690.75,87080.75,,,,,"{""provider"": ""DESCO"", ""bill_type"": ""Electricity"", ""account_number"": ""MTR-99410"", ""ground_truth_anomaly"": false}",False
TXN-20260612-001477,9,,19,2026-06-12 18:56:00,3699.00,MERCHANT_PAYMENT,PURPOSE_FUND,35,,Electricity,COMPLETED,,Electricity recharge at DPDC Electricity Payment,140035.35,140035.35,5006.35,1307.35,,,"{""provider"": ""DPDC Electricity Payment"", ""ground_truth_anomaly"": false}",False
TXN-20260612-001476,8,,20,2026-06-12 18:57:00,4375.00,MERCHANT_PAYMENT,PURPOSE_FUND,31,,Electricity,COMPLETED,,Electricity recharge at Link3 Internet Utilities,135718.83,135718.83,5588.16,1213.16,,,"{""provider"": ""Link3 Internet Utilities"", ""ground_truth_anomaly"": false}",False
TXN-20260612-001490,22,,16,2026-06-12 19:14:53,4573.94,MERCHANT_PAYMENT,PURPOSE_FUND,67,,Education,COMPLETED,,Payment to Daffodil University Tuition via Nafis's Education Fund,240517.68,240517.68,41526.73,36952.79,,,"{""merchant"": ""Daffodil University Tuition"", ""fund"": ""Nafis's Education Fund"", ""ground_truth_anomaly"": false}",False
TXN-20260612-001496,9,,9,2026-06-12 19:41:41,137.71,MERCHANT_PAYMENT,PURPOSE_FUND,36,,Medicine,COMPLETED,,Payment to Green Life Model Pharmacy via Shahidul's Medicine Fund,140035.35,140035.35,13448.37,13310.66,,,"{""merchant"": ""Green Life Model Pharmacy"", ""fund"": ""Shahidul's Medicine Fund"", ""ground_truth_anomaly"": false}",False
TXN-20260612-001494,7,,20,2026-06-12 19:43:25,632.84,MERCHANT_PAYMENT,PURPOSE_FUND,26,,Electricity,COMPLETED,,Payment to Link3 Internet Utilities via Delwar's Electricity Fund,87080.75,87080.75,3045.41,2412.57,,,"{""merchant"": ""Link3 Internet Utilities"", ""fund"": ""Delwar's Electricity Fund"", ""ground_truth_anomaly"": false}",False
TXN-20260612-001500,24,,,2026-06-12 22:36:28,300.00,MOBILE_RECHARGE,NORMAL_WALLET,,,Recharge,COMPLETED,,Mobile Recharge to 01710000024,96471.14,96171.14,,,,,"{""operator"": ""Grameenphone"", ""ground_truth_anomaly"": false}",False
TXN-20260613-001515,15,,27,2026-06-13 10:14:04,389.51,MERCHANT_PAYMENT,PURPOSE_FUND,48,,Transport,COMPLETED,,Payment to Pathao Transportation via Zubair's Transport Fund,13549.53,13549.53,3969.50,3579.99,,,"{""merchant"": ""Pathao Transportation"", ""fund"": ""Zubair's Transport Fund"", ""ground_truth_anomaly"": false}",False
TXN-20260613-001511,9,4,,2026-06-13 11:38:54,500.00,SEND_MONEY,NORMAL_WALLET,,,Transfer,COMPLETED,,Sent money to Mahbub Alam,140035.35,139535.35,,,,,"{""recipient_phone"": ""01710000004"", ""ground_truth_anomaly"": false}",False
TXN-20260613-001501,7,,30,2026-06-13 11:55:17,609.60,MERCHANT_PAYMENT,NORMAL_WALLET,,,Shopping,COMPLETED,,Payment to Aarong Lifestyle Retail from Normal Wallet,87080.75,86471.15,,,,,"{""merchant"": ""Aarong Lifestyle Retail"", ""ground_truth_anomaly"": false}",False
TXN-20260613-001516,2,,29,2026-06-13 15:05:30,440.92,MERCHANT_PAYMENT,PURPOSE_FUND,6,,Rent,COMPLETED,,Payment to Rangs Living Rent via Anisul's Rent Fund,132990.95,132990.95,29501.61,29060.69,,,"{""merchant"": ""Rangs Living Rent"", ""fund"": ""Anisul's Rent Fund"", ""ground_truth_anomaly"": false}",False
TXN-20260613-001513,1,,16,2026-06-13 15:05:50,3425.20,MERCHANT_PAYMENT,PURPOSE_FUND,3,,Education,COMPLETED,,Payment to Daffodil University Tuition via Tariq's Education Fund,78430.15,78430.15,26794.85,23369.65,,,"{""merchant"": ""Daffodil University Tuition"", ""fund"": ""Tariq's Education Fund"", ""ground_truth_anomaly"": false}",False
TXN-20260613-001514,11,,22,2026-06-13 15:20:06,423.82,MERCHANT_PAYMENT,FAMILY_PASS,,3,Restaurant/Food,COMPLETED,,FamilyPass spending by Tanvir Haque at Star Kabab & Restaurant,133414.77,132990.95,,,2483.55,2059.73,"{""owner_id"": 2, ""member_id"": 11, ""merchant"": ""Star Kabab & Restaurant"", ""ground_truth_anomaly"": false}",True
TXN-20260613-001512,5,,21,2026-06-13 15:55:49,679.28,MERCHANT_PAYMENT,NORMAL_WALLET,,,Restaurant/Food,COMPLETED,,Payment to Sultan's Dine Kacchi from Normal Wallet,72305.32,71626.04,,,,,"{""merchant"": ""Sultan's Dine Kacchi"", ""ground_truth_anomaly"": false}",False
TXN-20260613-001506,23,,25,2026-06-13 16:38:02,368.62,MERCHANT_PAYMENT,PURPOSE_FUND,71,,Transport,COMPLETED,,Payment to Shohoz Interdistrict Ride via Shafiqul's Transport Fund,115157.38,115157.38,14622.86,14254.24,,,"{""merchant"": ""Shohoz Interdistrict Ride"", ""fund"": ""Shafiqul's Transport Fund"", ""ground_truth_anomaly"": false}",False
TXN-ANOM-20260613-003156,7,,30,2026-06-13 16:39:00,14652.00,MERCHANT_PAYMENT,NORMAL_WALLET,,,Shopping,COMPLETED,,High value purchase at Aarong Lifestyle Retail,123190.11,108538.11,,,,,"{""ground_truth_anomaly"": true, ""anomaly_type"": ""LARGE_AMOUNT""}",True
TXN-20260613-001502,22,,30,2026-06-13 16:53:17,1351.49,MERCHANT_PAYMENT,PURPOSE_FUND,68,,Shopping,COMPLETED,,Payment to Aarong Lifestyle Retail via Nafis's Shopping Fund,240517.68,240517.68,36172.28,34820.79,,,"{""merchant"": ""Aarong Lifestyle Retail"", ""fund"": ""Nafis's Shopping Fund"", ""ground_truth_anomaly"": false}",True
TXN-20260613-001508,12,,25,2026-06-13 18:23:54,283.40,MERCHANT_PAYMENT,FAMILY_PASS,,5,Transport,COMPLETED,,FamilyPass spending by Rafid Kabir at Shohoz Interdistrict Ride,79802.28,79518.88,,,3113.66,2830.26,"{""owner_id"": 3, ""member_id"": 12, ""merchant"": ""Shohoz Interdistrict Ride"", ""ground_truth_anomaly"": false}",False
TXN-20260613-001510,24,,21,2026-06-13 18:25:35,759.39,MERCHANT_PAYMENT,PURPOSE_FUND,72,,Restaurant/Food,COMPLETED,,Payment to Sultan's Dine Kacchi via Emon's Restaurant/Food Fund,96171.14,96171.14,16589.96,15830.57,,,"{""merchant"": ""Sultan's Dine Kacchi"", ""fund"": ""Emon's Restaurant/Food Fund"", ""ground_truth_anomaly"": false}",False
TXN-20260613-001507,6,,20,2026-06-13 18:54:55,568.82,MERCHANT_PAYMENT,PURPOSE_FUND,23,,Electricity,COMPLETED,,Payment to Link3 Internet Utilities via Zahid's Electricity Fund,131642.15,131642.15,3791.70,3222.88,,,"{""merchant"": ""Link3 Internet Utilities"", ""fund"": ""Zahid's Electricity Fund"", ""ground_truth_anomaly"": false}",False
TXN-20260613-001517,17,,10,2026-06-13 19:07:13,157.92,MERCHANT_PAYMENT,PURPOSE_FUND,52,,Medicine,COMPLETED,,Payment to Square Hospital Pharmacy via Farzana's Medicine Fund,21021.80,21021.80,8228.23,8070.31,,,"{""merchant"": ""Square Hospital Pharmacy"", ""fund"": ""Farzana's Medicine Fund"", ""ground_truth_anomaly"": false}",False
TXN-20260613-001509,8,,12,2026-06-13 19:07:31,3140.17,MERCHANT_PAYMENT,PURPOSE_FUND,32,,Treatment,COMPLETED,,Payment to Evercare Hospital Lab via Saifur's Treatment Fund,135718.83,135718.83,15152.23,12012.06,,,"{""merchant"": ""Evercare Hospital Lab"", ""fund"": ""Saifur's Treatment Fund"", ""ground_truth_anomaly"": false}",False
TXN-20260613-001505,23,,30,2026-06-13 20:44:52,2364.72,MERCHANT_PAYMENT,PURPOSE_FUND,70,,Shopping,COMPLETED,,Payment to Aarong Lifestyle Retail via Shafiqul's Shopping Fund,115157.38,115157.38,19853.02,17488.30,,,"{""merchant"": ""Aarong Lifestyle Retail"", ""fund"": ""Shafiqul's Shopping Fund"", ""ground_truth_anomaly"": false}",False
TXN-20260613-001503,10,,17,2026-06-13 20:53:30,1126.72,MERCHANT_PAYMENT,FAMILY_PASS,,1,Education,COMPLETED,,FamilyPass spending by Samiul Tariq at Mastermind School,79556.87,78430.15,,,4500.00,3373.28,"{""owner_id"": 1, ""member_id"": 10, ""merchant"": ""Mastermind School"", ""ground_truth_anomaly"": false}",False
TXN-20260613-001518,17,,3,2026-06-13 21:18:08,451.34,MERCHANT_PAYMENT,FAMILY_PASS,,4,Grocery,COMPLETED,,FamilyPass spending by Farzana Haque at Unimart Hypermarket,132990.95,132539.61,,,8491.87,8040.53,"{""owner_id"": 2, ""member_id"": 17, ""merchant"": ""Unimart Hypermarket"", ""ground_truth_anomaly"": false}",False
TXN-20260613-001504,3,,18,2026-06-13 21:35:45,366.58,MERCHANT_PAYMENT,PURPOSE_FUND,11,,Electricity,COMPLETED,,Payment to DESCO Prepaid Utility via Farhan's Electricity Fund,79802.28,79802.28,4000.00,3633.42,,,"{""merchant"": ""DESCO Prepaid Utility"", ""fund"": ""Farhan's Electricity Fund"", ""ground_truth_anomaly"": false}",False
TXN-20260614-001521,5,,,2026-06-14 08:07:14,500.00,MOBILE_RECHARGE,NORMAL_WALLET,,,Recharge,COMPLETED,,Mobile Recharge to 01710000005,71626.04,71126.04,,,,,"{""operator"": ""Grameenphone"", ""ground_truth_anomaly"": false}",False
TXN-20260614-001522,24,,25,2026-06-14 09:02:31,289.41,MERCHANT_PAYMENT,PURPOSE_FUND,74,,Transport,COMPLETED,,Payment to Shohoz Interdistrict Ride via Emon's Transport Fund,96171.14,96171.14,13554.98,13265.57,,,"{""merchant"": ""Shohoz Interdistrict Ride"", ""fund"": ""Emon's Transport Fund"", ""ground_truth_anomaly"": false}",False
TXN-20260614-001525,21,,,2026-06-14 10:31:05,300.00,MOBILE_RECHARGE,NORMAL_WALLET,,,Recharge,COMPLETED,,Mobile Recharge to 01710000021,332194.12,331894.12,,,,,"{""operator"": ""Grameenphone"", ""ground_truth_anomaly"": false}",False
TXN-20260614-001531,17,,,2026-06-14 11:55:34,1000.00,CASH_OUT,NORMAL_WALLET,,,Cash Out,COMPLETED,,Agent Cash Out Withdrawal,21021.80,20021.80,,,,,"{""agent_code"": ""AGT-7712"", ""ground_truth_anomaly"": false}",False
TXN-20260614-001532,6,,,2026-06-14 12:17:43,500.00,MOBILE_RECHARGE,NORMAL_WALLET,,,Recharge,COMPLETED,,Mobile Recharge to 01710000006,131642.15,131142.15,,,,,"{""operator"": ""Grameenphone"", ""ground_truth_anomaly"": false}",False
TXN-20260614-001524,12,,26,2026-06-14 13:07:55,392.30,MERCHANT_PAYMENT,PURPOSE_FUND,42,,Transport,COMPLETED,,Payment to Uber Bangladesh Mobility via Rafid's Transport Fund,10078.27,10078.27,4457.29,4064.99,,,"{""merchant"": ""Uber Bangladesh Mobility"", ""fund"": ""Rafid's Transport Fund"", ""ground_truth_anomaly"": false}",False
TXN-20260614-001519,2,,,2026-06-14 13:27:11,200.00,MOBILE_RECHARGE,NORMAL_WALLET,,,Recharge,COMPLETED,,Mobile Recharge to 01710000002,132539.61,132339.61,,,,,"{""operator"": ""Grameenphone"", ""ground_truth_anomaly"": false}",False
TXN-20260614-001520,7,,,2026-06-14 14:24:17,200.00,MOBILE_RECHARGE,NORMAL_WALLET,,,Recharge,COMPLETED,,Mobile Recharge to 01710000007,86471.15,86271.15,,,,,"{""operator"": ""Grameenphone"", ""ground_truth_anomaly"": false}",False
TXN-20260614-001530,17,,3,2026-06-14 15:08:01,632.46,MERCHANT_PAYMENT,FAMILY_PASS,,4,Grocery,COMPLETED,,FamilyPass spending by Farzana Haque at Unimart Hypermarket,131921.20,131288.74,,,8040.53,7408.07,"{""owner_id"": 2, ""member_id"": 17, ""merchant"": ""Unimart Hypermarket"", ""ground_truth_anomaly"": false}",True
TXN-20260614-001526,18,,30,2026-06-14 17:08:38,2953.48,MERCHANT_PAYMENT,PURPOSE_FUND,54,,Shopping,COMPLETED,,Payment to Aarong Lifestyle Retail via Rumana's Shopping Fund,29590.28,29590.28,4618.19,1664.71,,,"{""merchant"": ""Aarong Lifestyle Retail"", ""fund"": ""Rumana's Shopping Fund"", ""ground_truth_anomaly"": false}",True
TXN-20260614-001533,6,,28,2026-06-14 18:18:44,675.24,MERCHANT_PAYMENT,PURPOSE_FUND,22,,Rent,COMPLETED,,Payment to Eastern Housing Rental via Zahid's Rent Fund,131142.15,131142.15,30227.82,29552.58,,,"{""merchant"": ""Eastern Housing Rental"", ""fund"": ""Zahid's Rent Fund"", ""ground_truth_anomaly"": false}",False
TXN-20260614-001523,10,18,,2026-06-14 20:31:38,300.00,SEND_MONEY,NORMAL_WALLET,,,Transfer,COMPLETED,,Sent money to Rumana Alam,11643.93,11343.93,,,,,"{""recipient_phone"": ""01710000018"", ""ground_truth_anomaly"": false}",False
TXN-20260614-001529,8,,18,2026-06-14 20:37:12,777.73,MERCHANT_PAYMENT,PURPOSE_FUND,31,,Electricity,COMPLETED,,Payment to DESCO Prepaid Utility via Saifur's Electricity Fund,135718.83,135718.83,1213.16,435.43,,,"{""merchant"": ""DESCO Prepaid Utility"", ""fund"": ""Saifur's Electricity Fund"", ""ground_truth_anomaly"": false}",False
TXN-20260614-001528,15,,,2026-06-14 20:43:41,100.00,MOBILE_RECHARGE,NORMAL_WALLET,,,Recharge,COMPLETED,,Mobile Recharge to 01710000015,13549.53,13449.53,,,,,"{""operator"": ""Grameenphone"", ""ground_truth_anomaly"": false}",False
TXN-20260614-001527,11,,21,2026-06-14 20:56:32,418.41,MERCHANT_PAYMENT,FAMILY_PASS,,3,Restaurant/Food,COMPLETED,,FamilyPass spending by Tanvir Haque at Sultan's Dine Kacchi,132339.61,131921.20,,,2059.73,1641.32,"{""owner_id"": 2, ""member_id"": 11, ""merchant"": ""Sultan's Dine Kacchi"", ""ground_truth_anomaly"": false}",False
TXN-ANOM-20260614-003243,16,,22,2026-06-14 21:10:00,3467.00,MERCHANT_PAYMENT,NORMAL_WALLET,,,Restaurant/Food,COMPLETED,,Large banquet charge at Star Kabab & Restaurant,6768.510,3301.510,,,,,"{""ground_truth_anomaly"": true, ""anomaly_type"": ""SPENDING_BURST""}",True
TXN-20260615-001540,3,,16,2026-06-15 10:48:50,2024.61,MERCHANT_PAYMENT,PURPOSE_FUND,10,,Education,COMPLETED,,Payment to Daffodil University Tuition via Farhan's Education Fund,79518.88,79518.88,8033.96,6009.35,,,"{""merchant"": ""Daffodil University Tuition"", ""fund"": ""Farhan's Education Fund"", ""ground_truth_anomaly"": false}",False
TXN-20260615-001538,18,,30,2026-06-15 11:14:25,1664.71,MERCHANT_PAYMENT,PURPOSE_FUND,54,,Shopping,COMPLETED,,Payment to Aarong Lifestyle Retail via Rumana's Shopping Fund,29590.28,29590.28,1664.71,0.00,,,"{""merchant"": ""Aarong Lifestyle Retail"", ""fund"": ""Rumana's Shopping Fund"", ""ground_truth_anomaly"": false}",False
TXN-20260615-001546,9,14,,2026-06-15 11:50:17,500.00,SEND_MONEY,NORMAL_WALLET,,,Transfer,COMPLETED,,Sent money to Sakib Chowdhury,139535.35,139035.35,,,,,"{""recipient_phone"": ""01710000014"", ""ground_truth_anomaly"": false}",False
TXN-20260615-001541,21,,30,2026-06-15 12:42:26,2008.89,MERCHANT_PAYMENT,PURPOSE_FUND,64,,Shopping,COMPLETED,,Payment to Aarong Lifestyle Retail via Tanzeem's Shopping Fund,331894.12,331894.12,57100.85,55091.96,,,"{""merchant"": ""Aarong Lifestyle Retail"", ""fund"": ""Tanzeem's Shopping Fund"", ""ground_truth_anomaly"": false}",False
TXN-20260615-001545,16,,5,2026-06-15 13:11:22,877.47,MERCHANT_PAYMENT,FAMILY_PASS,,2,Grocery,COMPLETED,,FamilyPass spending by Nasrin Rahman at Chaldal Grocery Express,78430.15,77552.68,,,3878.80,3001.33,"{""owner_id"": 1, ""member_id"": 16, ""merchant"": ""Chaldal Grocery Express"", ""ground_truth_anomaly"": false}",False
TXN-ANOM-20260615-003212,20,,30,2026-06-15 15:53:00,15322.00,MERCHANT_PAYMENT,NORMAL_WALLET,,,Shopping,COMPLETED,,High value purchase at Aarong Lifestyle Retail,510099.88,494777.88,,,,,"{""ground_truth_anomaly"": true, ""anomaly_type"": ""LARGE_AMOUNT""}",True
TXN-20260615-001536,4,,29,2026-06-15 16:24:09,980.28,MERCHANT_PAYMENT,PURPOSE_FUND,14,,Rent,COMPLETED,,Payment to Rangs Living Rent via Mahbub's Rent Fund,110018.47,110018.47,45053.80,44073.52,,,"{""merchant"": ""Rangs Living Rent"", ""fund"": ""Mahbub's Rent Fund"", ""ground_truth_anomaly"": false}",False
TXN-20260615-001535,23,,21,2026-06-15 18:03:52,1036.02,MERCHANT_PAYMENT,PURPOSE_FUND,69,,Restaurant/Food,COMPLETED,,Payment to Sultan's Dine Kacchi via Shafiqul's Restaurant/Food Fund,115157.38,115157.38,29736.39,28700.37,,,"{""merchant"": ""Sultan's Dine Kacchi"", ""fund"": ""Shafiqul's Restaurant/Food Fund"", ""ground_truth_anomaly"": false}",False
TXN-20260615-001539,11,,22,2026-06-15 19:07:50,391.64,MERCHANT_PAYMENT,FAMILY_PASS,,3,Restaurant/Food,COMPLETED,,FamilyPass spending by Tanvir Haque at Star Kabab & Restaurant,131288.74,130897.10,,,1641.32,1249.68,"{""owner_id"": 2, ""member_id"": 11, ""merchant"": ""Star Kabab & Restaurant"", ""ground_truth_anomaly"": false}",False
TXN-20260615-001544,22,,,2026-06-15 19:27:24,2000.00,CASH_OUT,NORMAL_WALLET,,,Cash Out,COMPLETED,,Agent Cash Out Withdrawal,240517.68,238517.68,,,,,"{""agent_code"": ""AGT-7712"", ""ground_truth_anomaly"": false}",False
TXN-20260615-001542,7,,25,2026-06-15 20:18:16,360.50,MERCHANT_PAYMENT,PURPOSE_FUND,28,,Transport,COMPLETED,,Payment to Shohoz Interdistrict Ride via Delwar's Transport Fund,86271.15,86271.15,9049.67,8689.17,,,"{""merchant"": ""Shohoz Interdistrict Ride"", ""fund"": ""Delwar's Transport Fund"", ""ground_truth_anomaly"": false}",False
TXN-20260615-001534,8,,20,2026-06-15 20:28:06,435.43,MERCHANT_PAYMENT,PURPOSE_FUND,31,,Electricity,COMPLETED,,Payment to Link3 Internet Utilities via Saifur's Electricity Fund,135718.83,135718.83,435.43,0.00,,,"{""merchant"": ""Link3 Internet Utilities"", ""fund"": ""Saifur's Electricity Fund"", ""ground_truth_anomaly"": false}",False
TXN-20260615-001543,5,,,2026-06-15 20:33:42,200.00,MOBILE_RECHARGE,NORMAL_WALLET,,,Recharge,COMPLETED,,Mobile Recharge to 01710000005,71126.04,70926.04,,,,,"{""operator"": ""Grameenphone"", ""ground_truth_anomaly"": false}",False
TXN-20260615-001537,20,,30,2026-06-15 21:06:14,2120.58,MERCHANT_PAYMENT,PURPOSE_FUND,59,,Shopping,COMPLETED,,Payment to Aarong Lifestyle Retail via Asif's Shopping Fund,267210.29,267210.29,51515.83,49395.25,,,"{""merchant"": ""Aarong Lifestyle Retail"", ""fund"": ""Asif's Shopping Fund"", ""ground_truth_anomaly"": false}",True
TXN-20260616-001551,16,,7,2026-06-16 09:19:23,203.62,MERCHANT_PAYMENT,PURPOSE_FUND,50,,Medicine,COMPLETED,,Payment to Labaid Pharmacy via Nasrin's Medicine Fund,15808.27,15808.27,9001.21,8797.59,,,"{""merchant"": ""Labaid Pharmacy"", ""fund"": ""Nasrin's Medicine Fund"", ""ground_truth_anomaly"": false}",False
TXN-20260616-001553,14,,30,2026-06-16 10:06:27,1009.03,MERCHANT_PAYMENT,PURPOSE_FUND,46,,Shopping,COMPLETED,,Payment to Aarong Lifestyle Retail via Sakib's Shopping Fund,18898.90,18898.90,1338.89,329.86,,,"{""merchant"": ""Aarong Lifestyle Retail"", ""fund"": ""Sakib's Shopping Fund"", ""ground_truth_anomaly"": false}",False
TXN-20260616-001556,2,21,,2026-06-16 11:03:23,1000.00,SEND_MONEY,NORMAL_WALLET,,,Transfer,COMPLETED,,Sent money to Tanzeem Morshed,130672.52,129672.52,,,,,"{""recipient_phone"": ""01710000021"", ""ground_truth_anomaly"": false}",False
TXN-20260616-001547,13,,25,2026-06-16 11:42:36,271.70,MERCHANT_PAYMENT,PURPOSE_FUND,44,,Transport,COMPLETED,,Payment to Shohoz Interdistrict Ride via Nahian's Transport Fund,10339.27,10339.27,1078.89,807.19,,,"{""merchant"": ""Shohoz Interdistrict Ride"", ""fund"": ""Nahian's Transport Fund"", ""ground_truth_anomaly"": false}",False
TXN-20260616-001557,2,,,2026-06-16 12:36:55,300.00,MOBILE_RECHARGE,NORMAL_WALLET,,,Recharge,COMPLETED,,Mobile Recharge to 01710000002,129672.52,129372.52,,,,,"{""operator"": ""Grameenphone"", ""ground_truth_anomaly"": false}",False
TXN-20260616-001561,4,,,2026-06-16 12:55:09,50.00,MOBILE_RECHARGE,NORMAL_WALLET,,,Recharge,COMPLETED,,Mobile Recharge to 01710000004,110018.47,109968.47,,,,,"{""operator"": ""Grameenphone"", ""ground_truth_anomaly"": false}",False
TXN-20260616-001552,16,,2,2026-06-16 13:17:44,1037.45,MERCHANT_PAYMENT,PURPOSE_FUND,49,,Grocery,COMPLETED,,Payment to Shwapno Superstore via Nasrin's Grocery Fund,15808.27,15808.27,21040.84,20003.39,,,"{""merchant"": ""Shwapno Superstore"", ""fund"": ""Nasrin's Grocery Fund"", ""ground_truth_anomaly"": false}",False
TXN-20260616-001560,6,,,2026-06-16 13:32:36,50.00,MOBILE_RECHARGE,NORMAL_WALLET,,,Recharge,COMPLETED,,Mobile Recharge to 01710000006,131142.15,131092.15,,,,,"{""operator"": ""Grameenphone"", ""ground_truth_anomaly"": false}",False
TXN-20260616-001562,17,,3,2026-06-16 14:24:09,678.86,MERCHANT_PAYMENT,FAMILY_PASS,,4,Grocery,COMPLETED,,FamilyPass spending by Farzana Haque at Unimart Hypermarket,129372.52,128693.66,,,7408.07,6729.21,"{""owner_id"": 2, ""member_id"": 17, ""merchant"": ""Unimart Hypermarket"", ""ground_truth_anomaly"": false}",False
TXN-20260616-001563,12,,26,2026-06-16 16:16:16,311.26,MERCHANT_PAYMENT,FAMILY_PASS,,5,Transport,COMPLETED,,FamilyPass spending by Rafid Kabir at Uber Bangladesh Mobility,79518.88,79207.62,,,2830.26,2519.00,"{""owner_id"": 3, ""member_id"": 12, ""merchant"": ""Uber Bangladesh Mobility"", ""ground_truth_anomaly"": false}",False
TXN-20260616-001559,7,,27,2026-06-16 17:18:12,391.02,MERCHANT_PAYMENT,PURPOSE_FUND,28,,Transport,COMPLETED,,Payment to Pathao Transportation via Delwar's Transport Fund,86221.15,86221.15,8689.17,8298.15,,,"{""merchant"": ""Pathao Transportation"", ""fund"": ""Delwar's Transport Fund"", ""ground_truth_anomaly"": false}",False
TXN-20260616-001555,24,,23,2026-06-16 17:21:47,603.04,MERCHANT_PAYMENT,PURPOSE_FUND,72,,Restaurant/Food,COMPLETED,,Payment to Kacchi Bhai Biryani via Emon's Restaurant/Food Fund,96171.14,96171.14,15830.57,15227.53,,,"{""merchant"": ""Kacchi Bhai Biryani"", ""fund"": ""Emon's Restaurant/Food Fund"", ""ground_truth_anomaly"": false}",False
TXN-ANOM-20260616-003133,8,,30,2026-06-16 17:41:00,13936.00,MERCHANT_PAYMENT,NORMAL_WALLET,,,Shopping,COMPLETED,,High value purchase at Aarong Lifestyle Retail,231241.39,217305.39,,,,,"{""ground_truth_anomaly"": true, ""anomaly_type"": ""LARGE_AMOUNT""}",True
TXN-20260616-001550,15,,26,2026-06-16 18:02:10,334.96,MERCHANT_PAYMENT,PURPOSE_FUND,48,,Transport,COMPLETED,,Payment to Uber Bangladesh Mobility via Zubair's Transport Fund,13449.53,13449.53,3579.99,3245.03,,,"{""merchant"": ""Uber Bangladesh Mobility"", ""fund"": ""Zubair's Transport Fund"", ""ground_truth_anomaly"": false}",False
TXN-20260616-001554,9,,19,2026-06-16 18:56:43,483.94,MERCHANT_PAYMENT,PURPOSE_FUND,35,,Electricity,COMPLETED,,Payment to DPDC Electricity Payment via Shahidul's Electricity Fund,139035.35,139035.35,1307.35,823.41,,,"{""merchant"": ""DPDC Electricity Payment"", ""fund"": ""Shahidul's Electricity Fund"", ""ground_truth_anomaly"": false}",False
TXN-20260616-001548,11,,,2026-06-16 19:14:21,200.00,MOBILE_RECHARGE,NORMAL_WALLET,,,Recharge,COMPLETED,,Mobile Recharge to 01710000011,9071.78,8871.78,,,,,"{""operator"": ""Grameenphone"", ""ground_truth_anomaly"": false}",False
TXN-20260616-001564,21,,30,2026-06-16 19:21:15,484.04,MERCHANT_PAYMENT,PURPOSE_FUND,64,,Shopping,COMPLETED,,Payment to Aarong Lifestyle Retail via Tanzeem's Shopping Fund,332894.12,332894.12,55091.96,54607.92,,,"{""merchant"": ""Aarong Lifestyle Retail"", ""fund"": ""Tanzeem's Shopping Fund"", ""ground_truth_anomaly"": false}",False
TXN-20260616-001549,11,,24,2026-06-16 19:27:38,224.58,MERCHANT_PAYMENT,FAMILY_PASS,,3,Restaurant/Food,COMPLETED,,FamilyPass spending by Tanvir Haque at Takeout Gourmet Burgers,130897.10,130672.52,,,1249.68,1025.10,"{""owner_id"": 2, ""member_id"": 11, ""merchant"": ""Takeout Gourmet Burgers"", ""ground_truth_anomaly"": false}",False
TXN-20260616-001558,7,,,2026-06-16 20:14:14,50.00,MOBILE_RECHARGE,NORMAL_WALLET,,,Recharge,COMPLETED,,Mobile Recharge to 01710000007,86271.15,86221.15,,,,,"{""operator"": ""Grameenphone"", ""ground_truth_anomaly"": false}",False
TXN-20260617-001571,2,,29,2026-06-17 08:10:16,600.68,MERCHANT_PAYMENT,PURPOSE_FUND,6,,Rent,COMPLETED,,Payment to Rangs Living Rent via Anisul's Rent Fund,128693.66,128693.66,28446.46,27845.78,,,"{""merchant"": ""Rangs Living Rent"", ""fund"": ""Anisul's Rent Fund"", ""ground_truth_anomaly"": false}",False
TXN-20260617-001572,11,,21,2026-06-17 08:13:30,568.46,MERCHANT_PAYMENT,FAMILY_PASS,,3,Restaurant/Food,COMPLETED,,FamilyPass spending by Tanvir Haque at Sultan's Dine Kacchi,128693.66,128125.20,,,1025.10,456.64,"{""owner_id"": 2, ""member_id"": 11, ""merchant"": ""Sultan's Dine Kacchi"", ""ground_truth_anomaly"": false}",False
TXN-20260617-001575,7,,5,2026-06-17 11:14:48,828.06,MERCHANT_PAYMENT,PURPOSE_FUND,25,,Grocery,COMPLETED,,Payment to Chaldal Grocery Express via Delwar's Grocery Fund,86221.15,86221.15,36396.23,35568.17,,,"{""merchant"": ""Chaldal Grocery Express"", ""fund"": ""Delwar's Grocery Fund"", ""ground_truth_anomaly"": false}",False
TXN-20260617-001568,16,,4,2026-06-17 12:17:02,728.67,MERCHANT_PAYMENT,PURPOSE_FUND,49,,Grocery,COMPLETED,,Payment to Meena Bazar via Nasrin's Grocery Fund,16808.27,16808.27,20003.39,19274.72,,,"{""merchant"": ""Meena Bazar"", ""fund"": ""Nasrin's Grocery Fund"", ""ground_truth_anomaly"": false}",False
TXN-20260617-001582,17,,10,2026-06-17 14:11:06,248.55,MERCHANT_PAYMENT,PURPOSE_FUND,52,,Medicine,COMPLETED,,Payment to Square Hospital Pharmacy via Farzana's Medicine Fund,20021.80,20021.80,8070.31,7821.76,,,"{""merchant"": ""Square Hospital Pharmacy"", ""fund"": ""Farzana's Medicine Fund"", ""ground_truth_anomaly"": false}",False
TXN-20260617-001576,19,23,,2026-06-17 14:21:57,300.00,SEND_MONEY,NORMAL_WALLET,,,Transfer,COMPLETED,,Sent money to Shafiqul Huda,28895.49,28595.49,,,,,"{""recipient_phone"": ""01710000023"", ""ground_truth_anomaly"": false}",False
TXN-20260617-001567,15,,27,2026-06-17 14:31:19,185.41,MERCHANT_PAYMENT,FAMILY_PASS,,10,Transport,COMPLETED,,FamilyPass spending by Zubair Ahmed at Pathao Transportation,115157.38,114971.97,,,2406.55,2221.14,"{""owner_id"": 23, ""member_id"": 15, ""merchant"": ""Pathao Transportation"", ""ground_truth_anomaly"": false}",False
TXN-20260617-001573,4,,29,2026-06-17 15:20:54,564.50,MERCHANT_PAYMENT,PURPOSE_FUND,14,,Rent,COMPLETED,,Payment to Rangs Living Rent via Mahbub's Rent Fund,109968.47,109968.47,44073.52,43509.02,,,"{""merchant"": ""Rangs Living Rent"", ""fund"": ""Mahbub's Rent Fund"", ""ground_truth_anomaly"": false}",False
TXN-20260617-001570,2,,28,2026-06-17 17:12:50,614.23,MERCHANT_PAYMENT,PURPOSE_FUND,6,,Rent,COMPLETED,,Payment to Eastern Housing Rental via Anisul's Rent Fund,128693.66,128693.66,29060.69,28446.46,,,"{""merchant"": ""Eastern Housing Rental"", ""fund"": ""Anisul's Rent Fund"", ""ground_truth_anomaly"": false}",False
TXN-20260617-001577,13,,25,2026-06-17 17:37:16,399.04,MERCHANT_PAYMENT,PURPOSE_FUND,44,,Transport,COMPLETED,,Payment to Shohoz Interdistrict Ride via Nahian's Transport Fund,10339.27,10339.27,807.19,408.15,,,"{""merchant"": ""Shohoz Interdistrict Ride"", ""fund"": ""Nahian's Transport Fund"", ""ground_truth_anomaly"": false}",False
TXN-20260617-001581,14,,22,2026-06-17 19:37:19,464.16,MERCHANT_PAYMENT,FAMILY_PASS,,8,Restaurant/Food,COMPLETED,,FamilyPass spending by Sakib Chowdhury at Star Kabab & Restaurant,267210.29,266746.13,,,3241.37,2777.21,"{""owner_id"": 20, ""member_id"": 14, ""merchant"": ""Star Kabab & Restaurant"", ""ground_truth_anomaly"": false}",True
TXN-20260617-001579,9,,29,2026-06-17 19:37:56,438.08,MERCHANT_PAYMENT,PURPOSE_FUND,34,,Rent,COMPLETED,,Payment to Rangs Living Rent via Shahidul's Rent Fund,137535.35,137535.35,22566.07,22127.99,,,"{""merchant"": ""Rangs Living Rent"", ""fund"": ""Shahidul's Rent Fund"", ""ground_truth_anomaly"": false}",False
TXN-20260617-001569,5,,,2026-06-17 19:41:26,50.00,MOBILE_RECHARGE,NORMAL_WALLET,,,Recharge,COMPLETED,,Mobile Recharge to 01710000005,70926.04,70876.04,,,,,"{""operator"": ""Grameenphone"", ""ground_truth_anomaly"": false}",False
TXN-20260617-001583,20,17,,2026-06-17 19:47:04,1000.00,SEND_MONEY,NORMAL_WALLET,,,Transfer,COMPLETED,,Sent money to Farzana Haque,266746.13,265746.13,,,,,"{""recipient_phone"": ""01710000017"", ""ground_truth_anomaly"": false}",False
TXN-20260617-001578,9,6,,2026-06-17 19:50:23,1500.00,SEND_MONEY,NORMAL_WALLET,,,Transfer,COMPLETED,,Sent money to Zahid Iqbal,139035.35,137535.35,,,,,"{""recipient_phone"": ""01710000006"", ""ground_truth_anomaly"": false}",False
TXN-20260617-001580,22,,13,2026-06-17 20:39:05,2313.01,MERCHANT_PAYMENT,PURPOSE_FUND,66,,Treatment,COMPLETED,,Payment to Popular Diagnostic Centre via Nafis's Treatment Fund,238517.68,238517.68,53699.23,51386.22,,,"{""merchant"": ""Popular Diagnostic Centre"", ""fund"": ""Nafis's Treatment Fund"", ""ground_truth_anomaly"": false}",False
TXN-ANOM-20260617-003187,25,,30,2026-06-17 20:55:00,16005.00,MERCHANT_PAYMENT,NORMAL_WALLET,,,Shopping,COMPLETED,,High value purchase at Aarong Lifestyle Retail,183518.01,167513.01,,,,,"{""ground_truth_anomaly"": true, ""anomaly_type"": ""LARGE_AMOUNT""}",True
TXN-20260617-001566,12,,25,2026-06-17 21:07:17,397.36,MERCHANT_PAYMENT,PURPOSE_FUND,42,,Transport,COMPLETED,,Payment to Shohoz Interdistrict Ride via Rafid's Transport Fund,10078.27,10078.27,4064.99,3667.63,,,"{""merchant"": ""Shohoz Interdistrict Ride"", ""fund"": ""Rafid's Transport Fund"", ""ground_truth_anomaly"": false}",False
TXN-20260617-001565,24,16,,2026-06-17 21:26:38,1000.00,SEND_MONEY,NORMAL_WALLET,,,Transfer,COMPLETED,,Sent money to Nasrin Rahman,96171.14,95171.14,,,,,"{""recipient_phone"": ""01710000016"", ""ground_truth_anomaly"": false}",False
TXN-20260617-001574,18,,5,2026-06-17 22:19:21,963.93,MERCHANT_PAYMENT,PURPOSE_FUND,53,,Grocery,COMPLETED,,Payment to Chaldal Grocery Express via Rumana's Grocery Fund,29590.28,29590.28,25544.54,24580.61,,,"{""merchant"": ""Chaldal Grocery Express"", ""fund"": ""Rumana's Grocery Fund"", ""ground_truth_anomaly"": false}",True
TXN-20260618-001603,9,,8,2026-06-18 08:23:22,561.37,MERCHANT_PAYMENT,PURPOSE_FUND,36,,Medicine,COMPLETED,,Payment to Tamanna Pharmacy via Shahidul's Medicine Fund,137535.35,137535.35,13310.66,12749.29,,,"{""merchant"": ""Tamanna Pharmacy"", ""fund"": ""Shahidul's Medicine Fund"", ""ground_truth_anomaly"": false}",False
TXN-20260618-001598,14,,24,2026-06-18 09:43:06,582.28,MERCHANT_PAYMENT,FAMILY_PASS,,8,Restaurant/Food,COMPLETED,,FamilyPass spending by Sakib Chowdhury at Takeout Gourmet Burgers,265696.13,265113.85,,,2777.21,2194.93,"{""owner_id"": 20, ""member_id"": 14, ""merchant"": ""Takeout Gourmet Burgers"", ""ground_truth_anomaly"": false}",True
TXN-20260618-001592,1,,5,2026-06-18 10:44:09,855.97,MERCHANT_PAYMENT,PURPOSE_FUND,1,,Grocery,COMPLETED,,Payment to Chaldal Grocery Express via Tariq's Grocery Fund,77552.68,77552.68,51290.49,50434.52,,,"{""merchant"": ""Chaldal Grocery Express"", ""fund"": ""Tariq's Grocery Fund"", ""ground_truth_anomaly"": false}",True
TXN-20260618-001593,1,,7,2026-06-18 10:47:12,512.52,MERCHANT_PAYMENT,PURPOSE_FUND,4,,Medicine,COMPLETED,,Payment to Labaid Pharmacy via Tariq's Medicine Fund,77552.68,77552.68,14310.82,13798.30,,,"{""merchant"": ""Labaid Pharmacy"", ""fund"": ""Tariq's Medicine Fund"", ""ground_truth_anomaly"": false}",False
TXN-20260618-001600,5,,7,2026-06-18 12:46:52,434.20,MERCHANT_PAYMENT,PURPOSE_FUND,19,,Medicine,COMPLETED,,Payment to Labaid Pharmacy via Kamrul's Medicine Fund,70876.04,70876.04,16433.55,15999.35,,,"{""merchant"": ""Labaid Pharmacy"", ""fund"": ""Kamrul's Medicine Fund"", ""ground_truth_anomaly"": false}",False
TXN-20260618-001595,7,,,2026-06-18 12:54:28,500.00,MOBILE_RECHARGE,NORMAL_WALLET,,,Recharge,COMPLETED,,Mobile Recharge to 01710000007,86221.15,85721.15,,,,,"{""operator"": ""Grameenphone"", ""ground_truth_anomaly"": false}",False
TXN-20260618-001599,5,,4,2026-06-18 13:00:31,802.54,MERCHANT_PAYMENT,PURPOSE_FUND,17,,Grocery,COMPLETED,,Payment to Meena Bazar via Kamrul's Grocery Fund,70876.04,70876.04,35358.93,34556.39,,,"{""merchant"": ""Meena Bazar"", ""fund"": ""Kamrul's Grocery Fund"", ""ground_truth_anomaly"": false}",True
TXN-ANOM-20260618-003236,25,,30,2026-06-18 14:27:00,14853.00,MERCHANT_PAYMENT,NORMAL_WALLET,,,Shopping,COMPLETED,,High value purchase at Aarong Lifestyle Retail,167513.01,152660.01,,,,,"{""ground_truth_anomaly"": true, ""anomaly_type"": ""LARGE_AMOUNT""}",True
TXN-20260618-001585,23,19,,2026-06-18 14:42:52,1000.00,SEND_MONEY,NORMAL_WALLET,,,Transfer,COMPLETED,,Sent money to Sadia Chowdhury,115271.97,114271.97,,,,,"{""recipient_phone"": ""01710000019"", ""ground_truth_anomaly"": false}",False
TXN-20260618-001589,22,,,2026-06-18 16:07:42,1000.00,CASH_OUT,NORMAL_WALLET,,,Cash Out,COMPLETED,,Agent Cash Out Withdrawal,238517.68,237517.68,,,,,"{""agent_code"": ""AGT-7712"", ""ground_truth_anomaly"": false}",False
TXN-20260618-001588,4,,30,2026-06-18 16:40:27,261.93,MERCHANT_PAYMENT,NORMAL_WALLET,,,Shopping,COMPLETED,,Payment to Aarong Lifestyle Retail from Normal Wallet,109077.67,108815.74,,,,,"{""merchant"": ""Aarong Lifestyle Retail"", ""ground_truth_anomaly"": false}",False
TXN-20260618-001586,11,,,2026-06-18 16:41:43,2000.00,CASH_OUT,NORMAL_WALLET,,,Cash Out,COMPLETED,,Agent Cash Out Withdrawal,8871.78,6871.78,,,,,"{""agent_code"": ""AGT-7712"", ""ground_truth_anomaly"": false}",False
TXN-20260618-001605,17,,4,2026-06-18 18:31:57,529.54,MERCHANT_PAYMENT,FAMILY_PASS,,4,Grocery,COMPLETED,,FamilyPass spending by Farzana Haque at Meena Bazar,128125.20,127595.66,,,6729.21,6199.67,"{""owner_id"": 2, ""member_id"": 17, ""merchant"": ""Meena Bazar"", ""ground_truth_anomaly"": false}",False
TXN-20260618-001601,8,,16,2026-06-18 19:09:45,5444.19,MERCHANT_PAYMENT,PURPOSE_FUND,30,,Education,COMPLETED,,Payment to Daffodil University Tuition via Saifur's Education Fund,135718.83,135718.83,19453.54,14009.35,,,"{""merchant"": ""Daffodil University Tuition"", ""fund"": ""Saifur's Education Fund"", ""ground_truth_anomaly"": false}",False
TXN-20260618-001584,18,,9,2026-06-18 19:59:37,546.66,MERCHANT_PAYMENT,FAMILY_PASS,,6,Medicine,COMPLETED,,FamilyPass spending by Rumana Alam at Green Life Model Pharmacy,109968.47,109421.81,,,9222.62,8675.96,"{""owner_id"": 4, ""member_id"": 18, ""merchant"": ""Green Life Model Pharmacy"", ""ground_truth_anomaly"": false}",False
TXN-20260618-001596,7,,18,2026-06-18 20:30:40,466.24,MERCHANT_PAYMENT,PURPOSE_FUND,26,,Electricity,COMPLETED,,Payment to DESCO Prepaid Utility via Delwar's Electricity Fund,85721.15,85721.15,2412.57,1946.33,,,"{""merchant"": ""DESCO Prepaid Utility"", ""fund"": ""Delwar's Electricity Fund"", ""ground_truth_anomaly"": false}",False
TXN-20260618-001602,9,,4,2026-06-18 20:34:19,1059.24,MERCHANT_PAYMENT,PURPOSE_FUND,33,,Grocery,COMPLETED,,Payment to Meena Bazar via Shahidul's Grocery Fund,137535.35,137535.35,53139.12,52079.88,,,"{""merchant"": ""Meena Bazar"", ""fund"": ""Shahidul's Grocery Fund"", ""ground_truth_anomaly"": false}",False
TXN-20260618-001587,4,,30,2026-06-18 20:35:21,344.14,MERCHANT_PAYMENT,NORMAL_WALLET,,,Shopping,COMPLETED,,Payment to Aarong Lifestyle Retail from Normal Wallet,109421.81,109077.67,,,,,"{""merchant"": ""Aarong Lifestyle Retail"", ""ground_truth_anomaly"": false}",False
TXN-20260618-001597,20,,,2026-06-18 20:50:57,50.00,MOBILE_RECHARGE,NORMAL_WALLET,,,Recharge,COMPLETED,,Mobile Recharge to 01710000020,265746.13,265696.13,,,,,"{""operator"": ""Grameenphone"", ""ground_truth_anomaly"": false}",False
TXN-20260618-001604,19,,5,2026-06-18 21:14:38,589.43,MERCHANT_PAYMENT,FAMILY_PASS,,9,Grocery,COMPLETED,,FamilyPass spending by Sadia Chowdhury at Chaldal Grocery Express,265113.85,264524.42,,,10667.12,10077.69,"{""owner_id"": 20, ""member_id"": 19, ""merchant"": ""Chaldal Grocery Express"", ""ground_truth_anomaly"": false}",False
TXN-20260618-001594,15,,26,2026-06-18 21:28:17,219.49,MERCHANT_PAYMENT,FAMILY_PASS,,10,Transport,COMPLETED,,FamilyPass spending by Zubair Ahmed at Uber Bangladesh Mobility,114271.97,114052.48,,,2221.14,2001.65,"{""owner_id"": 23, ""member_id"": 15, ""merchant"": ""Uber Bangladesh Mobility"", ""ground_truth_anomaly"": false}",False
TXN-20260618-001590,2,,10,2026-06-18 21:50:22,577.67,MERCHANT_PAYMENT,PURPOSE_FUND,8,,Medicine,COMPLETED,,Payment to Square Hospital Pharmacy via Anisul's Medicine Fund,128125.20,128125.20,11733.89,11156.22,,,"{""merchant"": ""Square Hospital Pharmacy"", ""fund"": ""Anisul's Medicine Fund"", ""ground_truth_anomaly"": false}",False
TXN-20260618-001591,13,,27,2026-06-18 22:11:05,321.63,MERCHANT_PAYMENT,PURPOSE_FUND,44,,Transport,COMPLETED,,Payment to Pathao Transportation via Nahian's Transport Fund,10339.27,10339.27,408.15,86.52,,,"{""merchant"": ""Pathao Transportation"", ""fund"": ""Nahian's Transport Fund"", ""ground_truth_anomaly"": false}",False
TXN-ANOM-20260619-003199,6,,26,2026-06-19 04:44:00,2070.00,MERCHANT_PAYMENT,NORMAL_WALLET,,,Transport,COMPLETED,,Late night inter-district transport fare via Uber Bangladesh Mobility,216285.37,214215.37,,,,,"{""ground_truth_anomaly"": true, ""anomaly_type"": ""UNUSUAL_TIME""}",False
TXN-20260619-001609,3,,18,2026-06-19 09:20:42,534.33,MERCHANT_PAYMENT,PURPOSE_FUND,11,,Electricity,COMPLETED,,Payment to DESCO Prepaid Utility via Farhan's Electricity Fund,78924.81,78924.81,3633.42,3099.09,,,"{""merchant"": ""DESCO Prepaid Utility"", ""fund"": ""Farhan's Electricity Fund"", ""ground_truth_anomaly"": false}",False
TXN-20260619-001613,1,,,2026-06-19 11:48:40,1000.00,CASH_OUT,NORMAL_WALLET,,,Cash Out,COMPLETED,,Agent Cash Out Withdrawal,77552.68,76552.68,,,,,"{""agent_code"": ""AGT-7712"", ""ground_truth_anomaly"": false}",False
TXN-20260619-001622,8,,6,2026-06-19 12:23:36,499.65,MERCHANT_PAYMENT,PURPOSE_FUND,29,,Grocery,COMPLETED,,Payment to Karwan Bazar Wholesale via Saifur's Grocery Fund,135718.83,135718.83,56033.90,55534.25,,,"{""merchant"": ""Karwan Bazar Wholesale"", ""fund"": ""Saifur's Grocery Fund"", ""ground_truth_anomaly"": false}",False
TXN-20260619-001606,23,,26,2026-06-19 13:32:31,302.66,MERCHANT_PAYMENT,PURPOSE_FUND,71,,Transport,COMPLETED,,Payment to Uber Bangladesh Mobility via Shafiqul's Transport Fund,114052.48,114052.48,14254.24,13951.58,,,"{""merchant"": ""Uber Bangladesh Mobility"", ""fund"": ""Shafiqul's Transport Fund"", ""ground_truth_anomaly"": false}",False
TXN-20260619-001619,4,,14,2026-06-19 14:45:31,6063.54,MERCHANT_PAYMENT,PURPOSE_FUND,15,,Education,COMPLETED,,Payment to Scholastica School via Mahbub's Education Fund,108815.74,108815.74,16069.79,10006.25,,,"{""merchant"": ""Scholastica School"", ""fund"": ""Mahbub's Education Fund"", ""ground_truth_anomaly"": false}",False
TXN-20260619-001615,5,,9,2026-06-19 14:51:52,555.45,MERCHANT_PAYMENT,PURPOSE_FUND,19,,Medicine,COMPLETED,,Payment to Green Life Model Pharmacy via Kamrul's Medicine Fund,70876.04,70876.04,15999.35,15443.90,,,"{""merchant"": ""Green Life Model Pharmacy"", ""fund"": ""Kamrul's Medicine Fund"", ""ground_truth_anomaly"": false}",False
TXN-20260619-001617,6,,18,2026-06-19 15:01:27,913.96,MERCHANT_PAYMENT,PURPOSE_FUND,23,,Electricity,COMPLETED,,Payment to DESCO Prepaid Utility via Zahid's Electricity Fund,132592.15,132592.15,3222.88,2308.92,,,"{""merchant"": ""DESCO Prepaid Utility"", ""fund"": ""Zahid's Electricity Fund"", ""ground_truth_anomaly"": false}",False
TXN-20260619-001623,8,,3,2026-06-19 17:38:21,1231.86,MERCHANT_PAYMENT,PURPOSE_FUND,29,,Grocery,COMPLETED,,Payment to Unimart Hypermarket via Saifur's Grocery Fund,135718.83,135718.83,55534.25,54302.39,,,"{""merchant"": ""Unimart Hypermarket"", ""fund"": ""Saifur's Grocery Fund"", ""ground_truth_anomaly"": false}",True
TXN-20260619-001608,3,,26,2026-06-19 17:48:03,409.67,MERCHANT_PAYMENT,PURPOSE_FUND,12,,Transport,COMPLETED,,Payment to Uber Bangladesh Mobility via Farhan's Transport Fund,78924.81,78924.81,11645.15,11235.48,,,"{""merchant"": ""Uber Bangladesh Mobility"", ""fund"": ""Farhan's Transport Fund"", ""ground_truth_anomaly"": false}",False
TXN-20260619-001610,9,,29,2026-06-19 18:06:04,699.72,MERCHANT_PAYMENT,PURPOSE_FUND,34,,Rent,COMPLETED,,Payment to Rangs Living Rent via Shahidul's Rent Fund,137535.35,137535.35,22127.99,21428.27,,,"{""merchant"": ""Rangs Living Rent"", ""fund"": ""Shahidul's Rent Fund"", ""ground_truth_anomaly"": false}",False
TXN-20260619-001616,22,,5,2026-06-19 18:59:03,561.12,MERCHANT_PAYMENT,PURPOSE_FUND,65,,Grocery,COMPLETED,,Payment to Chaldal Grocery Express via Nafis's Grocery Fund,237517.68,237517.68,70463.95,69902.83,,,"{""merchant"": ""Chaldal Grocery Express"", ""fund"": ""Nafis's Grocery Fund"", ""ground_truth_anomaly"": false}",True
TXN-20260619-001611,9,,19,2026-06-19 19:24:04,420.90,MERCHANT_PAYMENT,PURPOSE_FUND,35,,Electricity,COMPLETED,,Payment to DPDC Electricity Payment via Shahidul's Electricity Fund,137535.35,137535.35,823.41,402.51,,,"{""merchant"": ""DPDC Electricity Payment"", ""fund"": ""Shahidul's Electricity Fund"", ""ground_truth_anomaly"": false}",False
TXN-20260619-001614,1,,8,2026-06-19 20:03:15,234.19,MERCHANT_PAYMENT,PURPOSE_FUND,4,,Medicine,COMPLETED,,Payment to Tamanna Pharmacy via Tariq's Medicine Fund,76552.68,76552.68,13798.30,13564.11,,,"{""merchant"": ""Tamanna Pharmacy"", ""fund"": ""Tariq's Medicine Fund"", ""ground_truth_anomaly"": false}",False
TXN-20260619-001618,18,,,2026-06-19 20:03:26,1000.00,CASH_OUT,NORMAL_WALLET,,,Cash Out,COMPLETED,,Agent Cash Out Withdrawal,29590.28,28590.28,,,,,"{""agent_code"": ""AGT-7712"", ""ground_truth_anomaly"": false}",False
TXN-20260619-001607,12,,27,2026-06-19 20:18:38,282.81,MERCHANT_PAYMENT,FAMILY_PASS,,5,Transport,COMPLETED,,FamilyPass spending by Rafid Kabir at Pathao Transportation,79207.62,78924.81,,,2519.00,2236.19,"{""owner_id"": 3, ""member_id"": 12, ""merchant"": ""Pathao Transportation"", ""ground_truth_anomaly"": false}",False
TXN-20260619-001621,24,,27,2026-06-19 20:34:36,409.95,MERCHANT_PAYMENT,PURPOSE_FUND,74,,Transport,COMPLETED,,Payment to Pathao Transportation via Emon's Transport Fund,95171.14,95171.14,13265.57,12855.62,,,"{""merchant"": ""Pathao Transportation"", ""fund"": ""Emon's Transport Fund"", ""ground_truth_anomaly"": false}",False
TXN-20260619-001620,14,,24,2026-06-19 22:07:19,758.25,MERCHANT_PAYMENT,PURPOSE_FUND,45,,Restaurant/Food,COMPLETED,,Payment to Takeout Gourmet Burgers via Sakib's Restaurant/Food Fund,18898.90,18898.90,7270.72,6512.47,,,"{""merchant"": ""Takeout Gourmet Burgers"", ""fund"": ""Sakib's Restaurant/Food Fund"", ""ground_truth_anomaly"": false}",False
TXN-20260619-001612,16,17,,2026-06-19 22:31:32,300.00,SEND_MONEY,NORMAL_WALLET,,,Transfer,COMPLETED,,Sent money to Farzana Haque,16808.27,16508.27,,,,,"{""recipient_phone"": ""01710000017"", ""ground_truth_anomaly"": false}",False
TXN-20260620-001625,25,,27,2026-06-20 08:08:37,447.71,MERCHANT_PAYMENT,NORMAL_WALLET,,,Transport,COMPLETED,,Payment to Pathao Transportation from Normal Wallet,108436.95,107989.24,,,,,"{""merchant"": ""Pathao Transportation"", ""ground_truth_anomaly"": false}",False
TXN-20260620-001632,8,,12,2026-06-20 09:12:31,2073.28,MERCHANT_PAYMENT,PURPOSE_FUND,32,,Treatment,COMPLETED,,Payment to Evercare Hospital Lab via Saifur's Treatment Fund,135718.83,135718.83,12012.06,9938.78,,,"{""merchant"": ""Evercare Hospital Lab"", ""fund"": ""Saifur's Treatment Fund"", ""ground_truth_anomaly"": false}",False
TXN-REJ-20260620-003271,19,,2,2026-06-20 13:25:00,15939.00,MERCHANT_PAYMENT,FAMILY_PASS,,9,Grocery,REJECTED,"FamilyPass spending limit exceeded. Remaining allowance: ৳15,000.00, requested: ৳15,939.00",Attempted FamilyPass spending exceeding allowance,481695.88,481695.88,,,15000.00,15000.00,"{""ground_truth_anomaly"": false, ""policy_violation"": ""FAMILYPASS_LIMIT_EXCEEDED""}",False
TXN-20260620-001638,6,,20,2026-06-20 14:41:59,765.87,MERCHANT_PAYMENT,PURPOSE_FUND,23,,Electricity,COMPLETED,,Payment to Link3 Internet Utilities via Zahid's Electricity Fund,132592.15,132592.15,2308.92,1543.05,,,"{""merchant"": ""Link3 Internet Utilities"", ""fund"": ""Zahid's Electricity Fund"", ""ground_truth_anomaly"": false}",False
TXN-20260620-001624,25,12,,2026-06-20 14:57:51,1000.00,SEND_MONEY,NORMAL_WALLET,,,Transfer,COMPLETED,,Sent money to Rafid Kabir,109436.95,108436.95,,,,,"{""recipient_phone"": ""01710000012"", ""ground_truth_anomaly"": false}",False
TXN-20260620-001637,22,2,,2026-06-20 15:51:55,1500.00,SEND_MONEY,NORMAL_WALLET,,,Transfer,COMPLETED,,Sent money to Anisul Haque,237517.68,236017.68,,,,,"{""recipient_phone"": ""01710000002"", ""ground_truth_anomaly"": false}",False
TXN-20260620-001627,15,16,,2026-06-20 16:18:49,500.00,SEND_MONEY,NORMAL_WALLET,,,Transfer,COMPLETED,,Sent money to Nasrin Rahman,13449.53,12949.53,,,,,"{""recipient_phone"": ""01710000016"", ""ground_truth_anomaly"": false}",False
TXN-20260620-001634,20,,,2026-06-20 16:37:22,100.00,MOBILE_RECHARGE,NORMAL_WALLET,,,Recharge,COMPLETED,,Mobile Recharge to 01710000020,264524.42,264424.42,,,,,"{""operator"": ""Grameenphone"", ""ground_truth_anomaly"": false}",False
TXN-20260620-001630,9,,7,2026-06-20 17:05:49,485.11,MERCHANT_PAYMENT,PURPOSE_FUND,36,,Medicine,COMPLETED,,Payment to Labaid Pharmacy via Shahidul's Medicine Fund,137535.35,137535.35,12749.29,12264.18,,,"{""merchant"": ""Labaid Pharmacy"", ""fund"": ""Shahidul's Medicine Fund"", ""ground_truth_anomaly"": false}",False
TXN-20260620-001635,2,20,,2026-06-20 17:08:34,300.00,SEND_MONEY,NORMAL_WALLET,,,Transfer,COMPLETED,,Sent money to Asif Chowdhury,127595.66,127295.66,,,,,"{""recipient_phone"": ""01710000020"", ""ground_truth_anomaly"": false}",False
TXN-20260620-001631,9,,6,2026-06-20 18:18:27,591.27,MERCHANT_PAYMENT,PURPOSE_FUND,33,,Grocery,COMPLETED,,Payment to Karwan Bazar Wholesale via Shahidul's Grocery Fund,137535.35,137535.35,52079.88,51488.61,,,"{""merchant"": ""Karwan Bazar Wholesale"", ""fund"": ""Shahidul's Grocery Fund"", ""ground_truth_anomaly"": false}",True
TXN-20260620-001628,4,,,2026-06-20 19:11:14,2000.00,CASH_OUT,NORMAL_WALLET,,,Cash Out,COMPLETED,,Agent Cash Out Withdrawal,108815.74,106815.74,,,,,"{""agent_code"": ""AGT-7712"", ""ground_truth_anomaly"": false}",False
TXN-20260620-001626,1,18,,2026-06-20 19:26:40,1500.00,SEND_MONEY,NORMAL_WALLET,,,Transfer,COMPLETED,,Sent money to Rumana Alam,76552.68,75052.68,,,,,"{""recipient_phone"": ""01710000018"", ""ground_truth_anomaly"": false}",False
TXN-20260620-001629,18,,4,2026-06-20 20:14:59,558.44,MERCHANT_PAYMENT,FAMILY_PASS,,6,Grocery,COMPLETED,,FamilyPass spending by Rumana Alam at Meena Bazar,106815.74,106257.30,,,8675.96,8117.52,"{""owner_id"": 4, ""member_id"": 18, ""merchant"": ""Meena Bazar"", ""ground_truth_anomaly"": false}",True
TXN-20260620-001636,24,,,2026-06-20 20:35:58,100.00,MOBILE_RECHARGE,NORMAL_WALLET,,,Recharge,COMPLETED,,Mobile Recharge to 01710000024,95171.14,95071.14,,,,,"{""operator"": ""Grameenphone"", ""ground_truth_anomaly"": false}",False
TXN-20260620-001639,23,,,2026-06-20 21:19:10,300.00,MOBILE_RECHARGE,NORMAL_WALLET,,,Recharge,COMPLETED,,Mobile Recharge to 01710000023,114052.48,113752.48,,,,,"{""operator"": ""Grameenphone"", ""ground_truth_anomaly"": false}",False
TXN-20260620-001633,20,,29,2026-06-20 21:21:42,1019.39,MERCHANT_PAYMENT,PURPOSE_FUND,58,,Rent,COMPLETED,,Payment to Rangs Living Rent via Asif's Rent Fund,264524.42,264524.42,64609.08,63589.69,,,"{""merchant"": ""Rangs Living Rent"", ""fund"": ""Asif's Rent Fund"", ""ground_truth_anomaly"": false}",False
TXN-20260621-001652,14,,30,2026-06-21 09:00:39,329.86,MERCHANT_PAYMENT,PURPOSE_FUND,46,,Shopping,COMPLETED,,Payment to Aarong Lifestyle Retail via Sakib's Shopping Fund,18398.90,18398.90,329.86,0.00,,,"{""merchant"": ""Aarong Lifestyle Retail"", ""fund"": ""Sakib's Shopping Fund"", ""ground_truth_anomaly"": false}",True
TXN-20260621-001650,22,,,2026-06-21 09:06:24,100.00,MOBILE_RECHARGE,NORMAL_WALLET,,,Recharge,COMPLETED,,Mobile Recharge to 01710000022,236017.68,235917.68,,,,,"{""operator"": ""Grameenphone"", ""ground_truth_anomaly"": false}",False
TXN-20260621-001646,3,,19,2026-06-21 09:52:10,598.46,MERCHANT_PAYMENT,PURPOSE_FUND,11,,Electricity,COMPLETED,,Payment to DPDC Electricity Payment via Farhan's Electricity Fund,78756.49,78756.49,3099.09,2500.63,,,"{""merchant"": ""DPDC Electricity Payment"", ""fund"": ""Farhan's Electricity Fund"", ""ground_truth_anomaly"": false}",False
TXN-20260621-001644,12,,27,2026-06-21 10:52:55,168.32,MERCHANT_PAYMENT,FAMILY_PASS,,5,Transport,COMPLETED,,FamilyPass spending by Rafid Kabir at Pathao Transportation,78924.81,78756.49,,,2236.19,2067.87,"{""owner_id"": 3, ""member_id"": 12, ""merchant"": ""Pathao Transportation"", ""ground_truth_anomaly"": false}",False
TXN-20260621-001648,25,,30,2026-06-21 11:14:37,2432.31,MERCHANT_PAYMENT,PURPOSE_FUND,76,,Shopping,COMPLETED,,Payment to Aarong Lifestyle Retail via Arif's Shopping Fund,107989.24,107989.24,25373.15,22940.84,,,"{""merchant"": ""Aarong Lifestyle Retail"", ""fund"": ""Arif's Shopping Fund"", ""ground_truth_anomaly"": false}",False
TXN-20260621-001656,24,,,2026-06-21 11:58:29,300.00,MOBILE_RECHARGE,NORMAL_WALLET,,,Recharge,COMPLETED,,Mobile Recharge to 01710000024,95071.14,94771.14,,,,,"{""operator"": ""Grameenphone"", ""ground_truth_anomaly"": false}",False
TXN-20260621-001641,15,,27,2026-06-21 12:29:31,204.59,MERCHANT_PAYMENT,FAMILY_PASS,,10,Transport,COMPLETED,,FamilyPass spending by Zubair Ahmed at Pathao Transportation,113500.55,113295.96,,,1749.72,1545.13,"{""owner_id"": 23, ""member_id"": 15, ""merchant"": ""Pathao Transportation"", ""ground_truth_anomaly"": false}",False
TXN-20260621-001657,6,11,,2026-06-21 13:13:17,500.00,SEND_MONEY,NORMAL_WALLET,,,Transfer,COMPLETED,,Sent money to Tanvir Haque,132592.15,132092.15,,,,,"{""recipient_phone"": ""01710000011"", ""ground_truth_anomaly"": false}",False
TXN-20260621-001653,5,,15,2026-06-21 13:39:24,3811.89,MERCHANT_PAYMENT,PURPOSE_FUND,20,,Education,COMPLETED,,Payment to Sunnydale Academy via Kamrul's Education Fund,70876.04,70876.04,6843.20,3031.31,,,"{""merchant"": ""Sunnydale Academy"", ""fund"": ""Kamrul's Education Fund"", ""ground_truth_anomaly"": false}",False
TXN-20260621-001642,2,,10,2026-06-21 14:12:25,411.92,MERCHANT_PAYMENT,PURPOSE_FUND,8,,Medicine,COMPLETED,,Payment to Square Hospital Pharmacy via Anisul's Medicine Fund,128795.66,128795.66,11156.22,10744.30,,,"{""merchant"": ""Square Hospital Pharmacy"", ""fund"": ""Anisul's Medicine Fund"", ""ground_truth_anomaly"": false}",False
TXN-20260621-001649,22,,11,2026-06-21 14:43:35,1595.60,MERCHANT_PAYMENT,PURPOSE_FUND,66,,Treatment,COMPLETED,,Payment to Square Hospital Diagnostic via Nafis's Treatment Fund,236017.68,236017.68,51386.22,49790.62,,,"{""merchant"": ""Square Hospital Diagnostic"", ""fund"": ""Nafis's Treatment Fund"", ""ground_truth_anomaly"": false}",False
TXN-REJ-20260621-003306,12,,31,2026-06-21 14:56:00,702.00,MERCHANT_PAYMENT,FAMILY_PASS,,5,Other,REJECTED,Category Restriction Mismatch: Merchant 'General Utility & Services' category 'Other' is not allowed for this FamilyPass.,Attempted FamilyPass spending at General Utility & Services,103781.19,103781.19,,,4000.00,4000.00,"{""ground_truth_anomaly"": false, ""policy_violation"": ""FAMILYPASS_CATEGORY_MISMATCH""}",False
TXN-20260621-001658,19,,4,2026-06-21 15:34:47,189.94,MERCHANT_PAYMENT,FAMILY_PASS,,9,Grocery,COMPLETED,,FamilyPass spending by Sadia Chowdhury at Meena Bazar,264724.42,264534.48,,,10077.69,9887.75,"{""owner_id"": 20, ""member_id"": 19, ""merchant"": ""Meena Bazar"", ""ground_truth_anomaly"": false}",False
TXN-ANOM-20260621-003165,2,,12,2026-06-21 16:31:00,12614.00,MERCHANT_PAYMENT,NORMAL_WALLET,,,Treatment,COMPLETED,,Emergency diagnostic package at Evercare Hospital Lab,254279.36,241665.36,,,,,"{""ground_truth_anomaly"": true, ""anomaly_type"": ""UNUSUAL_CATEGORY""}",True
TXN-20260621-001645,23,,22,2026-06-21 16:34:14,885.17,MERCHANT_PAYMENT,PURPOSE_FUND,69,,Restaurant/Food,COMPLETED,,Payment to Star Kabab & Restaurant via Shafiqul's Restaurant/Food Fund,113295.96,113295.96,28700.37,27815.20,,,"{""merchant"": ""Star Kabab & Restaurant"", ""fund"": ""Shafiqul's Restaurant/Food Fund"", ""ground_truth_anomaly"": false}",False
TXN-20260621-001640,15,,25,2026-06-21 17:09:13,251.93,MERCHANT_PAYMENT,FAMILY_PASS,,10,Transport,COMPLETED,,FamilyPass spending by Zubair Ahmed at Shohoz Interdistrict Ride,113752.48,113500.55,,,2001.65,1749.72,"{""owner_id"": 23, ""member_id"": 15, ""merchant"": ""Shohoz Interdistrict Ride"", ""ground_truth_anomaly"": false}",False
TXN-20260621-001660,17,,,2026-06-21 17:16:41,100.00,MOBILE_RECHARGE,NORMAL_WALLET,,,Recharge,COMPLETED,,Mobile Recharge to 01710000017,21321.80,21221.80,,,,,"{""operator"": ""Grameenphone"", ""ground_truth_anomaly"": false}",False
TXN-20260621-001654,5,,,2026-06-21 17:54:49,100.00,MOBILE_RECHARGE,NORMAL_WALLET,,,Recharge,COMPLETED,,Mobile Recharge to 01710000005,70876.04,70776.04,,,,,"{""operator"": ""Grameenphone"", ""ground_truth_anomaly"": false}",False
TXN-20260621-001662,9,,22,2026-06-21 18:06:19,284.34,MERCHANT_PAYMENT,NORMAL_WALLET,,,Restaurant/Food,COMPLETED,,Payment to Star Kabab & Restaurant from Normal Wallet,137535.35,137251.01,,,,,"{""merchant"": ""Star Kabab & Restaurant"", ""ground_truth_anomaly"": false}",False
TXN-20260621-001659,21,,24,2026-06-21 18:08:37,899.26,MERCHANT_PAYMENT,PURPOSE_FUND,63,,Restaurant/Food,COMPLETED,,Payment to Takeout Gourmet Burgers via Tanzeem's Restaurant/Food Fund,332894.12,332894.12,45587.40,44688.14,,,"{""merchant"": ""Takeout Gourmet Burgers"", ""fund"": ""Tanzeem's Restaurant/Food Fund"", ""ground_truth_anomaly"": false}",False
TXN-20260621-001647,25,,30,2026-06-21 18:11:44,1872.43,MERCHANT_PAYMENT,PURPOSE_FUND,76,,Shopping,COMPLETED,,Payment to Aarong Lifestyle Retail via Arif's Shopping Fund,107989.24,107989.24,27245.58,25373.15,,,"{""merchant"": ""Aarong Lifestyle Retail"", ""fund"": ""Arif's Shopping Fund"", ""ground_truth_anomaly"": false}",False
TXN-20260621-001643,2,,6,2026-06-21 18:36:27,989.35,MERCHANT_PAYMENT,PURPOSE_FUND,5,,Grocery,COMPLETED,,Payment to Karwan Bazar Wholesale via Anisul's Grocery Fund,128795.66,128795.66,55473.90,54484.55,,,"{""merchant"": ""Karwan Bazar Wholesale"", ""fund"": ""Anisul's Grocery Fund"", ""ground_truth_anomaly"": false}",False
TXN-20260621-001651,14,,,2026-06-21 19:33:33,500.00,MOBILE_RECHARGE,NORMAL_WALLET,,,Recharge,COMPLETED,,Mobile Recharge to 01710000014,18898.90,18398.90,,,,,"{""operator"": ""Grameenphone"", ""ground_truth_anomaly"": false}",False
TXN-20260621-001655,10,,14,2026-06-21 19:54:55,1096.96,MERCHANT_PAYMENT,FAMILY_PASS,,1,Education,COMPLETED,,FamilyPass spending by Samiul Tariq at Scholastica School,75052.68,73955.72,,,3373.28,2276.32,"{""owner_id"": 1, ""member_id"": 10, ""merchant"": ""Scholastica School"", ""ground_truth_anomaly"": false}",False
TXN-20260621-001661,17,,9,2026-06-21 23:35:11,329.31,MERCHANT_PAYMENT,PURPOSE_FUND,52,,Medicine,COMPLETED,,Payment to Green Life Model Pharmacy via Farzana's Medicine Fund,21221.80,21221.80,7821.76,7492.45,,,"{""merchant"": ""Green Life Model Pharmacy"", ""fund"": ""Farzana's Medicine Fund"", ""ground_truth_anomaly"": false}",False
TXN-20260621-001663,9,,18,2026-06-21 23:46:39,402.51,MERCHANT_PAYMENT,PURPOSE_FUND,35,,Electricity,COMPLETED,,Payment to DESCO Prepaid Utility via Shahidul's Electricity Fund,137251.01,137251.01,402.51,0.00,,,"{""merchant"": ""DESCO Prepaid Utility"", ""fund"": ""Shahidul's Electricity Fund"", ""ground_truth_anomaly"": false}",False
TXN-20260622-001674,10,,25,2026-06-22 08:27:25,424.19,MERCHANT_PAYMENT,PURPOSE_FUND,38,,Transport,COMPLETED,,Payment to Shohoz Interdistrict Ride via Samiul's Transport Fund,10650.83,10650.83,5010.09,4585.90,,,"{""merchant"": ""Shohoz Interdistrict Ride"", ""fund"": ""Samiul's Transport Fund"", ""ground_truth_anomaly"": false}",False
TXN-20260622-001666,6,7,,2026-06-22 08:46:00,1000.00,SEND_MONEY,NORMAL_WALLET,,,Transfer,COMPLETED,,Sent money to Delwar Hossain,132092.15,131092.15,,,,,"{""recipient_phone"": ""01710000007"", ""ground_truth_anomaly"": false}",False
TXN-20260622-001668,19,,5,2026-06-22 08:55:30,642.13,MERCHANT_PAYMENT,FAMILY_PASS,,9,Grocery,COMPLETED,,FamilyPass spending by Sadia Chowdhury at Chaldal Grocery Express,264534.48,263892.35,,,9887.75,9245.62,"{""owner_id"": 20, ""member_id"": 19, ""merchant"": ""Chaldal Grocery Express"", ""ground_truth_anomaly"": false}",True
TXN-20260622-001675,14,,23,2026-06-22 09:07:41,925.84,MERCHANT_PAYMENT,PURPOSE_FUND,45,,Restaurant/Food,COMPLETED,,Payment to Kacchi Bhai Biryani via Sakib's Restaurant/Food Fund,18398.90,18398.90,6512.47,5586.63,,,"{""merchant"": ""Kacchi Bhai Biryani"", ""fund"": ""Sakib's Restaurant/Food Fund"", ""ground_truth_anomaly"": false}",False
TXN-20260622-001678,8,19,,2026-06-22 10:40:20,500.00,SEND_MONEY,NORMAL_WALLET,,,Transfer,COMPLETED,,Sent money to Sadia Chowdhury,135718.83,135218.83,,,,,"{""recipient_phone"": ""01710000019"", ""ground_truth_anomaly"": false}",False
TXN-20260622-001669,2,,,2026-06-22 11:24:01,2000.00,CASH_OUT,NORMAL_WALLET,,,Cash Out,COMPLETED,,Agent Cash Out Withdrawal,128180.80,126180.80,,,,,"{""agent_code"": ""AGT-7712"", ""ground_truth_anomaly"": false}",False
TXN-20260622-001676,12,,25,2026-06-22 13:11:02,247.99,MERCHANT_PAYMENT,FAMILY_PASS,,5,Transport,COMPLETED,,FamilyPass spending by Rafid Kabir at Shohoz Interdistrict Ride,78756.49,78508.50,,,2067.87,1819.88,"{""owner_id"": 3, ""member_id"": 12, ""merchant"": ""Shohoz Interdistrict Ride"", ""ground_truth_anomaly"": false}",False
TXN-20260622-001667,15,22,,2026-06-22 14:51:37,1500.00,SEND_MONEY,NORMAL_WALLET,,,Transfer,COMPLETED,,Sent money to Nafis Fuad,12949.53,11449.53,,,,,"{""recipient_phone"": ""01710000022"", ""ground_truth_anomaly"": false}",False
TXN-20260622-001671,9,,,2026-06-22 15:03:17,200.00,MOBILE_RECHARGE,NORMAL_WALLET,,,Recharge,COMPLETED,,Mobile Recharge to 01710000009,137151.01,136951.01,,,,,"{""operator"": ""Grameenphone"", ""ground_truth_anomaly"": false}",False
TXN-20260622-001673,10,,30,2026-06-22 15:55:15,693.10,MERCHANT_PAYMENT,NORMAL_WALLET,,,Shopping,COMPLETED,,Payment to Aarong Lifestyle Retail from Normal Wallet,11343.93,10650.83,,,,,"{""merchant"": ""Aarong Lifestyle Retail"", ""ground_truth_anomaly"": false}",False
TXN-20260622-001677,3,,6,2026-06-22 16:13:52,492.99,MERCHANT_PAYMENT,PURPOSE_FUND,9,,Grocery,COMPLETED,,Payment to Karwan Bazar Wholesale via Farhan's Grocery Fund,78508.50,78508.50,41204.41,40711.42,,,"{""merchant"": ""Karwan Bazar Wholesale"", ""fund"": ""Farhan's Grocery Fund"", ""ground_truth_anomaly"": false}",False
TXN-20260622-001679,1,,25,2026-06-22 16:27:41,578.49,MERCHANT_PAYMENT,NORMAL_WALLET,,,Transport,COMPLETED,,Payment to Shohoz Interdistrict Ride from Normal Wallet,73396.55,72818.06,,,,,"{""merchant"": ""Shohoz Interdistrict Ride"", ""ground_truth_anomaly"": false}",False
TXN-20260622-001664,17,,,2026-06-22 17:23:01,300.00,MOBILE_RECHARGE,NORMAL_WALLET,,,Recharge,COMPLETED,,Mobile Recharge to 01710000017,21221.80,20921.80,,,,,"{""operator"": ""Grameenphone"", ""ground_truth_anomaly"": false}",False
TXN-20260622-001670,9,,,2026-06-22 18:06:34,100.00,MOBILE_RECHARGE,NORMAL_WALLET,,,Recharge,COMPLETED,,Mobile Recharge to 01710000009,137251.01,137151.01,,,,,"{""operator"": ""Grameenphone"", ""ground_truth_anomaly"": false}",False
TXN-20260622-001672,16,,4,2026-06-22 20:17:39,559.17,MERCHANT_PAYMENT,FAMILY_PASS,,2,Grocery,COMPLETED,,FamilyPass spending by Nasrin Rahman at Meena Bazar,73955.72,73396.55,,,3001.33,2442.16,"{""owner_id"": 1, ""member_id"": 16, ""merchant"": ""Meena Bazar"", ""ground_truth_anomaly"": false}",False
TXN-ANOM-20260622-003122,1,,22,2026-06-22 21:12:00,3144.00,MERCHANT_PAYMENT,NORMAL_WALLET,,,Restaurant/Food,COMPLETED,,Large banquet charge at Star Kabab & Restaurant,127990.58,124846.58,,,,,"{""ground_truth_anomaly"": true, ""anomaly_type"": ""SPENDING_BURST""}",True
TXN-20260622-001665,17,,3,2026-06-22 22:11:48,614.86,MERCHANT_PAYMENT,FAMILY_PASS,,4,Grocery,COMPLETED,,FamilyPass spending by Farzana Haque at Unimart Hypermarket,128795.66,128180.80,,,6199.67,5584.81,"{""owner_id"": 2, ""member_id"": 17, ""merchant"": ""Unimart Hypermarket"", ""ground_truth_anomaly"": false}",False
TXN-ANOM-20260623-003216,22,,25,2026-06-23 03:07:00,2124.00,MERCHANT_PAYMENT,NORMAL_WALLET,,,Transport,COMPLETED,,Late night inter-district transport fare via Shohoz Interdistrict Ride,408351.75,406227.75,,,,,"{""ground_truth_anomaly"": true, ""anomaly_type"": ""UNUSUAL_TIME""}",False
TXN-20260623-001691,19,,7,2026-06-23 09:47:44,558.67,MERCHANT_PAYMENT,PURPOSE_FUND,56,,Medicine,COMPLETED,,Payment to Labaid Pharmacy via Sadia's Medicine Fund,30095.49,30095.49,10999.80,10441.13,,,"{""merchant"": ""Labaid Pharmacy"", ""fund"": ""Sadia's Medicine Fund"", ""ground_truth_anomaly"": false}",False
TXN-20260623-001681,13,,23,2026-06-23 10:45:27,548.53,MERCHANT_PAYMENT,NORMAL_WALLET,,,Restaurant/Food,COMPLETED,,Payment to Kacchi Bhai Biryani from Normal Wallet,10339.27,9790.74,,,,,"{""merchant"": ""Kacchi Bhai Biryani"", ""ground_truth_anomaly"": false}",False
TXN-20260623-001682,21,,30,2026-06-23 10:56:06,1369.21,MERCHANT_PAYMENT,PURPOSE_FUND,64,,Shopping,COMPLETED,,Payment to Aarong Lifestyle Retail via Tanzeem's Shopping Fund,332894.12,332894.12,54607.92,53238.71,,,"{""merchant"": ""Aarong Lifestyle Retail"", ""fund"": ""Tanzeem's Shopping Fund"", ""ground_truth_anomaly"": false}",False
TXN-20260623-001683,12,,27,2026-06-23 12:54:41,165.52,MERCHANT_PAYMENT,FAMILY_PASS,,5,Transport,COMPLETED,,FamilyPass spending by Rafid Kabir at Pathao Transportation,78508.50,78342.98,,,1819.88,1654.36,"{""owner_id"": 3, ""member_id"": 12, ""merchant"": ""Pathao Transportation"", ""ground_truth_anomaly"": false}",False
TXN-20260623-001686,7,,25,2026-06-23 14:25:05,579.47,MERCHANT_PAYMENT,NORMAL_WALLET,,,Transport,COMPLETED,,Payment to Shohoz Interdistrict Ride from Normal Wallet,86721.15,86141.68,,,,,"{""merchant"": ""Shohoz Interdistrict Ride"", ""ground_truth_anomaly"": false}",False
TXN-20260623-001684,3,,,2026-06-23 16:28:58,500.00,CASH_OUT,NORMAL_WALLET,,,Cash Out,COMPLETED,,Agent Cash Out Withdrawal,78342.98,77842.98,,,,,"{""agent_code"": ""AGT-7712"", ""ground_truth_anomaly"": false}",False
TXN-20260623-001692,9,,,2026-06-23 18:43:34,2000.00,CASH_OUT,NORMAL_WALLET,,,Cash Out,COMPLETED,,Agent Cash Out Withdrawal,136951.01,134951.01,,,,,"{""agent_code"": ""AGT-7712"", ""ground_truth_anomaly"": false}",False
TXN-20260623-001680,22,,30,2026-06-23 18:45:41,1920.79,MERCHANT_PAYMENT,PURPOSE_FUND,68,,Shopping,COMPLETED,,Payment to Aarong Lifestyle Retail via Nafis's Shopping Fund,237417.68,237417.68,34820.79,32900.00,,,"{""merchant"": ""Aarong Lifestyle Retail"", ""fund"": ""Nafis's Shopping Fund"", ""ground_truth_anomaly"": false}",False
TXN-20260623-001685,7,,4,2026-06-23 18:54:01,1390.77,MERCHANT_PAYMENT,PURPOSE_FUND,25,,Grocery,COMPLETED,,Payment to Meena Bazar via Delwar's Grocery Fund,86721.15,86721.15,35568.17,34177.40,,,"{""merchant"": ""Meena Bazar"", ""fund"": ""Delwar's Grocery Fund"", ""ground_truth_anomaly"": false}",False
TXN-20260623-001693,8,,3,2026-06-23 19:22:11,715.61,MERCHANT_PAYMENT,PURPOSE_FUND,29,,Grocery,COMPLETED,,Payment to Unimart Hypermarket via Saifur's Grocery Fund,135218.83,135218.83,54302.39,53586.78,,,"{""merchant"": ""Unimart Hypermarket"", ""fund"": ""Saifur's Grocery Fund"", ""ground_truth_anomaly"": false}",False
TXN-20260623-001687,5,,18,2026-06-23 19:25:17,617.78,MERCHANT_PAYMENT,PURPOSE_FUND,18,,Electricity,COMPLETED,,Payment to DESCO Prepaid Utility via Kamrul's Electricity Fund,70776.04,70776.04,617.78,0.00,,,"{""merchant"": ""DESCO Prepaid Utility"", ""fund"": ""Kamrul's Electricity Fund"", ""ground_truth_anomaly"": false}",False
TXN-20260623-001689,1,,15,2026-06-23 19:36:22,4071.85,MERCHANT_PAYMENT,PURPOSE_FUND,3,,Education,COMPLETED,,Payment to Sunnydale Academy via Tariq's Education Fund,72818.06,72818.06,23369.65,19297.80,,,"{""merchant"": ""Sunnydale Academy"", ""fund"": ""Tariq's Education Fund"", ""ground_truth_anomaly"": false}",False
TXN-20260623-001690,24,,26,2026-06-23 20:20:06,310.92,MERCHANT_PAYMENT,PURPOSE_FUND,74,,Transport,COMPLETED,,Payment to Uber Bangladesh Mobility via Emon's Transport Fund,94771.14,94771.14,12855.62,12544.70,,,"{""merchant"": ""Uber Bangladesh Mobility"", ""fund"": ""Emon's Transport Fund"", ""ground_truth_anomaly"": false}",False
TXN-20260623-001688,10,,24,2026-06-23 22:32:41,600.21,MERCHANT_PAYMENT,NORMAL_WALLET,,,Restaurant/Food,COMPLETED,,Payment to Takeout Gourmet Burgers from Normal Wallet,10650.83,10050.62,,,,,"{""merchant"": ""Takeout Gourmet Burgers"", ""ground_truth_anomaly"": false}",False
TXN-20260624-001699,6,18,,2026-06-24 09:02:17,500.00,SEND_MONEY,NORMAL_WALLET,,,Transfer,COMPLETED,,Sent money to Rumana Alam,131092.15,130592.15,,,,,"{""recipient_phone"": ""01710000018"", ""ground_truth_anomaly"": false}",False
TXN-20260624-001695,3,,1,2026-06-24 10:30:04,701.75,MERCHANT_PAYMENT,PURPOSE_FUND,9,,Grocery,COMPLETED,,Payment to Agora Super Shop via Farhan's Grocery Fund,77842.98,77842.98,40711.42,40009.67,,,"{""merchant"": ""Agora Super Shop"", ""fund"": ""Farhan's Grocery Fund"", ""ground_truth_anomaly"": false}",True
TXN-20260624-001694,4,10,,2026-06-24 11:12:28,500.00,SEND_MONEY,NORMAL_WALLET,,,Transfer,COMPLETED,,Sent money to Samiul Tariq,106257.30,105757.30,,,,,"{""recipient_phone"": ""01710000010"", ""ground_truth_anomaly"": false}",False
TXN-20260624-001702,9,,8,2026-06-24 12:38:25,698.02,MERCHANT_PAYMENT,PURPOSE_FUND,36,,Medicine,COMPLETED,,Payment to Tamanna Pharmacy via Shahidul's Medicine Fund,134951.01,134951.01,12264.18,11566.16,,,"{""merchant"": ""Tamanna Pharmacy"", ""fund"": ""Shahidul's Medicine Fund"", ""ground_truth_anomaly"": false}",False
TXN-REJ-20260624-003259,10,,22,2026-06-24 14:29:00,936.00,MERCHANT_PAYMENT,FAMILY_PASS,,1,Restaurant/Food,REJECTED,Category Restriction Mismatch: Merchant 'Star Kabab & Restaurant' category 'Restaurant/Food' is not allowed for this FamilyPass.,Attempted FamilyPass spending at Star Kabab & Restaurant,91000.58,91000.58,,,4500.00,4500.00,"{""ground_truth_anomaly"": false, ""policy_violation"": ""FAMILYPASS_CATEGORY_MISMATCH""}",False
TXN-20260624-001704,25,,6,2026-06-24 15:36:21,895.16,MERCHANT_PAYMENT,PURPOSE_FUND,77,,Grocery,COMPLETED,,Payment to Karwan Bazar Wholesale via Arif's Grocery Fund,107989.24,107989.24,21974.09,21078.93,,,"{""merchant"": ""Karwan Bazar Wholesale"", ""fund"": ""Arif's Grocery Fund"", ""ground_truth_anomaly"": false}",False
TXN-20260624-001698,1,,18,2026-06-24 15:39:46,507.04,MERCHANT_PAYMENT,PURPOSE_FUND,2,,Electricity,COMPLETED,,Payment to DESCO Prepaid Utility via Tariq's Electricity Fund,72818.06,72818.06,3029.77,2522.73,,,"{""merchant"": ""DESCO Prepaid Utility"", ""fund"": ""Tariq's Electricity Fund"", ""ground_truth_anomaly"": false}",False
TXN-20260624-001696,3,24,,2026-06-24 16:24:25,1000.00,SEND_MONEY,NORMAL_WALLET,,,Transfer,COMPLETED,,Sent money to Emon Khandaker,77842.98,76842.98,,,,,"{""recipient_phone"": ""01710000024"", ""ground_truth_anomaly"": false}",False
TXN-20260624-001701,15,,27,2026-06-24 17:32:02,193.55,MERCHANT_PAYMENT,FAMILY_PASS,,10,Transport,COMPLETED,,FamilyPass spending by Zubair Ahmed at Pathao Transportation,113139.90,112946.35,,,1389.07,1195.52,"{""owner_id"": 23, ""member_id"": 15, ""merchant"": ""Pathao Transportation"", ""ground_truth_anomaly"": false}",False
TXN-ANOM-20260624-003108,7,,30,2026-06-24 19:14:00,15569.00,MERCHANT_PAYMENT,NORMAL_WALLET,,,Shopping,COMPLETED,,High value purchase at Aarong Lifestyle Retail,158668.11,143099.11,,,,,"{""ground_truth_anomaly"": true, ""anomaly_type"": ""LARGE_AMOUNT""}",True
TXN-20260624-001703,5,,16,2026-06-24 20:45:54,3031.31,MERCHANT_PAYMENT,PURPOSE_FUND,20,,Education,COMPLETED,,Payment to Daffodil University Tuition via Kamrul's Education Fund,70776.04,70776.04,3031.31,0.00,,,"{""merchant"": ""Daffodil University Tuition"", ""fund"": ""Kamrul's Education Fund"", ""ground_truth_anomaly"": false}",False
TXN-20260624-001705,16,,,2026-06-24 22:02:34,300.00,MOBILE_RECHARGE,NORMAL_WALLET,,,Recharge,COMPLETED,,Mobile Recharge to 01710000016,17008.27,16708.27,,,,,"{""operator"": ""Grameenphone"", ""ground_truth_anomaly"": false}",False
TXN-20260624-001700,15,,27,2026-06-24 22:06:07,156.06,MERCHANT_PAYMENT,FAMILY_PASS,,10,Transport,COMPLETED,,FamilyPass spending by Zubair Ahmed at Pathao Transportation,113295.96,113139.90,,,1545.13,1389.07,"{""owner_id"": 23, ""member_id"": 15, ""merchant"": ""Pathao Transportation"", ""ground_truth_anomaly"": false}",False
TXN-20260624-001706,21,,30,2026-06-24 22:36:05,372.79,MERCHANT_PAYMENT,NORMAL_WALLET,,,Shopping,COMPLETED,,Payment to Aarong Lifestyle Retail from Normal Wallet,332894.12,332521.33,,,,,"{""merchant"": ""Aarong Lifestyle Retail"", ""ground_truth_anomaly"": false}",False
TXN-20260624-001697,18,,10,2026-06-24 22:53:25,592.19,MERCHANT_PAYMENT,FAMILY_PASS,,6,Medicine,COMPLETED,,FamilyPass spending by Rumana Alam at Square Hospital Pharmacy,105757.30,105165.11,,,8117.52,7525.33,"{""owner_id"": 4, ""member_id"": 18, ""merchant"": ""Square Hospital Pharmacy"", ""ground_truth_anomaly"": false}",False
TXN-20260625-001708,5,,2,2026-06-25 09:11:42,945.92,MERCHANT_PAYMENT,PURPOSE_FUND,17,,Grocery,COMPLETED,,Payment to Shwapno Superstore via Kamrul's Grocery Fund,70776.04,70776.04,34556.39,33610.47,,,"{""merchant"": ""Shwapno Superstore"", ""fund"": ""Kamrul's Grocery Fund"", ""ground_truth_anomaly"": false}",False
TXN-20260625-001716,6,,,2026-06-25 10:17:10,300.00,MOBILE_RECHARGE,NORMAL_WALLET,,,Recharge,COMPLETED,,Mobile Recharge to 01710000006,130592.15,130292.15,,,,,"{""operator"": ""Grameenphone"", ""ground_truth_anomaly"": false}",False
TXN-20260625-001710,1,9,,2026-06-25 10:19:20,300.00,SEND_MONEY,NORMAL_WALLET,,,Transfer,COMPLETED,,Sent money to Shahidul Islam,72818.06,72518.06,,,,,"{""recipient_phone"": ""01710000009"", ""ground_truth_anomaly"": false}",False
TXN-20260625-001712,16,,5,2026-06-25 11:28:07,504.56,MERCHANT_PAYMENT,PURPOSE_FUND,49,,Grocery,COMPLETED,,Payment to Chaldal Grocery Express via Nasrin's Grocery Fund,16708.27,16708.27,19274.72,18770.16,,,"{""merchant"": ""Chaldal Grocery Express"", ""fund"": ""Nasrin's Grocery Fund"", ""ground_truth_anomaly"": false}",False
TXN-20260625-001714,3,,6,2026-06-25 11:34:18,986.14,MERCHANT_PAYMENT,PURPOSE_FUND,9,,Grocery,COMPLETED,,Payment to Karwan Bazar Wholesale via Farhan's Grocery Fund,76842.98,76842.98,40009.67,39023.53,,,"{""merchant"": ""Karwan Bazar Wholesale"", ""fund"": ""Farhan's Grocery Fund"", ""ground_truth_anomaly"": false}",False
TXN-20260625-001717,8,,3,2026-06-25 11:52:08,600.82,MERCHANT_PAYMENT,PURPOSE_FUND,29,,Grocery,COMPLETED,,Payment to Unimart Hypermarket via Saifur's Grocery Fund,135218.83,135218.83,53586.78,52985.96,,,"{""merchant"": ""Unimart Hypermarket"", ""fund"": ""Saifur's Grocery Fund"", ""ground_truth_anomaly"": false}",False
TXN-ANOM-20260625-003163,14,,12,2026-06-25 14:21:00,15922.00,MERCHANT_PAYMENT,NORMAL_WALLET,,,Treatment,COMPLETED,,Emergency diagnostic package at Evercare Hospital Lab,43360.38,27438.38,,,,,"{""ground_truth_anomaly"": true, ""anomaly_type"": ""UNUSUAL_CATEGORY""}",True
TXN-20260625-001711,17,,3,2026-06-25 15:08:15,719.54,MERCHANT_PAYMENT,FAMILY_PASS,,4,Grocery,COMPLETED,,FamilyPass spending by Farzana Haque at Unimart Hypermarket,126180.80,125461.26,,,5584.81,4865.27,"{""owner_id"": 2, ""member_id"": 17, ""merchant"": ""Unimart Hypermarket"", ""ground_truth_anomaly"": false}",True
TXN-20260625-001709,24,,23,2026-06-25 16:19:35,937.93,MERCHANT_PAYMENT,PURPOSE_FUND,72,,Restaurant/Food,COMPLETED,,Payment to Kacchi Bhai Biryani via Emon's Restaurant/Food Fund,95771.14,95771.14,15227.53,14289.60,,,"{""merchant"": ""Kacchi Bhai Biryani"", ""fund"": ""Emon's Restaurant/Food Fund"", ""ground_truth_anomaly"": false}",False
TXN-20260625-001720,20,,29,2026-06-25 17:05:41,711.84,MERCHANT_PAYMENT,PURPOSE_FUND,58,,Rent,COMPLETED,,Payment to Rangs Living Rent via Asif's Rent Fund,263892.35,263892.35,62706.80,61994.96,,,"{""merchant"": ""Rangs Living Rent"", ""fund"": ""Asif's Rent Fund"", ""ground_truth_anomaly"": false}",False
TXN-20260625-001721,22,23,,2026-06-25 18:59:36,300.00,SEND_MONEY,NORMAL_WALLET,,,Transfer,COMPLETED,,Sent money to Shafiqul Huda,237417.68,237117.68,,,,,"{""recipient_phone"": ""01710000023"", ""ground_truth_anomaly"": false}",False
TXN-20260625-001722,12,,26,2026-06-25 19:03:07,331.54,MERCHANT_PAYMENT,PURPOSE_FUND,42,,Transport,COMPLETED,,Payment to Uber Bangladesh Mobility via Rafid's Transport Fund,11078.27,11078.27,3667.63,3336.09,,,"{""merchant"": ""Uber Bangladesh Mobility"", ""fund"": ""Rafid's Transport Fund"", ""ground_truth_anomaly"": false}",False
TXN-20260625-001718,4,,28,2026-06-25 19:22:04,636.55,MERCHANT_PAYMENT,PURPOSE_FUND,14,,Rent,COMPLETED,,Payment to Eastern Housing Rental via Mahbub's Rent Fund,105165.11,105165.11,43509.02,42872.47,,,"{""merchant"": ""Eastern Housing Rental"", ""fund"": ""Mahbub's Rent Fund"", ""ground_truth_anomaly"": false}",False
TXN-20260625-001715,3,,3,2026-06-25 19:43:42,957.06,MERCHANT_PAYMENT,PURPOSE_FUND,9,,Grocery,COMPLETED,,Payment to Unimart Hypermarket via Farhan's Grocery Fund,76842.98,76842.98,39023.53,38066.47,,,"{""merchant"": ""Unimart Hypermarket"", ""fund"": ""Farhan's Grocery Fund"", ""ground_truth_anomaly"": false}",True
TXN-20260625-001713,18,,,2026-06-25 21:55:47,300.00,MOBILE_RECHARGE,NORMAL_WALLET,,,Recharge,COMPLETED,,Mobile Recharge to 01710000018,30590.28,30290.28,,,,,"{""operator"": ""Grameenphone"", ""ground_truth_anomaly"": false}",False
TXN-20260625-001707,13,,30,2026-06-25 22:50:55,576.67,MERCHANT_PAYMENT,NORMAL_WALLET,,,Shopping,COMPLETED,,Payment to Aarong Lifestyle Retail from Normal Wallet,9790.74,9214.07,,,,,"{""merchant"": ""Aarong Lifestyle Retail"", ""ground_truth_anomaly"": false}",False
TXN-20260625-001719,20,,28,2026-06-25 23:44:21,882.89,MERCHANT_PAYMENT,PURPOSE_FUND,58,,Rent,COMPLETED,,Payment to Eastern Housing Rental via Asif's Rent Fund,263892.35,263892.35,63589.69,62706.80,,,"{""merchant"": ""Eastern Housing Rental"", ""fund"": ""Asif's Rent Fund"", ""ground_truth_anomaly"": false}",False
TXN-20260626-001734,15,,25,2026-06-26 08:17:18,100.00,MERCHANT_PAYMENT,PURPOSE_FUND,48,,Transport,COMPLETED,,Payment to Shohoz Interdistrict Ride via Zubair's Transport Fund,11449.53,11449.53,3245.03,3145.03,,,"{""merchant"": ""Shohoz Interdistrict Ride"", ""fund"": ""Zubair's Transport Fund"", ""ground_truth_anomaly"": false}",False
TXN-20260626-001738,5,,,2026-06-26 09:02:43,50.00,MOBILE_RECHARGE,NORMAL_WALLET,,,Recharge,COMPLETED,,Mobile Recharge to 01710000005,70476.04,70426.04,,,,,"{""operator"": ""Grameenphone"", ""ground_truth_anomaly"": false}",False
TXN-20260626-001731,8,,2,2026-06-26 10:17:30,917.31,MERCHANT_PAYMENT,PURPOSE_FUND,29,,Grocery,COMPLETED,,Payment to Shwapno Superstore via Saifur's Grocery Fund,135218.83,135218.83,52985.96,52068.65,,,"{""merchant"": ""Shwapno Superstore"", ""fund"": ""Saifur's Grocery Fund"", ""ground_truth_anomaly"": false}",True
TXN-ANOM-20260626-003176,25,,11,2026-06-26 13:22:00,14258.00,MERCHANT_PAYMENT,NORMAL_WALLET,,,Treatment,COMPLETED,,Emergency diagnostic package at Square Hospital Diagnostic,197776.01,183518.01,,,,,"{""ground_truth_anomaly"": true, ""anomaly_type"": ""UNUSUAL_CATEGORY""}",True
TXN-20260626-001726,21,,30,2026-06-26 13:59:12,1164.79,MERCHANT_PAYMENT,PURPOSE_FUND,64,,Shopping,COMPLETED,,Payment to Aarong Lifestyle Retail via Tanzeem's Shopping Fund,332521.33,332521.33,53238.71,52073.92,,,"{""merchant"": ""Aarong Lifestyle Retail"", ""fund"": ""Tanzeem's Shopping Fund"", ""ground_truth_anomaly"": false}",True
TXN-20260626-001739,12,,25,2026-06-26 14:13:42,232.27,MERCHANT_PAYMENT,FAMILY_PASS,,5,Transport,COMPLETED,,FamilyPass spending by Rafid Kabir at Shohoz Interdistrict Ride,76842.98,76610.71,,,1654.36,1422.09,"{""owner_id"": 3, ""member_id"": 12, ""merchant"": ""Shohoz Interdistrict Ride"", ""ground_truth_anomaly"": false}",False
TXN-20260626-001741,17,,5,2026-06-26 14:39:01,479.61,MERCHANT_PAYMENT,FAMILY_PASS,,4,Grocery,COMPLETED,,FamilyPass spending by Farzana Haque at Chaldal Grocery Express,125461.26,124981.65,,,4865.27,4385.66,"{""owner_id"": 2, ""member_id"": 17, ""merchant"": ""Chaldal Grocery Express"", ""ground_truth_anomaly"": false}",True
TXN-20260626-001740,12,,27,2026-06-26 16:46:01,313.36,MERCHANT_PAYMENT,PURPOSE_FUND,42,,Transport,COMPLETED,,Payment to Pathao Transportation via Rafid's Transport Fund,11078.27,11078.27,3336.09,3022.73,,,"{""merchant"": ""Pathao Transportation"", ""fund"": ""Rafid's Transport Fund"", ""ground_truth_anomaly"": false}",False
TXN-20260626-001727,6,,18,2026-06-26 16:52:48,130.18,MERCHANT_PAYMENT,PURPOSE_FUND,23,,Electricity,COMPLETED,,Payment to DESCO Prepaid Utility via Zahid's Electricity Fund,130292.15,130292.15,1543.05,1412.87,,,"{""merchant"": ""DESCO Prepaid Utility"", ""fund"": ""Zahid's Electricity Fund"", ""ground_truth_anomaly"": false}",False
TXN-20260626-001724,19,,2,2026-06-26 17:33:32,1079.35,MERCHANT_PAYMENT,PURPOSE_FUND,55,,Grocery,COMPLETED,,Payment to Shwapno Superstore via Sadia's Grocery Fund,30095.49,30095.49,26283.30,25203.95,,,"{""merchant"": ""Shwapno Superstore"", ""fund"": ""Sadia's Grocery Fund"", ""ground_truth_anomaly"": false}",False
TXN-20260626-001723,23,,,2026-06-26 18:05:45,300.00,MOBILE_RECHARGE,NORMAL_WALLET,,,Recharge,COMPLETED,,Mobile Recharge to 01710000023,113246.35,112946.35,,,,,"{""operator"": ""Grameenphone"", ""ground_truth_anomaly"": false}",False
TXN-20260626-001732,2,,28,2026-06-26 18:09:48,1039.72,MERCHANT_PAYMENT,PURPOSE_FUND,6,,Rent,COMPLETED,,Payment to Eastern Housing Rental via Anisul's Rent Fund,125461.26,125461.26,27845.78,26806.06,,,"{""merchant"": ""Eastern Housing Rental"", ""fund"": ""Anisul's Rent Fund"", ""ground_truth_anomaly"": false}",False
TXN-20260626-001729,7,,5,2026-06-26 18:15:43,497.38,MERCHANT_PAYMENT,PURPOSE_FUND,25,,Grocery,COMPLETED,,Payment to Chaldal Grocery Express via Delwar's Grocery Fund,86141.68,86141.68,34177.40,33680.02,,,"{""merchant"": ""Chaldal Grocery Express"", ""fund"": ""Delwar's Grocery Fund"", ""ground_truth_anomaly"": false}",False
TXN-20260626-001730,24,22,,2026-06-26 18:29:22,1000.00,SEND_MONEY,NORMAL_WALLET,,,Transfer,COMPLETED,,Sent money to Nafis Fuad,95771.14,94771.14,,,,,"{""recipient_phone"": ""01710000022"", ""ground_truth_anomaly"": false}",False
TXN-20260626-001737,5,,,2026-06-26 18:42:14,300.00,MOBILE_RECHARGE,NORMAL_WALLET,,,Recharge,COMPLETED,,Mobile Recharge to 01710000005,70776.04,70476.04,,,,,"{""operator"": ""Grameenphone"", ""ground_truth_anomaly"": false}",False
TXN-20260626-001728,1,,,2026-06-26 19:04:00,300.00,MOBILE_RECHARGE,NORMAL_WALLET,,,Recharge,COMPLETED,,Mobile Recharge to 01710000001,72518.06,72218.06,,,,,"{""operator"": ""Grameenphone"", ""ground_truth_anomaly"": false}",False
TXN-20260626-001733,2,,18,2026-06-26 20:20:21,579.37,MERCHANT_PAYMENT,PURPOSE_FUND,7,,Electricity,COMPLETED,,Payment to DESCO Prepaid Utility via Anisul's Electricity Fund,125461.26,125461.26,2308.98,1729.61,,,"{""merchant"": ""DESCO Prepaid Utility"", ""fund"": ""Anisul's Electricity Fund"", ""ground_truth_anomaly"": false}",False
TXN-20260626-001736,10,,14,2026-06-26 20:24:11,643.42,MERCHANT_PAYMENT,FAMILY_PASS,,1,Education,COMPLETED,,FamilyPass spending by Samiul Tariq at Scholastica School,72218.06,71574.64,,,2276.32,1632.90,"{""owner_id"": 1, ""member_id"": 10, ""merchant"": ""Scholastica School"", ""ground_truth_anomaly"": false}",False
TXN-20260626-001735,4,,,2026-06-26 21:39:30,100.00,MOBILE_RECHARGE,NORMAL_WALLET,,,Recharge,COMPLETED,,Mobile Recharge to 01710000004,105165.11,105065.11,,,,,"{""operator"": ""Grameenphone"", ""ground_truth_anomaly"": false}",False
TXN-20260626-001725,19,,1,2026-06-26 22:16:49,448.12,MERCHANT_PAYMENT,FAMILY_PASS,,9,Grocery,COMPLETED,,FamilyPass spending by Sadia Chowdhury at Agora Super Shop,263892.35,263444.23,,,9245.62,8797.50,"{""owner_id"": 20, ""member_id"": 19, ""merchant"": ""Agora Super Shop"", ""ground_truth_anomaly"": false}",False
TXN-20260627-001744,21,,3,2026-06-27 10:03:05,354.41,MERCHANT_PAYMENT,PURPOSE_FUND,61,,Grocery,COMPLETED,,Payment to Unimart Hypermarket via Tanzeem's Grocery Fund,332521.33,332521.33,93000.72,92646.31,,,"{""merchant"": ""Unimart Hypermarket"", ""fund"": ""Tanzeem's Grocery Fund"", ""ground_truth_anomaly"": false}",False
TXN-20260627-001743,21,,3,2026-06-27 10:31:20,648.64,MERCHANT_PAYMENT,PURPOSE_FUND,61,,Grocery,COMPLETED,,Payment to Unimart Hypermarket via Tanzeem's Grocery Fund,332521.33,332521.33,93649.36,93000.72,,,"{""merchant"": ""Unimart Hypermarket"", ""fund"": ""Tanzeem's Grocery Fund"", ""ground_truth_anomaly"": false}",False
TXN-20260627-001754,23,,,2026-06-27 11:30:15,50.00,MOBILE_RECHARGE,NORMAL_WALLET,,,Recharge,COMPLETED,,Mobile Recharge to 01710000023,112946.35,112896.35,,,,,"{""operator"": ""Grameenphone"", ""ground_truth_anomaly"": false}",False
TXN-20260627-001758,24,,27,2026-06-27 12:20:29,287.15,MERCHANT_PAYMENT,PURPOSE_FUND,74,,Transport,COMPLETED,,Payment to Pathao Transportation via Emon's Transport Fund,94771.14,94771.14,12544.70,12257.55,,,"{""merchant"": ""Pathao Transportation"", ""fund"": ""Emon's Transport Fund"", ""ground_truth_anomaly"": false}",False
TXN-20260627-001747,3,,,2026-06-27 14:53:51,50.00,MOBILE_RECHARGE,NORMAL_WALLET,,,Recharge,COMPLETED,,Mobile Recharge to 01710000003,76610.71,76560.71,,,,,"{""operator"": ""Grameenphone"", ""ground_truth_anomaly"": false}",False
TXN-20260627-001753,1,,17,2026-06-27 15:09:45,5242.44,MERCHANT_PAYMENT,PURPOSE_FUND,3,,Education,COMPLETED,,Payment to Mastermind School via Tariq's Education Fund,71574.64,71574.64,19297.80,14055.36,,,"{""merchant"": ""Mastermind School"", ""fund"": ""Tariq's Education Fund"", ""ground_truth_anomaly"": false}",False
TXN-20260627-001746,22,,11,2026-06-27 15:37:39,2727.81,MERCHANT_PAYMENT,PURPOSE_FUND,66,,Treatment,COMPLETED,,Payment to Square Hospital Diagnostic via Nafis's Treatment Fund,238117.68,238117.68,49790.62,47062.81,,,"{""merchant"": ""Square Hospital Diagnostic"", ""fund"": ""Nafis's Treatment Fund"", ""ground_truth_anomaly"": false}",False
TXN-ANOM-20260627-003202,4,,30,2026-06-27 16:43:00,13426.00,MERCHANT_PAYMENT,NORMAL_WALLET,,,Shopping,COMPLETED,,High value purchase at Aarong Lifestyle Retail,197852.00,184426.00,,,,,"{""ground_truth_anomaly"": true, ""anomaly_type"": ""LARGE_AMOUNT""}",True
TXN-20260627-001756,4,17,,2026-06-27 16:52:58,500.00,SEND_MONEY,NORMAL_WALLET,,,Transfer,COMPLETED,,Sent money to Farzana Haque,105065.11,104565.11,,,,,"{""recipient_phone"": ""01710000017"", ""ground_truth_anomaly"": false}",False
TXN-20260627-001755,11,,22,2026-06-27 17:28:51,449.37,MERCHANT_PAYMENT,FAMILY_PASS,,3,Restaurant/Food,COMPLETED,,FamilyPass spending by Tanvir Haque at Star Kabab & Restaurant,124981.65,124532.28,,,456.64,7.27,"{""owner_id"": 2, ""member_id"": 11, ""merchant"": ""Star Kabab & Restaurant"", ""ground_truth_anomaly"": false}",False
TXN-20260627-001752,25,,1,2026-06-27 18:17:26,829.74,MERCHANT_PAYMENT,PURPOSE_FUND,77,,Grocery,COMPLETED,,Payment to Agora Super Shop via Arif's Grocery Fund,107989.24,107989.24,21078.93,20249.19,,,"{""merchant"": ""Agora Super Shop"", ""fund"": ""Arif's Grocery Fund"", ""ground_truth_anomaly"": false}",False
TXN-20260627-001757,24,,30,2026-06-27 18:45:01,1724.09,MERCHANT_PAYMENT,PURPOSE_FUND,73,,Shopping,COMPLETED,,Payment to Aarong Lifestyle Retail via Emon's Shopping Fund,94771.14,94771.14,16337.57,14613.48,,,"{""merchant"": ""Aarong Lifestyle Retail"", ""fund"": ""Emon's Shopping Fund"", ""ground_truth_anomaly"": false}",False
TXN-20260627-001759,17,,,2026-06-27 18:55:06,50.00,MOBILE_RECHARGE,NORMAL_WALLET,,,Recharge,COMPLETED,,Mobile Recharge to 01710000017,21421.80,21371.80,,,,,"{""operator"": ""Grameenphone"", ""ground_truth_anomaly"": false}",False
TXN-20260627-001749,2,,4,2026-06-27 19:16:02,576.81,MERCHANT_PAYMENT,PURPOSE_FUND,5,,Grocery,COMPLETED,,Payment to Meena Bazar via Anisul's Grocery Fund,124981.65,124981.65,54484.55,53907.74,,,"{""merchant"": ""Meena Bazar"", ""fund"": ""Anisul's Grocery Fund"", ""ground_truth_anomaly"": false}",False
TXN-20260627-001742,19,,4,2026-06-27 19:17:57,784.87,MERCHANT_PAYMENT,FAMILY_PASS,,9,Grocery,COMPLETED,,FamilyPass spending by Sadia Chowdhury at Meena Bazar,263444.23,262659.36,,,8797.50,8012.63,"{""owner_id"": 20, ""member_id"": 19, ""merchant"": ""Meena Bazar"", ""ground_truth_anomaly"": false}",False
TXN-REJ-20260627-003264,15,,31,2026-06-27 19:59:00,947.00,MERCHANT_PAYMENT,PURPOSE_FUND,48,,Other,REJECTED,"Category Restriction Mismatch: Merchant 'General Utility & Services' is registered as 'Other', but 'Zubair's Transport Fund' can ONLY be used for 'Transport' payments.",Attempted payment to General Utility & Services via Zubair's Transport Fund,9168.74,9168.74,11886.90,11886.90,,,"{""ground_truth_anomaly"": false, ""policy_violation"": ""CATEGORY_RESTRICTION_ERROR""}",False
TXN-20260627-001745,14,,21,2026-06-27 19:59:08,370.63,MERCHANT_PAYMENT,FAMILY_PASS,,8,Restaurant/Food,COMPLETED,,FamilyPass spending by Sakib Chowdhury at Sultan's Dine Kacchi,262659.36,262288.73,,,2194.93,1824.30,"{""owner_id"": 20, ""member_id"": 14, ""merchant"": ""Sultan's Dine Kacchi"", ""ground_truth_anomaly"": false}",False
TXN-20260627-001751,9,,4,2026-06-27 20:35:49,1004.75,MERCHANT_PAYMENT,PURPOSE_FUND,33,,Grocery,COMPLETED,,Payment to Meena Bazar via Shahidul's Grocery Fund,135251.01,135251.01,51488.61,50483.86,,,"{""merchant"": ""Meena Bazar"", ""fund"": ""Shahidul's Grocery Fund"", ""ground_truth_anomaly"": false}",False
TXN-20260627-001750,10,,27,2026-06-27 21:44:59,132.22,MERCHANT_PAYMENT,PURPOSE_FUND,38,,Transport,COMPLETED,,Payment to Pathao Transportation via Samiul's Transport Fund,10550.62,10550.62,4585.90,4453.68,,,"{""merchant"": ""Pathao Transportation"", ""fund"": ""Samiul's Transport Fund"", ""ground_truth_anomaly"": false}",False
TXN-20260627-001748,3,,3,2026-06-27 23:05:59,831.46,MERCHANT_PAYMENT,PURPOSE_FUND,9,,Grocery,COMPLETED,,Payment to Unimart Hypermarket via Farhan's Grocery Fund,76560.71,76560.71,38066.47,37235.01,,,"{""merchant"": ""Unimart Hypermarket"", ""fund"": ""Farhan's Grocery Fund"", ""ground_truth_anomaly"": false}",False
TXN-20260628-001761,5,,9,2026-06-28 08:25:17,426.63,MERCHANT_PAYMENT,PURPOSE_FUND,19,,Medicine,COMPLETED,,Payment to Green Life Model Pharmacy via Kamrul's Medicine Fund,70426.04,70426.04,15012.38,14585.75,,,"{""merchant"": ""Green Life Model Pharmacy"", ""fund"": ""Kamrul's Medicine Fund"", ""ground_truth_anomaly"": false}",False
TXN-20260628-001769,14,,,2026-06-28 08:52:45,500.00,MOBILE_RECHARGE,NORMAL_WALLET,,,Recharge,COMPLETED,,Mobile Recharge to 01710000014,18398.90,17898.90,,,,,"{""operator"": ""Grameenphone"", ""ground_truth_anomaly"": false}",False
TXN-20260628-001768,14,,24,2026-06-28 09:48:09,235.21,MERCHANT_PAYMENT,FAMILY_PASS,,8,Restaurant/Food,COMPLETED,,FamilyPass spending by Sakib Chowdhury at Takeout Gourmet Burgers,262288.73,262053.52,,,1824.30,1589.09,"{""owner_id"": 20, ""member_id"": 14, ""merchant"": ""Takeout Gourmet Burgers"", ""ground_truth_anomaly"": false}",False
TXN-20260628-001772,18,,3,2026-06-28 10:01:23,1045.70,MERCHANT_PAYMENT,PURPOSE_FUND,53,,Grocery,COMPLETED,,Payment to Unimart Hypermarket via Rumana's Grocery Fund,30290.28,30290.28,24580.61,23534.91,,,"{""merchant"": ""Unimart Hypermarket"", ""fund"": ""Rumana's Grocery Fund"", ""ground_truth_anomaly"": false}",True
TXN-20260628-001760,5,,10,2026-06-28 12:48:34,431.52,MERCHANT_PAYMENT,PURPOSE_FUND,19,,Medicine,COMPLETED,,Payment to Square Hospital Pharmacy via Kamrul's Medicine Fund,70426.04,70426.04,15443.90,15012.38,,,"{""merchant"": ""Square Hospital Pharmacy"", ""fund"": ""Kamrul's Medicine Fund"", ""ground_truth_anomaly"": false}",False
TXN-20260628-001765,20,,30,2026-06-28 13:29:41,2732.43,MERCHANT_PAYMENT,PURPOSE_FUND,59,,Shopping,COMPLETED,,Payment to Aarong Lifestyle Retail via Asif's Shopping Fund,262288.73,262288.73,49395.25,46662.82,,,"{""merchant"": ""Aarong Lifestyle Retail"", ""fund"": ""Asif's Shopping Fund"", ""ground_truth_anomaly"": false}",False
TXN-20260628-001766,3,,30,2026-06-28 14:00:21,531.72,MERCHANT_PAYMENT,NORMAL_WALLET,,,Shopping,COMPLETED,,Payment to Aarong Lifestyle Retail from Normal Wallet,76560.71,76028.99,,,,,"{""merchant"": ""Aarong Lifestyle Retail"", ""ground_truth_anomaly"": false}",False
TXN-20260628-001775,12,,27,2026-06-28 14:06:59,365.51,MERCHANT_PAYMENT,PURPOSE_FUND,42,,Transport,COMPLETED,,Payment to Pathao Transportation via Rafid's Transport Fund,11078.27,11078.27,3022.73,2657.22,,,"{""merchant"": ""Pathao Transportation"", ""fund"": ""Rafid's Transport Fund"", ""ground_truth_anomaly"": false}",False
TXN-20260628-001779,1,9,,2026-06-28 17:23:13,500.00,SEND_MONEY,NORMAL_WALLET,,,Transfer,COMPLETED,,Sent money to Shahidul Islam,71574.64,71074.64,,,,,"{""recipient_phone"": ""01710000009"", ""ground_truth_anomaly"": false}",False
TXN-20260628-001762,24,,23,2026-06-28 17:25:50,441.64,MERCHANT_PAYMENT,NORMAL_WALLET,,,Restaurant/Food,COMPLETED,,Payment to Kacchi Bhai Biryani from Normal Wallet,94771.14,94329.50,,,,,"{""merchant"": ""Kacchi Bhai Biryani"", ""ground_truth_anomaly"": false}",False
TXN-20260628-001778,1,,9,2026-06-28 17:32:08,453.07,MERCHANT_PAYMENT,PURPOSE_FUND,4,,Medicine,COMPLETED,,Payment to Green Life Model Pharmacy via Tariq's Medicine Fund,71574.64,71574.64,13564.11,13111.04,,,"{""merchant"": ""Green Life Model Pharmacy"", ""fund"": ""Tariq's Medicine Fund"", ""ground_truth_anomaly"": false}",False
TXN-20260628-001770,21,,30,2026-06-28 18:27:31,1804.37,MERCHANT_PAYMENT,PURPOSE_FUND,64,,Shopping,COMPLETED,,Payment to Aarong Lifestyle Retail via Tanzeem's Shopping Fund,332521.33,332521.33,52073.92,50269.55,,,"{""merchant"": ""Aarong Lifestyle Retail"", ""fund"": ""Tanzeem's Shopping Fund"", ""ground_truth_anomaly"": false}",False
TXN-20260628-001767,13,,,2026-06-28 18:34:18,2000.00,CASH_OUT,NORMAL_WALLET,,,Cash Out,COMPLETED,,Agent Cash Out Withdrawal,9214.07,7214.07,,,,,"{""agent_code"": ""AGT-7712"", ""ground_truth_anomaly"": false}",False
TXN-20260628-001773,23,,26,2026-06-28 18:35:08,393.21,MERCHANT_PAYMENT,NORMAL_WALLET,,,Transport,COMPLETED,,Payment to Uber Bangladesh Mobility from Normal Wallet,112896.35,112503.14,,,,,"{""merchant"": ""Uber Bangladesh Mobility"", ""ground_truth_anomaly"": false}",False
TXN-REJ-20260628-003297,11,,22,2026-06-28 19:49:00,4940.00,MERCHANT_PAYMENT,FAMILY_PASS,,3,Restaurant/Food,REJECTED,"FamilyPass spending limit exceeded. Remaining allowance: ৳3,500.00, requested: ৳4,940.00",Attempted FamilyPass spending exceeding allowance,206213.36,206213.36,,,3500.00,3500.00,"{""ground_truth_anomaly"": false, ""policy_violation"": ""FAMILYPASS_LIMIT_EXCEEDED""}",False
TXN-20260628-001777,2,,6,2026-06-28 20:17:18,1341.10,MERCHANT_PAYMENT,PURPOSE_FUND,5,,Grocery,COMPLETED,,Payment to Karwan Bazar Wholesale via Anisul's Grocery Fund,124532.28,124532.28,53907.74,52566.64,,,"{""merchant"": ""Karwan Bazar Wholesale"", ""fund"": ""Anisul's Grocery Fund"", ""ground_truth_anomaly"": false}",False
TXN-20260628-001764,16,,6,2026-06-28 20:26:52,466.36,MERCHANT_PAYMENT,PURPOSE_FUND,49,,Grocery,COMPLETED,,Payment to Karwan Bazar Wholesale via Nasrin's Grocery Fund,16708.27,16708.27,18770.16,18303.80,,,"{""merchant"": ""Karwan Bazar Wholesale"", ""fund"": ""Nasrin's Grocery Fund"", ""ground_truth_anomaly"": false}",False
TXN-ANOM-20260628-003253,9,,30,2026-06-28 20:41:00,15896.00,MERCHANT_PAYMENT,NORMAL_WALLET,,,Shopping,COMPLETED,,High value purchase at Aarong Lifestyle Retail,239127.29,223231.29,,,,,"{""ground_truth_anomaly"": true, ""anomaly_type"": ""LARGE_AMOUNT""}",True
TXN-20260628-001771,18,,9,2026-06-28 21:38:22,758.45,MERCHANT_PAYMENT,FAMILY_PASS,,6,Medicine,COMPLETED,,FamilyPass spending by Rumana Alam at Green Life Model Pharmacy,104565.11,103806.66,,,7525.33,6766.88,"{""owner_id"": 4, ""member_id"": 18, ""merchant"": ""Green Life Model Pharmacy"", ""ground_truth_anomaly"": false}",False
TXN-20260628-001776,15,,25,2026-06-28 21:39:04,203.86,MERCHANT_PAYMENT,FAMILY_PASS,,10,Transport,COMPLETED,,FamilyPass spending by Zubair Ahmed at Shohoz Interdistrict Ride,112503.14,112299.28,,,1195.52,991.66,"{""owner_id"": 23, ""member_id"": 15, ""merchant"": ""Shohoz Interdistrict Ride"", ""ground_truth_anomaly"": false}",False
TXN-20260628-001763,24,,,2026-06-28 21:47:15,200.00,MOBILE_RECHARGE,NORMAL_WALLET,,,Recharge,COMPLETED,,Mobile Recharge to 01710000024,94329.50,94129.50,,,,,"{""operator"": ""Grameenphone"", ""ground_truth_anomaly"": false}",False
TXN-20260628-001774,23,,30,2026-06-28 22:27:37,2102.20,MERCHANT_PAYMENT,PURPOSE_FUND,70,,Shopping,COMPLETED,,Payment to Aarong Lifestyle Retail via Shafiqul's Shopping Fund,112503.14,112503.14,17488.30,15386.10,,,"{""merchant"": ""Aarong Lifestyle Retail"", ""fund"": ""Shafiqul's Shopping Fund"", ""ground_truth_anomaly"": false}",False
TXN-20260629-001784,9,,9,2026-06-29 08:23:02,297.99,MERCHANT_PAYMENT,PURPOSE_FUND,36,,Medicine,COMPLETED,,Payment to Green Life Model Pharmacy via Shahidul's Medicine Fund,135751.01,135751.01,11566.16,11268.17,,,"{""merchant"": ""Green Life Model Pharmacy"", ""fund"": ""Shahidul's Medicine Fund"", ""ground_truth_anomaly"": false}",False
TXN-20260629-001789,25,,30,2026-06-29 11:17:56,920.95,MERCHANT_PAYMENT,PURPOSE_FUND,76,,Shopping,COMPLETED,,Payment to Aarong Lifestyle Retail via Arif's Shopping Fund,107989.24,107989.24,22940.84,22019.89,,,"{""merchant"": ""Aarong Lifestyle Retail"", ""fund"": ""Arif's Shopping Fund"", ""ground_truth_anomaly"": false}",True
TXN-20260629-001780,18,,1,2026-06-29 11:36:42,189.65,MERCHANT_PAYMENT,PURPOSE_FUND,53,,Grocery,COMPLETED,,Payment to Agora Super Shop via Rumana's Grocery Fund,30290.28,30290.28,23534.91,23345.26,,,"{""merchant"": ""Agora Super Shop"", ""fund"": ""Rumana's Grocery Fund"", ""ground_truth_anomaly"": false}",False
TXN-20260629-001787,22,,,2026-06-29 12:29:43,500.00,MOBILE_RECHARGE,NORMAL_WALLET,,,Recharge,COMPLETED,,Mobile Recharge to 01710000022,238117.68,237617.68,,,,,"{""operator"": ""Grameenphone"", ""ground_truth_anomaly"": false}",False
TXN-ANOM-20260629-003130,12,,13,2026-06-29 13:14:00,13316.00,MERCHANT_PAYMENT,NORMAL_WALLET,,,Treatment,COMPLETED,,Emergency diagnostic package at Popular Diagnostic Centre,15469.37,2153.37,,,,,"{""ground_truth_anomaly"": true, ""anomaly_type"": ""UNUSUAL_CATEGORY""}",True
TXN-20260629-001792,15,,26,2026-06-29 13:18:30,256.02,MERCHANT_PAYMENT,FAMILY_PASS,,10,Transport,COMPLETED,,FamilyPass spending by Zubair Ahmed at Uber Bangladesh Mobility,112299.28,112043.26,,,991.66,735.64,"{""owner_id"": 23, ""member_id"": 15, ""merchant"": ""Uber Bangladesh Mobility"", ""ground_truth_anomaly"": false}",False
TXN-20260629-001783,4,,,2026-06-29 13:44:20,500.00,MOBILE_RECHARGE,NORMAL_WALLET,,,Recharge,COMPLETED,,Mobile Recharge to 01710000004,103806.66,103306.66,,,,,"{""operator"": ""Grameenphone"", ""ground_truth_anomaly"": false}",False
TXN-20260629-001791,3,,16,2026-06-29 14:44:46,3932.00,MERCHANT_PAYMENT,PURPOSE_FUND,10,,Education,COMPLETED,,Payment to Daffodil University Tuition via Farhan's Education Fund,76028.99,76028.99,6009.35,2077.35,,,"{""merchant"": ""Daffodil University Tuition"", ""fund"": ""Farhan's Education Fund"", ""ground_truth_anomaly"": false}",False
TXN-20260629-001781,10,,26,2026-06-29 15:32:32,363.72,MERCHANT_PAYMENT,PURPOSE_FUND,38,,Transport,COMPLETED,,Payment to Uber Bangladesh Mobility via Samiul's Transport Fund,10550.62,10550.62,4453.68,4089.96,,,"{""merchant"": ""Uber Bangladesh Mobility"", ""fund"": ""Samiul's Transport Fund"", ""ground_truth_anomaly"": false}",False
TXN-20260629-001788,22,,11,2026-06-29 19:25:00,4527.03,MERCHANT_PAYMENT,PURPOSE_FUND,66,,Treatment,COMPLETED,,Payment to Square Hospital Diagnostic via Nafis's Treatment Fund,237617.68,237617.68,47062.81,42535.78,,,"{""merchant"": ""Square Hospital Diagnostic"", ""fund"": ""Nafis's Treatment Fund"", ""ground_truth_anomaly"": false}",False
TXN-20260629-001786,16,,2,2026-06-29 19:25:33,312.02,MERCHANT_PAYMENT,FAMILY_PASS,,2,Grocery,COMPLETED,,FamilyPass spending by Nasrin Rahman at Shwapno Superstore,71074.64,70762.62,,,2442.16,2130.14,"{""owner_id"": 1, ""member_id"": 16, ""merchant"": ""Shwapno Superstore"", ""ground_truth_anomaly"": false}",False
TXN-20260629-001790,1,17,,2026-06-29 20:07:55,500.00,SEND_MONEY,NORMAL_WALLET,,,Transfer,COMPLETED,,Sent money to Farzana Haque,70762.62,70262.62,,,,,"{""recipient_phone"": ""01710000017"", ""ground_truth_anomaly"": false}",False
TXN-20260629-001782,19,,1,2026-06-29 20:52:23,725.61,MERCHANT_PAYMENT,FAMILY_PASS,,9,Grocery,COMPLETED,,FamilyPass spending by Sadia Chowdhury at Agora Super Shop,262053.52,261327.91,,,8012.63,7287.02,"{""owner_id"": 20, ""member_id"": 19, ""merchant"": ""Agora Super Shop"", ""ground_truth_anomaly"": false}",False
TXN-20260629-001785,14,,,2026-06-29 22:08:03,500.00,CASH_OUT,NORMAL_WALLET,,,Cash Out,COMPLETED,,Agent Cash Out Withdrawal,17898.90,17398.90,,,,,"{""agent_code"": ""AGT-7712"", ""ground_truth_anomaly"": false}",False
TXN-20260630-001805,6,,30,2026-06-30 10:20:55,1194.98,MERCHANT_PAYMENT,PURPOSE_FUND,24,,Shopping,COMPLETED,,Payment to Aarong Lifestyle Retail via Zahid's Shopping Fund,130292.15,130292.15,8967.10,7772.12,,,"{""merchant"": ""Aarong Lifestyle Retail"", ""fund"": ""Zahid's Shopping Fund"", ""ground_truth_anomaly"": false}",False
TXN-20260630-001797,19,,1,2026-06-30 10:34:20,957.06,MERCHANT_PAYMENT,FAMILY_PASS,,9,Grocery,COMPLETED,,FamilyPass spending by Sadia Chowdhury at Agora Super Shop,261327.91,260370.85,,,7287.02,6329.96,"{""owner_id"": 20, ""member_id"": 19, ""merchant"": ""Agora Super Shop"", ""ground_truth_anomaly"": false}",False
TXN-20260630-001799,9,,,2026-06-30 10:39:46,200.00,MOBILE_RECHARGE,NORMAL_WALLET,,,Recharge,COMPLETED,,Mobile Recharge to 01710000009,135751.01,135551.01,,,,,"{""operator"": ""Grameenphone"", ""ground_truth_anomaly"": false}",False
TXN-20260630-001793,14,,22,2026-06-30 10:44:08,718.27,MERCHANT_PAYMENT,PURPOSE_FUND,45,,Restaurant/Food,COMPLETED,,Payment to Star Kabab & Restaurant via Sakib's Restaurant/Food Fund,17398.90,17398.90,5586.63,4868.36,,,"{""merchant"": ""Star Kabab & Restaurant"", ""fund"": ""Sakib's Restaurant/Food Fund"", ""ground_truth_anomaly"": false}",False
TXN-20260630-001796,17,,,2026-06-30 12:21:44,50.00,MOBILE_RECHARGE,NORMAL_WALLET,,,Recharge,COMPLETED,,Mobile Recharge to 01710000017,21871.80,21821.80,,,,,"{""operator"": ""Grameenphone"", ""ground_truth_anomaly"": false}",False
TXN-20260630-001809,7,,20,2026-06-30 12:39:11,814.82,MERCHANT_PAYMENT,PURPOSE_FUND,26,,Electricity,COMPLETED,,Payment to Link3 Internet Utilities via Delwar's Electricity Fund,86141.68,86141.68,1946.33,1131.51,,,"{""merchant"": ""Link3 Internet Utilities"", ""fund"": ""Delwar's Electricity Fund"", ""ground_truth_anomaly"": false}",False
TXN-20260630-001803,11,5,,2026-06-30 13:23:42,500.00,SEND_MONEY,NORMAL_WALLET,,,Transfer,COMPLETED,,Sent money to Kamrul Hasan,7371.78,6871.78,,,,,"{""recipient_phone"": ""01710000005"", ""ground_truth_anomaly"": false}",False
TXN-20260630-001801,4,,16,2026-06-30 15:08:29,5022.31,MERCHANT_PAYMENT,PURPOSE_FUND,15,,Education,COMPLETED,,Payment to Daffodil University Tuition via Mahbub's Education Fund,103306.66,103306.66,10006.25,4983.94,,,"{""merchant"": ""Daffodil University Tuition"", ""fund"": ""Mahbub's Education Fund"", ""ground_truth_anomaly"": false}",False
TXN-20260630-001807,18,,3,2026-06-30 15:32:08,667.88,MERCHANT_PAYMENT,PURPOSE_FUND,53,,Grocery,COMPLETED,,Payment to Unimart Hypermarket via Rumana's Grocery Fund,30290.28,30290.28,23345.26,22677.38,,,"{""merchant"": ""Unimart Hypermarket"", ""fund"": ""Rumana's Grocery Fund"", ""ground_truth_anomaly"": false}",True
TXN-ANOM-20260630-003207,13,,13,2026-06-30 16:21:00,9696.00,MERCHANT_PAYMENT,NORMAL_WALLET,,,Treatment,COMPLETED,,Emergency diagnostic package at Popular Diagnostic Centre,15329.53,5633.53,,,,,"{""ground_truth_anomaly"": true, ""anomaly_type"": ""UNUSUAL_CATEGORY""}",True
TXN-20260630-001794,5,,9,2026-06-30 16:26:06,403.81,MERCHANT_PAYMENT,PURPOSE_FUND,19,,Medicine,COMPLETED,,Payment to Green Life Model Pharmacy via Kamrul's Medicine Fund,70426.04,70426.04,14585.75,14181.94,,,"{""merchant"": ""Green Life Model Pharmacy"", ""fund"": ""Kamrul's Medicine Fund"", ""ground_truth_anomaly"": false}",False
TXN-20260630-001800,24,,,2026-06-30 16:50:25,200.00,MOBILE_RECHARGE,NORMAL_WALLET,,,Recharge,COMPLETED,,Mobile Recharge to 01710000024,94129.50,93929.50,,,,,"{""operator"": ""Grameenphone"", ""ground_truth_anomaly"": false}",False
TXN-20260630-001806,20,,11,2026-06-30 18:23:44,4455.02,MERCHANT_PAYMENT,PURPOSE_FUND,60,,Treatment,COMPLETED,,Payment to Square Hospital Diagnostic via Asif's Treatment Fund,259336.27,259336.27,34348.86,29893.84,,,"{""merchant"": ""Square Hospital Diagnostic"", ""fund"": ""Asif's Treatment Fund"", ""ground_truth_anomaly"": false}",False
TXN-20260630-001804,11,,,2026-06-30 18:54:01,300.00,MOBILE_RECHARGE,NORMAL_WALLET,,,Recharge,COMPLETED,,Mobile Recharge to 01710000011,6871.78,6571.78,,,,,"{""operator"": ""Grameenphone"", ""ground_truth_anomaly"": false}",False
TXN-20260630-001795,23,,30,2026-06-30 19:29:06,245.76,MERCHANT_PAYMENT,PURPOSE_FUND,70,,Shopping,COMPLETED,,Payment to Aarong Lifestyle Retail via Shafiqul's Shopping Fund,112043.26,112043.26,15386.10,15140.34,,,"{""merchant"": ""Aarong Lifestyle Retail"", ""fund"": ""Shafiqul's Shopping Fund"", ""ground_truth_anomaly"": false}",True
TXN-20260630-001798,19,,3,2026-06-30 19:31:43,1034.58,MERCHANT_PAYMENT,FAMILY_PASS,,9,Grocery,COMPLETED,,FamilyPass spending by Sadia Chowdhury at Unimart Hypermarket,260370.85,259336.27,,,6329.96,5295.38,"{""owner_id"": 20, ""member_id"": 19, ""merchant"": ""Unimart Hypermarket"", ""ground_truth_anomaly"": false}",False
TXN-20260630-001808,7,,26,2026-06-30 21:07:30,489.80,MERCHANT_PAYMENT,PURPOSE_FUND,28,,Transport,COMPLETED,,Payment to Uber Bangladesh Mobility via Delwar's Transport Fund,86141.68,86141.68,8298.15,7808.35,,,"{""merchant"": ""Uber Bangladesh Mobility"", ""fund"": ""Delwar's Transport Fund"", ""ground_truth_anomaly"": false}",False
TXN-20260630-001802,4,,9,2026-06-30 21:53:54,621.59,MERCHANT_PAYMENT,PURPOSE_FUND,16,,Medicine,COMPLETED,,Payment to Green Life Model Pharmacy via Mahbub's Medicine Fund,103306.66,103306.66,21391.44,20769.85,,,"{""merchant"": ""Green Life Model Pharmacy"", ""fund"": ""Mahbub's Medicine Fund"", ""ground_truth_anomaly"": false}",False
TXN-20260701-001900,23,23,,2026-07-01 09:00:00,64639.07,CASH_IN,NORMAL_WALLET,,,Deposit,COMPLETED,,Monthly Salary / Bank Add Money,112043.26,176682.33,,,,,"{""source"": ""Bank Deposit"", ""ground_truth_anomaly"": false}",False
TXN-20260701-001810,1,1,,2026-07-01 09:02:00,85554.13,CASH_IN,NORMAL_WALLET,,,Deposit,COMPLETED,,Monthly Salary / Bank Add Money,70262.62,155816.75,,,,,"{""source"": ""Bank Deposit"", ""ground_truth_anomaly"": false}",False
TXN-20260701-001835,6,6,,2026-07-01 09:02:00,86823.62,CASH_IN,NORMAL_WALLET,,,Deposit,COMPLETED,,Monthly Salary / Bank Add Money,130292.15,217115.77,,,,,"{""source"": ""Bank Deposit"", ""ground_truth_anomaly"": false}",False
TXN-20260701-001902,23,,,2026-07-01 09:05:00,14000.00,FUND_ALLOCATION,NORMAL_WALLET,70,,Shopping,COMPLETED,,Allocated ৳14000.00 to Shafiqul's Shopping Fund,164682.33,150682.33,15140.34,29140.34,,,"{""fund_name"": ""Shafiqul's Shopping Fund"", ""ground_truth_anomaly"": false}",False
TXN-20260701-001845,8,8,,2026-07-01 09:06:00,105611.73,CASH_IN,NORMAL_WALLET,,,Deposit,COMPLETED,,Monthly Salary / Bank Add Money,135218.83,240830.56,,,,,"{""source"": ""Bank Deposit"", ""ground_truth_anomaly"": false}",False
TXN-20260701-001903,23,,,2026-07-01 09:08:00,6000.00,FUND_ALLOCATION,NORMAL_WALLET,71,,Transport,COMPLETED,,Allocated ৳6000.00 to Shafiqul's Transport Fund,150682.33,144682.33,13951.58,19951.58,,,"{""fund_name"": ""Shafiqul's Transport Fund"", ""ground_truth_anomaly"": false}",False
TXN-20260701-001923,21,,29,2026-07-01 09:11:22,333.46,MERCHANT_PAYMENT,PURPOSE_FUND,62,,Rent,COMPLETED,,Payment to Rangs Living Rent via Tanzeem's Rent Fund,422241.17,422241.17,112710.15,112376.69,,,"{""merchant"": ""Rangs Living Rent"", ""fund"": ""Tanzeem's Rent Fund"", ""ground_truth_anomaly"": false}",False
TXN-20260701-001836,6,,,2026-07-01 09:13:00,18000.00,FUND_ALLOCATION,NORMAL_WALLET,21,,Grocery,COMPLETED,,Allocated ৳18000.00 to Zahid's Grocery Fund,217115.77,199115.77,48361.83,66361.83,,,"{""fund_name"": ""Zahid's Grocery Fund"", ""ground_truth_anomaly"": false}",False
TXN-20260701-001855,10,10,,2026-07-01 09:13:00,12335.20,CASH_IN,NORMAL_WALLET,,,Deposit,COMPLETED,,Monthly Salary / Bank Add Money,10550.62,22885.82,,,,,"{""source"": ""Bank Deposit"", ""ground_truth_anomaly"": false}",False
TXN-20260701-001901,23,,,2026-07-01 09:14:00,12000.00,FUND_ALLOCATION,NORMAL_WALLET,69,,Restaurant/Food,COMPLETED,,Allocated ৳12000.00 to Shafiqul's Restaurant/Food Fund,176682.33,164682.33,27815.20,39815.20,,,"{""fund_name"": ""Shafiqul's Restaurant/Food Fund"", ""ground_truth_anomaly"": false}",False
TXN-20260701-001813,1,,,2026-07-01 09:15:00,12000.00,FUND_ALLOCATION,NORMAL_WALLET,3,,Education,COMPLETED,,Allocated ৳12000.00 to Tariq's Education Fund,133316.75,121316.75,14055.36,26055.36,,,"{""fund_name"": ""Tariq's Education Fund"", ""ground_truth_anomaly"": false}",False
TXN-20260701-001838,6,,,2026-07-01 09:15:00,4500.00,FUND_ALLOCATION,NORMAL_WALLET,23,,Electricity,COMPLETED,,Allocated ৳4500.00 to Zahid's Electricity Fund,175115.77,170615.77,1412.87,5912.87,,,"{""fund_name"": ""Zahid's Electricity Fund"", ""ground_truth_anomaly"": false}",False
TXN-20260701-001847,8,,,2026-07-01 09:16:00,18000.00,FUND_ALLOCATION,NORMAL_WALLET,30,,Education,COMPLETED,,Allocated ৳18000.00 to Saifur's Education Fund,220830.56,202830.56,14009.35,32009.35,,,"{""fund_name"": ""Saifur's Education Fund"", ""ground_truth_anomaly"": false}",False
TXN-20260701-001811,1,,,2026-07-01 09:18:00,18000.00,FUND_ALLOCATION,NORMAL_WALLET,1,,Grocery,COMPLETED,,Allocated ৳18000.00 to Tariq's Grocery Fund,155816.75,137816.75,50434.52,68434.52,,,"{""fund_name"": ""Tariq's Grocery Fund"", ""ground_truth_anomaly"": false}",False
TXN-20260701-001856,10,,,2026-07-01 09:18:00,5000.00,FUND_ALLOCATION,NORMAL_WALLET,37,,Education,COMPLETED,,Allocated ৳5000.00 to Samiul's Education Fund,22885.82,17885.82,0.00,5000.00,,,"{""fund_name"": ""Samiul's Education Fund"", ""ground_truth_anomaly"": false}",False
TXN-20260701-001839,6,,,2026-07-01 09:19:00,6000.00,FUND_ALLOCATION,NORMAL_WALLET,24,,Shopping,COMPLETED,,Allocated ৳6000.00 to Zahid's Shopping Fund,170615.77,164615.77,7772.12,13772.12,,,"{""fund_name"": ""Zahid's Shopping Fund"", ""ground_truth_anomaly"": false}",False
TXN-20260701-001837,6,,,2026-07-01 09:24:00,24000.00,FUND_ALLOCATION,NORMAL_WALLET,22,,Rent,COMPLETED,,Allocated ৳24000.00 to Zahid's Rent Fund,199115.77,175115.77,29552.58,53552.58,,,"{""fund_name"": ""Zahid's Rent Fund"", ""ground_truth_anomaly"": false}",False
TXN-20260701-001846,8,,,2026-07-01 09:24:00,20000.00,FUND_ALLOCATION,NORMAL_WALLET,29,,Grocery,COMPLETED,,Allocated ৳20000.00 to Saifur's Grocery Fund,240830.56,220830.56,52068.65,72068.65,,,"{""fund_name"": ""Saifur's Grocery Fund"", ""ground_truth_anomaly"": false}",False
TXN-20260701-001870,15,15,,2026-07-01 09:24:00,10430.76,CASH_IN,NORMAL_WALLET,,,Deposit,COMPLETED,,Monthly Salary / Bank Add Money,11449.53,21880.29,,,,,"{""source"": ""Bank Deposit"", ""ground_truth_anomaly"": false}",False
TXN-20260701-001812,1,,,2026-07-01 09:25:00,4500.00,FUND_ALLOCATION,NORMAL_WALLET,2,,Electricity,COMPLETED,,Allocated ৳4500.00 to Tariq's Electricity Fund,137816.75,133316.75,2522.73,7022.73,,,"{""fund_name"": ""Tariq's Electricity Fund"", ""ground_truth_anomaly"": false}",False
TXN-20260701-001848,8,,,2026-07-01 09:25:00,5500.00,FUND_ALLOCATION,NORMAL_WALLET,31,,Electricity,COMPLETED,,Allocated ৳5500.00 to Saifur's Electricity Fund,202830.56,197330.56,0.00,5500.00,,,"{""fund_name"": ""Saifur's Electricity Fund"", ""ground_truth_anomaly"": false}",False
TXN-20260701-001814,1,,,2026-07-01 09:26:00,6000.00,FUND_ALLOCATION,NORMAL_WALLET,4,,Medicine,COMPLETED,,Allocated ৳6000.00 to Tariq's Medicine Fund,121316.75,115316.75,13111.04,19111.04,,,"{""fund_name"": ""Tariq's Medicine Fund"", ""ground_truth_anomaly"": false}",False
TXN-20260701-001908,25,25,,2026-07-01 09:27:00,68365.78,CASH_IN,NORMAL_WALLET,,,Deposit,COMPLETED,,Monthly Salary / Bank Add Money,107989.24,176355.02,,,,,"{""source"": ""Bank Deposit"", ""ground_truth_anomaly"": false}",False
TXN-20260701-001872,15,,,2026-07-01 09:29:00,2500.00,FUND_ALLOCATION,NORMAL_WALLET,48,,Transport,COMPLETED,,Allocated ৳2500.00 to Zubair's Transport Fund,17380.29,14880.29,3145.03,5645.03,,,"{""fund_name"": ""Zubair's Transport Fund"", ""ground_truth_anomaly"": false}",False
TXN-20260701-001849,8,,,2026-07-01 09:31:00,10000.00,FUND_ALLOCATION,NORMAL_WALLET,32,,Treatment,COMPLETED,,Allocated ৳10000.00 to Saifur's Treatment Fund,197330.56,187330.56,9938.78,19938.78,,,"{""fund_name"": ""Saifur's Treatment Fund"", ""ground_truth_anomaly"": false}",False
TXN-20260701-001857,10,,,2026-07-01 09:36:00,3000.00,FUND_ALLOCATION,NORMAL_WALLET,38,,Transport,COMPLETED,,Allocated ৳3000.00 to Samiul's Transport Fund,17885.82,14885.82,4089.96,7089.96,,,"{""fund_name"": ""Samiul's Transport Fund"", ""ground_truth_anomaly"": false}",False
TXN-20260701-001890,21,21,,2026-07-01 09:39:00,206719.84,CASH_IN,NORMAL_WALLET,,,Deposit,COMPLETED,,Monthly Salary / Bank Add Money,332521.33,539241.17,,,,,"{""source"": ""Bank Deposit"", ""ground_truth_anomaly"": false}",False
TXN-20260701-001871,15,,,2026-07-01 09:40:00,4500.00,FUND_ALLOCATION,NORMAL_WALLET,47,,Education,COMPLETED,,Allocated ৳4500.00 to Zubair's Education Fund,21880.29,17380.29,0.00,4500.00,,,"{""fund_name"": ""Zubair's Education Fund"", ""ground_truth_anomaly"": false}",False
TXN-20260701-001910,25,,,2026-07-01 09:46:00,15000.00,FUND_ALLOCATION,NORMAL_WALLET,76,,Shopping,COMPLETED,,Allocated ৳15000.00 to Arif's Shopping Fund,163355.02,148355.02,22019.89,37019.89,,,"{""fund_name"": ""Arif's Shopping Fund"", ""ground_truth_anomaly"": false}",False
TXN-20260701-001876,17,17,,2026-07-01 09:48:00,21992.88,CASH_IN,NORMAL_WALLET,,,Deposit,COMPLETED,,Monthly Salary / Bank Add Money,21821.80,43814.68,,,,,"{""source"": ""Bank Deposit"", ""ground_truth_anomaly"": false}",False
TXN-20260701-001911,25,,,2026-07-01 09:48:00,10000.00,FUND_ALLOCATION,NORMAL_WALLET,77,,Grocery,COMPLETED,,Allocated ৳10000.00 to Arif's Grocery Fund,148355.02,138355.02,20249.19,30249.19,,,"{""fund_name"": ""Arif's Grocery Fund"", ""ground_truth_anomaly"": false}",False
TXN-20260701-001909,25,,,2026-07-01 09:49:00,13000.00,FUND_ALLOCATION,NORMAL_WALLET,75,,Restaurant/Food,COMPLETED,,Allocated ৳13000.00 to Arif's Restaurant/Food Fund,176355.02,163355.02,25476.51,38476.51,,,"{""fund_name"": ""Arif's Restaurant/Food Fund"", ""ground_truth_anomaly"": false}",False
TXN-20260701-001894,21,,,2026-07-01 09:53:00,22000.00,FUND_ALLOCATION,NORMAL_WALLET,64,,Shopping,COMPLETED,,Allocated ৳22000.00 to Tanzeem's Shopping Fund,444241.17,422241.17,50269.55,72269.55,,,"{""fund_name"": ""Tanzeem's Shopping Fund"", ""ground_truth_anomaly"": false}",False
TXN-20260701-001904,24,24,,2026-07-01 09:55:00,55000.85,CASH_IN,NORMAL_WALLET,,,Deposit,COMPLETED,,Monthly Salary / Bank Add Money,93929.50,148930.35,,,,,"{""source"": ""Bank Deposit"", ""ground_truth_anomaly"": false}",False
TXN-20260701-001891,21,,,2026-07-01 09:58:00,32000.00,FUND_ALLOCATION,NORMAL_WALLET,61,,Grocery,COMPLETED,,Allocated ৳32000.00 to Tanzeem's Grocery Fund,539241.17,507241.17,92646.31,124646.31,,,"{""fund_name"": ""Tanzeem's Grocery Fund"", ""ground_truth_anomaly"": false}",False
TXN-20260701-001878,17,,,2026-07-01 09:59:00,4500.00,FUND_ALLOCATION,NORMAL_WALLET,52,,Medicine,COMPLETED,,Allocated ৳4500.00 to Farzana's Medicine Fund,34814.68,30314.68,7492.45,11992.45,,,"{""fund_name"": ""Farzana's Medicine Fund"", ""ground_truth_anomaly"": false}",False
TXN-20260701-001893,21,,,2026-07-01 09:59:00,18000.00,FUND_ALLOCATION,NORMAL_WALLET,63,,Restaurant/Food,COMPLETED,,Allocated ৳18000.00 to Tanzeem's Restaurant/Food Fund,462241.17,444241.17,44688.14,62688.14,,,"{""fund_name"": ""Tanzeem's Restaurant/Food Fund"", ""ground_truth_anomaly"": false}",False
TXN-20260701-001892,21,,,2026-07-01 10:01:00,45000.00,FUND_ALLOCATION,NORMAL_WALLET,62,,Rent,COMPLETED,,Allocated ৳45000.00 to Tanzeem's Rent Fund,507241.17,462241.17,67710.15,112710.15,,,"{""fund_name"": ""Tanzeem's Rent Fund"", ""ground_truth_anomaly"": false}",False
TXN-20260701-001905,24,,,2026-07-01 10:03:00,10000.00,FUND_ALLOCATION,NORMAL_WALLET,72,,Restaurant/Food,COMPLETED,,Allocated ৳10000.00 to Emon's Restaurant/Food Fund,148930.35,138930.35,14289.60,24289.60,,,"{""fund_name"": ""Emon's Restaurant/Food Fund"", ""ground_truth_anomaly"": false}",False
TXN-20260701-001906,24,,,2026-07-01 10:04:00,11000.00,FUND_ALLOCATION,NORMAL_WALLET,73,,Shopping,COMPLETED,,Allocated ৳11000.00 to Emon's Shopping Fund,138930.35,127930.35,14613.48,25613.48,,,"{""fund_name"": ""Emon's Shopping Fund"", ""ground_truth_anomaly"": false}",False
TXN-20260701-001820,3,3,,2026-07-01 10:06:00,78078.15,CASH_IN,NORMAL_WALLET,,,Deposit,COMPLETED,,Monthly Salary / Bank Add Money,76028.99,154107.14,,,,,"{""source"": ""Bank Deposit"", ""ground_truth_anomaly"": false}",False
TXN-20260701-001907,24,,,2026-07-01 10:06:00,5000.00,FUND_ALLOCATION,NORMAL_WALLET,74,,Transport,COMPLETED,,Allocated ৳5000.00 to Emon's Transport Fund,127930.35,122930.35,12257.55,17257.55,,,"{""fund_name"": ""Emon's Transport Fund"", ""ground_truth_anomaly"": false}",False
TXN-20260701-001895,22,22,,2026-07-01 10:09:00,163869.36,CASH_IN,NORMAL_WALLET,,,Deposit,COMPLETED,,Monthly Salary / Bank Add Money,237617.68,401487.04,,,,,"{""source"": ""Bank Deposit"", ""ground_truth_anomaly"": false}",False
TXN-20260701-001885,20,20,,2026-07-01 10:10:00,189876.30,CASH_IN,NORMAL_WALLET,,,Deposit,COMPLETED,,Monthly Salary / Bank Add Money,259336.27,449212.57,,,,,"{""source"": ""Bank Deposit"", ""ground_truth_anomaly"": false}",False
TXN-20260701-001877,17,,,2026-07-01 10:11:00,9000.00,FUND_ALLOCATION,NORMAL_WALLET,51,,Grocery,COMPLETED,,Allocated ৳9000.00 to Farzana's Grocery Fund,43814.68,34814.68,20324.76,29324.76,,,"{""fund_name"": ""Farzana's Grocery Fund"", ""ground_truth_anomaly"": false}",False
TXN-20260701-001822,3,,,2026-07-01 10:13:00,14000.00,FUND_ALLOCATION,NORMAL_WALLET,10,,Education,COMPLETED,,Allocated ৳14000.00 to Farhan's Education Fund,138107.14,124107.14,2077.35,16077.35,,,"{""fund_name"": ""Farhan's Education Fund"", ""ground_truth_anomaly"": false}",False
TXN-20260701-001921,19,,2,2026-07-01 10:14:25,506.64,MERCHANT_PAYMENT,PURPOSE_FUND,55,,Grocery,COMPLETED,,Payment to Shwapno Superstore via Sadia's Grocery Fund,41069.15,41069.15,37203.95,36697.31,,,"{""merchant"": ""Shwapno Superstore"", ""fund"": ""Sadia's Grocery Fund"", ""ground_truth_anomaly"": false}",False
TXN-20260701-001824,3,,,2026-07-01 10:17:00,5000.00,FUND_ALLOCATION,NORMAL_WALLET,12,,Transport,COMPLETED,,Allocated ৳5000.00 to Farhan's Transport Fund,120107.14,115107.14,11235.48,16235.48,,,"{""fund_name"": ""Farhan's Transport Fund"", ""ground_truth_anomaly"": false}",False
TXN-20260701-001898,22,,,2026-07-01 10:17:00,22000.00,FUND_ALLOCATION,NORMAL_WALLET,67,,Education,COMPLETED,,Allocated ৳22000.00 to Nafis's Education Fund,356487.04,334487.04,36952.79,58952.79,,,"{""fund_name"": ""Nafis's Education Fund"", ""ground_truth_anomaly"": false}",False
TXN-20260701-001897,22,,,2026-07-01 10:18:00,20000.00,FUND_ALLOCATION,NORMAL_WALLET,66,,Treatment,COMPLETED,,Allocated ৳20000.00 to Nafis's Treatment Fund,376487.04,356487.04,42535.78,62535.78,,,"{""fund_name"": ""Nafis's Treatment Fund"", ""ground_truth_anomaly"": false}",False
TXN-20260701-001927,12,,25,2026-07-01 10:18:16,266.81,MERCHANT_PAYMENT,FAMILY_PASS,,5,Transport,COMPLETED,,FamilyPass spending by Rafid Kabir at Shohoz Interdistrict Ride,114830.15,114563.34,,,3723.01,3456.20,"{""owner_id"": 3, ""member_id"": 12, ""merchant"": ""Shohoz Interdistrict Ride"", ""ground_truth_anomaly"": false}",False
TXN-20260701-001888,20,,,2026-07-01 10:19:00,20000.00,FUND_ALLOCATION,NORMAL_WALLET,59,,Shopping,COMPLETED,,Allocated ৳20000.00 to Asif's Shopping Fund,381212.57,361212.57,46662.82,66662.82,,,"{""fund_name"": ""Asif's Shopping Fund"", ""ground_truth_anomaly"": false}",False
TXN-20260701-001889,20,,,2026-07-01 10:19:00,15000.00,FUND_ALLOCATION,NORMAL_WALLET,60,,Treatment,COMPLETED,,Allocated ৳15000.00 to Asif's Treatment Fund,361212.57,346212.57,29893.84,44893.84,,,"{""fund_name"": ""Asif's Treatment Fund"", ""ground_truth_anomaly"": false}",False
TXN-20260701-001823,3,,,2026-07-01 10:24:00,4000.00,FUND_ALLOCATION,NORMAL_WALLET,11,,Electricity,COMPLETED,,Allocated ৳4000.00 to Farhan's Electricity Fund,124107.14,120107.14,2500.63,6500.63,,,"{""fund_name"": ""Farhan's Electricity Fund"", ""ground_truth_anomaly"": false}",False
TXN-20260701-001821,3,,,2026-07-01 10:32:00,16000.00,FUND_ALLOCATION,NORMAL_WALLET,9,,Grocery,COMPLETED,,Allocated ৳16000.00 to Farhan's Grocery Fund,154107.14,138107.14,37235.01,53235.01,,,"{""fund_name"": ""Farhan's Grocery Fund"", ""ground_truth_anomaly"": false}",False
TXN-20260701-001815,2,2,,2026-07-01 10:33:00,94472.02,CASH_IN,NORMAL_WALLET,,,Deposit,COMPLETED,,Monthly Salary / Bank Add Money,124532.28,219004.30,,,,,"{""source"": ""Bank Deposit"", ""ground_truth_anomaly"": false}",False
TXN-20260701-001899,22,,,2026-07-01 10:34:00,15000.00,FUND_ALLOCATION,NORMAL_WALLET,68,,Shopping,COMPLETED,,Allocated ৳15000.00 to Nafis's Shopping Fund,334487.04,319487.04,32900.00,47900.00,,,"{""fund_name"": ""Nafis's Shopping Fund"", ""ground_truth_anomaly"": false}",False
TXN-20260701-001916,7,,30,2026-07-01 10:34:47,425.46,MERCHANT_PAYMENT,NORMAL_WALLET,,,Shopping,COMPLETED,,Payment to Aarong Lifestyle Retail from Normal Wallet,124911.88,124486.42,,,,,"{""merchant"": ""Aarong Lifestyle Retail"", ""ground_truth_anomaly"": false}",False
TXN-20260701-001886,20,,,2026-07-01 10:35:00,28000.00,FUND_ALLOCATION,NORMAL_WALLET,57,,Grocery,COMPLETED,,Allocated ৳28000.00 to Asif's Grocery Fund,449212.57,421212.57,75798.57,103798.57,,,"{""fund_name"": ""Asif's Grocery Fund"", ""ground_truth_anomaly"": false}",False
TXN-20260701-001896,22,,,2026-07-01 10:37:00,25000.00,FUND_ALLOCATION,NORMAL_WALLET,65,,Grocery,COMPLETED,,Allocated ৳25000.00 to Nafis's Grocery Fund,401487.04,376487.04,69902.83,94902.83,,,"{""fund_name"": ""Nafis's Grocery Fund"", ""ground_truth_anomaly"": false}",False
TXN-20260701-001887,20,,,2026-07-01 10:39:00,40000.00,FUND_ALLOCATION,NORMAL_WALLET,58,,Rent,COMPLETED,,Allocated ৳40000.00 to Asif's Rent Fund,421212.57,381212.57,61994.96,101994.96,,,"{""fund_name"": ""Asif's Rent Fund"", ""ground_truth_anomaly"": false}",False
TXN-20260701-001819,2,,,2026-07-01 10:41:00,5000.00,FUND_ALLOCATION,NORMAL_WALLET,8,,Medicine,COMPLETED,,Allocated ৳5000.00 to Anisul's Medicine Fund,169004.30,164004.30,10744.30,15744.30,,,"{""fund_name"": ""Anisul's Medicine Fund"", ""ground_truth_anomaly"": false}",False
TXN-20260701-001816,2,,,2026-07-01 10:44:00,20000.00,FUND_ALLOCATION,NORMAL_WALLET,5,,Grocery,COMPLETED,,Allocated ৳20000.00 to Anisul's Grocery Fund,219004.30,199004.30,52566.64,72566.64,,,"{""fund_name"": ""Anisul's Grocery Fund"", ""ground_truth_anomaly"": false}",False
TXN-20260701-001879,18,18,,2026-07-01 10:45:00,25063.04,CASH_IN,NORMAL_WALLET,,,Deposit,COMPLETED,,Monthly Salary / Bank Add Money,30290.28,55353.32,,,,,"{""source"": ""Bank Deposit"", ""ground_truth_anomaly"": false}",False
TXN-20260701-001818,2,,,2026-07-01 10:47:00,5000.00,FUND_ALLOCATION,NORMAL_WALLET,7,,Electricity,COMPLETED,,Allocated ৳5000.00 to Anisul's Electricity Fund,174004.30,169004.30,1729.61,6729.61,,,"{""fund_name"": ""Anisul's Electricity Fund"", ""ground_truth_anomaly"": false}",False
TXN-20260701-001861,12,12,,2026-07-01 10:49:00,11137.26,CASH_IN,NORMAL_WALLET,,,Deposit,COMPLETED,,Monthly Salary / Bank Add Money,11078.27,22215.53,,,,,"{""source"": ""Bank Deposit"", ""ground_truth_anomaly"": false}",False
TXN-20260701-001840,7,7,,2026-07-01 10:50:00,66570.20,CASH_IN,NORMAL_WALLET,,,Deposit,COMPLETED,,Monthly Salary / Bank Add Money,86141.68,152711.88,,,,,"{""source"": ""Bank Deposit"", ""ground_truth_anomaly"": false}",False
TXN-20260701-001881,18,,,2026-07-01 10:52:00,5000.00,FUND_ALLOCATION,NORMAL_WALLET,54,,Shopping,COMPLETED,,Allocated ৳5000.00 to Rumana's Shopping Fund,45353.32,40353.32,0.00,5000.00,,,"{""fund_name"": ""Rumana's Shopping Fund"", ""ground_truth_anomaly"": false}",False
TXN-20260701-001817,2,,,2026-07-01 10:54:00,25000.00,FUND_ALLOCATION,NORMAL_WALLET,6,,Rent,COMPLETED,,Allocated ৳25000.00 to Anisul's Rent Fund,199004.30,174004.30,26806.06,51806.06,,,"{""fund_name"": ""Anisul's Rent Fund"", ""ground_truth_anomaly"": false}",False
TXN-20260701-001830,5,5,,2026-07-01 10:54:00,70955.19,CASH_IN,NORMAL_WALLET,,,Deposit,COMPLETED,,Monthly Salary / Bank Add Money,70926.04,141881.23,,,,,"{""source"": ""Bank Deposit"", ""ground_truth_anomaly"": false}",False
TXN-20260701-001842,7,,,2026-07-01 10:58:00,3800.00,FUND_ALLOCATION,NORMAL_WALLET,26,,Electricity,COMPLETED,,Allocated ৳3800.00 to Delwar's Electricity Fund,137711.88,133911.88,1131.51,4931.51,,,"{""fund_name"": ""Delwar's Electricity Fund"", ""ground_truth_anomaly"": false}",False
TXN-20260701-001843,7,,,2026-07-01 10:58:00,5000.00,FUND_ALLOCATION,NORMAL_WALLET,27,,Medicine,COMPLETED,,Allocated ৳5000.00 to Delwar's Medicine Fund,133911.88,128911.88,13316.98,18316.98,,,"{""fund_name"": ""Delwar's Medicine Fund"", ""ground_truth_anomaly"": false}",False
TXN-20260701-001913,22,,14,2026-07-01 10:59:44,4658.40,MERCHANT_PAYMENT,PURPOSE_FUND,67,,Education,COMPLETED,,Payment to Scholastica School via Nafis's Education Fund,319487.04,319487.04,58952.79,54294.39,,,"{""merchant"": ""Scholastica School"", ""fund"": ""Nafis's Education Fund"", ""ground_truth_anomaly"": false}",False
TXN-20260701-001862,12,,,2026-07-01 11:00:00,4500.00,FUND_ALLOCATION,NORMAL_WALLET,41,,Education,COMPLETED,,Allocated ৳4500.00 to Rafid's Education Fund,22215.53,17715.53,0.00,4500.00,,,"{""fund_name"": ""Rafid's Education Fund"", ""ground_truth_anomaly"": false}",False
TXN-20260701-001834,5,,,2026-07-01 11:01:00,10000.00,FUND_ALLOCATION,NORMAL_WALLET,20,,Education,COMPLETED,,Allocated ৳10000.00 to Kamrul's Education Fund,116681.23,106681.23,0.00,10000.00,,,"{""fund_name"": ""Kamrul's Education Fund"", ""ground_truth_anomaly"": false}",False
TXN-20260701-001864,13,13,,2026-07-01 11:01:00,8895.18,CASH_IN,NORMAL_WALLET,,,Deposit,COMPLETED,,Monthly Salary / Bank Add Money,7214.07,16109.25,,,,,"{""source"": ""Bank Deposit"", ""ground_truth_anomaly"": false}",False
TXN-20260701-001832,5,,,2026-07-01 11:03:00,4200.00,FUND_ALLOCATION,NORMAL_WALLET,18,,Electricity,COMPLETED,,Allocated ৳4200.00 to Kamrul's Electricity Fund,126881.23,122681.23,0.00,4200.00,,,"{""fund_name"": ""Kamrul's Electricity Fund"", ""ground_truth_anomaly"": false}",False
TXN-20260701-001831,5,,,2026-07-01 11:06:00,15000.00,FUND_ALLOCATION,NORMAL_WALLET,17,,Grocery,COMPLETED,,Allocated ৳15000.00 to Kamrul's Grocery Fund,141881.23,126881.23,33610.47,48610.47,,,"{""fund_name"": ""Kamrul's Grocery Fund"", ""ground_truth_anomaly"": false}",False
TXN-20260701-001841,7,,,2026-07-01 11:06:00,15000.00,FUND_ALLOCATION,NORMAL_WALLET,25,,Grocery,COMPLETED,,Allocated ৳15000.00 to Delwar's Grocery Fund,152711.88,137711.88,33680.02,48680.02,,,"{""fund_name"": ""Delwar's Grocery Fund"", ""ground_truth_anomaly"": false}",False
TXN-20260701-001863,12,,,2026-07-01 11:06:00,2500.00,FUND_ALLOCATION,NORMAL_WALLET,42,,Transport,COMPLETED,,Allocated ৳2500.00 to Rafid's Transport Fund,17715.53,15215.53,2657.22,5157.22,,,"{""fund_name"": ""Rafid's Transport Fund"", ""ground_truth_anomaly"": false}",False
TXN-20260701-001880,18,,,2026-07-01 11:07:00,10000.00,FUND_ALLOCATION,NORMAL_WALLET,53,,Grocery,COMPLETED,,Allocated ৳10000.00 to Rumana's Grocery Fund,55353.32,45353.32,22677.38,32677.38,,,"{""fund_name"": ""Rumana's Grocery Fund"", ""ground_truth_anomaly"": false}",False
TXN-20260701-001882,19,19,,2026-07-01 11:10:00,27973.66,CASH_IN,NORMAL_WALLET,,,Deposit,COMPLETED,,Monthly Salary / Bank Add Money,30095.49,58069.15,,,,,"{""source"": ""Bank Deposit"", ""ground_truth_anomaly"": false}",False
TXN-20260701-001844,7,,,2026-07-01 11:13:00,4000.00,FUND_ALLOCATION,NORMAL_WALLET,28,,Transport,COMPLETED,,Allocated ৳4000.00 to Delwar's Transport Fund,128911.88,124911.88,7808.35,11808.35,,,"{""fund_name"": ""Delwar's Transport Fund"", ""ground_truth_anomaly"": false}",False
TXN-20260701-001883,19,,,2026-07-01 11:16:00,12000.00,FUND_ALLOCATION,NORMAL_WALLET,55,,Grocery,COMPLETED,,Allocated ৳12000.00 to Sadia's Grocery Fund,58069.15,46069.15,25203.95,37203.95,,,"{""fund_name"": ""Sadia's Grocery Fund"", ""ground_truth_anomaly"": false}",False
TXN-20260701-001833,5,,,2026-07-01 11:19:00,6000.00,FUND_ALLOCATION,NORMAL_WALLET,19,,Medicine,COMPLETED,,Allocated ৳6000.00 to Kamrul's Medicine Fund,122681.23,116681.23,14181.94,20181.94,,,"{""fund_name"": ""Kamrul's Medicine Fund"", ""ground_truth_anomaly"": false}",False
TXN-20260701-001858,11,11,,2026-07-01 11:20:00,9927.54,CASH_IN,NORMAL_WALLET,,,Deposit,COMPLETED,,Monthly Salary / Bank Add Money,6571.78,16499.32,,,,,"{""source"": ""Bank Deposit"", ""ground_truth_anomaly"": false}",False
TXN-20260701-001866,13,,,2026-07-01 11:22:00,2000.00,FUND_ALLOCATION,NORMAL_WALLET,44,,Transport,COMPLETED,,Allocated ৳2000.00 to Nahian's Transport Fund,12109.25,10109.25,86.52,2086.52,,,"{""fund_name"": ""Nahian's Transport Fund"", ""ground_truth_anomaly"": false}",False
TXN-20260701-001867,14,14,,2026-07-01 11:25:00,14171.90,CASH_IN,NORMAL_WALLET,,,Deposit,COMPLETED,,Monthly Salary / Bank Add Money,17398.90,31570.80,,,,,"{""source"": ""Bank Deposit"", ""ground_truth_anomaly"": false}",False
TXN-20260701-001865,13,,,2026-07-01 11:28:00,4000.00,FUND_ALLOCATION,NORMAL_WALLET,43,,Education,COMPLETED,,Allocated ৳4000.00 to Nahian's Education Fund,16109.25,12109.25,0.00,4000.00,,,"{""fund_name"": ""Nahian's Education Fund"", ""ground_truth_anomaly"": false}",False
TXN-20260701-001825,4,4,,2026-07-01 11:33:00,112967.94,CASH_IN,NORMAL_WALLET,,,Deposit,COMPLETED,,Monthly Salary / Bank Add Money,103306.66,216274.60,,,,,"{""source"": ""Bank Deposit"", ""ground_truth_anomaly"": false}",False
TXN-20260701-001884,19,,,2026-07-01 11:36:00,5000.00,FUND_ALLOCATION,NORMAL_WALLET,56,,Medicine,COMPLETED,,Allocated ৳5000.00 to Sadia's Medicine Fund,46069.15,41069.15,10441.13,15441.13,,,"{""fund_name"": ""Sadia's Medicine Fund"", ""ground_truth_anomaly"": false}",False
TXN-20260701-001860,11,,,2026-07-01 11:37:00,3000.00,FUND_ALLOCATION,NORMAL_WALLET,40,,Restaurant/Food,COMPLETED,,Allocated ৳3000.00 to Tanvir's Restaurant/Food Fund,12499.32,9499.32,0.00,3000.00,,,"{""fund_name"": ""Tanvir's Restaurant/Food Fund"", ""ground_truth_anomaly"": false}",False
TXN-20260701-001850,9,9,,2026-07-01 11:42:00,92607.40,CASH_IN,NORMAL_WALLET,,,Deposit,COMPLETED,,Monthly Salary / Bank Add Money,135551.01,228158.41,,,,,"{""source"": ""Bank Deposit"", ""ground_truth_anomaly"": false}",False
TXN-20260701-001829,4,,,2026-07-01 11:43:00,8000.00,FUND_ALLOCATION,NORMAL_WALLET,16,,Medicine,COMPLETED,,Allocated ৳8000.00 to Mahbub's Medicine Fund,148274.60,140274.60,20769.85,28769.85,,,"{""fund_name"": ""Mahbub's Medicine Fund"", ""ground_truth_anomaly"": false}",False
TXN-20260701-001868,14,,,2026-07-01 11:45:00,5000.00,FUND_ALLOCATION,NORMAL_WALLET,45,,Restaurant/Food,COMPLETED,,Allocated ৳5000.00 to Sakib's Restaurant/Food Fund,31570.80,26570.80,4868.36,9868.36,,,"{""fund_name"": ""Sakib's Restaurant/Food Fund"", ""ground_truth_anomaly"": false}",False
TXN-20260701-001826,4,,,2026-07-01 11:46:00,22000.00,FUND_ALLOCATION,NORMAL_WALLET,13,,Grocery,COMPLETED,,Allocated ৳22000.00 to Mahbub's Grocery Fund,216274.60,194274.60,59938.47,81938.47,,,"{""fund_name"": ""Mahbub's Grocery Fund"", ""ground_truth_anomaly"": false}",False
TXN-20260701-001859,11,,,2026-07-01 11:46:00,4000.00,FUND_ALLOCATION,NORMAL_WALLET,39,,Education,COMPLETED,,Allocated ৳4000.00 to Tanvir's Education Fund,16499.32,12499.32,0.00,4000.00,,,"{""fund_name"": ""Tanvir's Education Fund"", ""ground_truth_anomaly"": false}",False
TXN-20260701-001873,16,16,,2026-07-01 11:46:00,19535.43,CASH_IN,NORMAL_WALLET,,,Deposit,COMPLETED,,Monthly Salary / Bank Add Money,16708.27,36243.70,,,,,"{""source"": ""Bank Deposit"", ""ground_truth_anomaly"": false}",False
TXN-20260701-001827,4,,,2026-07-01 11:47:00,30000.00,FUND_ALLOCATION,NORMAL_WALLET,14,,Rent,COMPLETED,,Allocated ৳30000.00 to Mahbub's Rent Fund,194274.60,164274.60,42872.47,72872.47,,,"{""fund_name"": ""Mahbub's Rent Fund"", ""ground_truth_anomaly"": false}",False
TXN-20260701-001869,14,,,2026-07-01 11:52:00,4000.00,FUND_ALLOCATION,NORMAL_WALLET,46,,Shopping,COMPLETED,,Allocated ৳4000.00 to Sakib's Shopping Fund,26570.80,22570.80,0.00,4000.00,,,"{""fund_name"": ""Sakib's Shopping Fund"", ""ground_truth_anomaly"": false}",False
TXN-20260701-001828,4,,,2026-07-01 11:59:00,16000.00,FUND_ALLOCATION,NORMAL_WALLET,15,,Education,COMPLETED,,Allocated ৳16000.00 to Mahbub's Education Fund,164274.60,148274.60,4983.94,20983.94,,,"{""fund_name"": ""Mahbub's Education Fund"", ""ground_truth_anomaly"": false}",False
TXN-20260701-001852,9,,,2026-07-01 11:59:00,22000.00,FUND_ALLOCATION,NORMAL_WALLET,34,,Rent,COMPLETED,,Allocated ৳22000.00 to Shahidul's Rent Fund,209158.41,187158.41,21428.27,43428.27,,,"{""fund_name"": ""Shahidul's Rent Fund"", ""ground_truth_anomaly"": false}",False
TXN-20260701-001851,9,,,2026-07-01 12:01:00,19000.00,FUND_ALLOCATION,NORMAL_WALLET,33,,Grocery,COMPLETED,,Allocated ৳19000.00 to Shahidul's Grocery Fund,228158.41,209158.41,50483.86,69483.86,,,"{""fund_name"": ""Shahidul's Grocery Fund"", ""ground_truth_anomaly"": false}",False
TXN-20260701-001915,23,,30,2026-07-01 12:03:45,1776.61,MERCHANT_PAYMENT,PURPOSE_FUND,70,,Shopping,COMPLETED,,Payment to Aarong Lifestyle Retail via Shafiqul's Shopping Fund,144682.33,144682.33,29140.34,27363.73,,,"{""merchant"": ""Aarong Lifestyle Retail"", ""fund"": ""Shafiqul's Shopping Fund"", ""ground_truth_anomaly"": false}",True
TXN-20260701-001854,9,,,2026-07-01 12:04:00,6000.00,FUND_ALLOCATION,NORMAL_WALLET,36,,Medicine,COMPLETED,,Allocated ৳6000.00 to Shahidul's Medicine Fund,183158.41,177158.41,11268.17,17268.17,,,"{""fund_name"": ""Shahidul's Medicine Fund"", ""ground_truth_anomaly"": false}",False
TXN-20260701-001853,9,,,2026-07-01 12:11:00,4000.00,FUND_ALLOCATION,NORMAL_WALLET,35,,Electricity,COMPLETED,,Allocated ৳4000.00 to Shahidul's Electricity Fund,187158.41,183158.41,0.00,4000.00,,,"{""fund_name"": ""Shahidul's Electricity Fund"", ""ground_truth_anomaly"": false}",False
TXN-20260701-001874,16,,,2026-07-01 12:14:00,8000.00,FUND_ALLOCATION,NORMAL_WALLET,49,,Grocery,COMPLETED,,Allocated ৳8000.00 to Nasrin's Grocery Fund,36243.70,28243.70,18303.80,26303.80,,,"{""fund_name"": ""Nasrin's Grocery Fund"", ""ground_truth_anomaly"": false}",False
TXN-20260701-001875,16,,,2026-07-01 12:16:00,4000.00,FUND_ALLOCATION,NORMAL_WALLET,50,,Medicine,COMPLETED,,Allocated ৳4000.00 to Nasrin's Medicine Fund,28243.70,24243.70,8797.59,12797.59,,,"{""fund_name"": ""Nasrin's Medicine Fund"", ""ground_truth_anomaly"": false}",False
TXN-20260701-001928,2,,8,2026-07-01 12:23:55,604.57,MERCHANT_PAYMENT,PURPOSE_FUND,8,,Medicine,COMPLETED,,Payment to Tamanna Pharmacy via Anisul's Medicine Fund,164004.30,164004.30,15744.30,15139.73,,,"{""merchant"": ""Tamanna Pharmacy"", ""fund"": ""Anisul's Medicine Fund"", ""ground_truth_anomaly"": false}",False
TXN-20260701-001918,24,,22,2026-07-01 14:29:56,1151.00,MERCHANT_PAYMENT,PURPOSE_FUND,72,,Restaurant/Food,COMPLETED,,Payment to Star Kabab & Restaurant via Emon's Restaurant/Food Fund,122930.35,122930.35,24289.60,23138.60,,,"{""merchant"": ""Star Kabab & Restaurant"", ""fund"": ""Emon's Restaurant/Food Fund"", ""ground_truth_anomaly"": false}",False
TXN-20260701-001926,12,,26,2026-07-01 14:32:19,276.99,MERCHANT_PAYMENT,FAMILY_PASS,,5,Transport,COMPLETED,,FamilyPass spending by Rafid Kabir at Uber Bangladesh Mobility,115107.14,114830.15,,,4000.00,3723.01,"{""owner_id"": 3, ""member_id"": 12, ""merchant"": ""Uber Bangladesh Mobility"", ""ground_truth_anomaly"": false}",False
TXN-20260701-001922,5,,17,2026-07-01 15:44:47,4706.39,MERCHANT_PAYMENT,PURPOSE_FUND,20,,Education,COMPLETED,,Payment to Mastermind School via Kamrul's Education Fund,106681.23,106681.23,10000.00,5293.61,,,"{""merchant"": ""Mastermind School"", ""fund"": ""Kamrul's Education Fund"", ""ground_truth_anomaly"": false}",False
TXN-20260701-001925,4,,28,2026-07-01 18:30:55,490.54,MERCHANT_PAYMENT,PURPOSE_FUND,14,,Rent,COMPLETED,,Payment to Eastern Housing Rental via Mahbub's Rent Fund,140274.60,140274.60,72872.47,72381.93,,,"{""merchant"": ""Eastern Housing Rental"", ""fund"": ""Mahbub's Rent Fund"", ""ground_truth_anomaly"": false}",False
TXN-20260701-001920,19,,8,2026-07-01 19:07:53,398.18,MERCHANT_PAYMENT,PURPOSE_FUND,56,,Medicine,COMPLETED,,Payment to Tamanna Pharmacy via Sadia's Medicine Fund,41069.15,41069.15,15441.13,15042.95,,,"{""merchant"": ""Tamanna Pharmacy"", ""fund"": ""Sadia's Medicine Fund"", ""ground_truth_anomaly"": false}",False
TXN-20260701-001912,22,,30,2026-07-01 19:41:09,2387.61,MERCHANT_PAYMENT,PURPOSE_FUND,68,,Shopping,COMPLETED,,Payment to Aarong Lifestyle Retail via Nafis's Shopping Fund,319487.04,319487.04,47900.00,45512.39,,,"{""merchant"": ""Aarong Lifestyle Retail"", ""fund"": ""Nafis's Shopping Fund"", ""ground_truth_anomaly"": false}",False
TXN-20260701-001917,13,,17,2026-07-01 20:01:54,4000.00,MERCHANT_PAYMENT,PURPOSE_FUND,43,,Education,COMPLETED,,Payment to Mastermind School via Nahian's Education Fund,10109.25,10109.25,4000.00,0.00,,,"{""merchant"": ""Mastermind School"", ""fund"": ""Nahian's Education Fund"", ""ground_truth_anomaly"": false}",False
TXN-20260701-001929,8,,6,2026-07-01 20:32:17,542.35,MERCHANT_PAYMENT,PURPOSE_FUND,29,,Grocery,COMPLETED,,Payment to Karwan Bazar Wholesale via Saifur's Grocery Fund,187330.56,187330.56,72068.65,71526.30,,,"{""merchant"": ""Karwan Bazar Wholesale"", ""fund"": ""Saifur's Grocery Fund"", ""ground_truth_anomaly"": false}",False
TXN-20260701-001930,25,,21,2026-07-01 20:57:07,1016.44,MERCHANT_PAYMENT,PURPOSE_FUND,75,,Restaurant/Food,COMPLETED,,Payment to Sultan's Dine Kacchi via Arif's Restaurant/Food Fund,138355.02,138355.02,38476.51,37460.07,,,"{""merchant"": ""Sultan's Dine Kacchi"", ""fund"": ""Arif's Restaurant/Food Fund"", ""ground_truth_anomaly"": false}",False
TXN-20260701-001919,15,,27,2026-07-01 21:00:14,173.98,MERCHANT_PAYMENT,FAMILY_PASS,,10,Transport,COMPLETED,,FamilyPass spending by Zubair Ahmed at Pathao Transportation,144682.33,144508.35,,,3500.00,3326.02,"{""owner_id"": 23, ""member_id"": 15, ""merchant"": ""Pathao Transportation"", ""ground_truth_anomaly"": false}",False
TXN-20260701-001924,21,,30,2026-07-01 21:19:20,1647.12,MERCHANT_PAYMENT,PURPOSE_FUND,64,,Shopping,COMPLETED,,Payment to Aarong Lifestyle Retail via Tanzeem's Shopping Fund,422241.17,422241.17,72269.55,70622.43,,,"{""merchant"": ""Aarong Lifestyle Retail"", ""fund"": ""Tanzeem's Shopping Fund"", ""ground_truth_anomaly"": false}",False
TXN-20260701-001914,23,,24,2026-07-01 21:27:15,1624.23,MERCHANT_PAYMENT,PURPOSE_FUND,69,,Restaurant/Food,COMPLETED,,Payment to Takeout Gourmet Burgers via Shafiqul's Restaurant/Food Fund,144682.33,144682.33,39815.20,38190.97,,,"{""merchant"": ""Takeout Gourmet Burgers"", ""fund"": ""Shafiqul's Restaurant/Food Fund"", ""ground_truth_anomaly"": false}",False
TXN-20260701-001932,3,,3,2026-07-01 21:42:40,960.25,MERCHANT_PAYMENT,PURPOSE_FUND,9,,Grocery,COMPLETED,,Payment to Unimart Hypermarket via Farhan's Grocery Fund,114563.34,114563.34,53235.01,52274.76,,,"{""merchant"": ""Unimart Hypermarket"", ""fund"": ""Farhan's Grocery Fund"", ""ground_truth_anomaly"": false}",False
TXN-20260701-001931,6,9,,2026-07-01 21:58:51,500.00,SEND_MONEY,NORMAL_WALLET,,,Transfer,COMPLETED,,Sent money to Shahidul Islam,164615.77,164115.77,,,,,"{""recipient_phone"": ""01710000009"", ""ground_truth_anomaly"": false}",False
TXN-20260702-001947,17,,,2026-07-02 08:49:32,500.00,MOBILE_RECHARGE,NORMAL_WALLET,,,Recharge,COMPLETED,,Mobile Recharge to 01710000017,30314.68,29814.68,,,,,"{""operator"": ""Grameenphone"", ""ground_truth_anomaly"": false}",False
TXN-20260702-001948,3,,4,2026-07-02 10:13:12,677.14,MERCHANT_PAYMENT,PURPOSE_FUND,9,,Grocery,COMPLETED,,Payment to Meena Bazar via Farhan's Grocery Fund,114563.34,114563.34,52274.76,51597.62,,,"{""merchant"": ""Meena Bazar"", ""fund"": ""Farhan's Grocery Fund"", ""ground_truth_anomaly"": false}",False
TXN-20260702-001946,20,,,2026-07-02 10:32:43,2000.00,CASH_OUT,NORMAL_WALLET,,,Cash Out,COMPLETED,,Agent Cash Out Withdrawal,346212.57,344212.57,,,,,"{""agent_code"": ""AGT-7712"", ""ground_truth_anomaly"": false}",False
TXN-20260702-001942,16,,1,2026-07-02 10:39:29,667.81,MERCHANT_PAYMENT,FAMILY_PASS,,2,Grocery,COMPLETED,,FamilyPass spending by Nasrin Rahman at Agora Super Shop,115316.75,114648.94,,,9000.00,8332.19,"{""owner_id"": 1, ""member_id"": 16, ""merchant"": ""Agora Super Shop"", ""ground_truth_anomaly"": false}",True
TXN-20260702-001952,22,,11,2026-07-02 13:01:25,3295.29,MERCHANT_PAYMENT,PURPOSE_FUND,66,,Treatment,COMPLETED,,Payment to Square Hospital Diagnostic via Nafis's Treatment Fund,319487.04,319487.04,62535.78,59240.49,,,"{""merchant"": ""Square Hospital Diagnostic"", ""fund"": ""Nafis's Treatment Fund"", ""ground_truth_anomaly"": false}",False
TXN-20260702-001934,14,,27,2026-07-02 13:51:01,460.03,MERCHANT_PAYMENT,NORMAL_WALLET,,,Transport,COMPLETED,,Payment to Pathao Transportation from Normal Wallet,22570.80,22110.77,,,,,"{""merchant"": ""Pathao Transportation"", ""ground_truth_anomaly"": false}",False
TXN-20260702-001951,12,,14,2026-07-02 13:57:28,3168.54,MERCHANT_PAYMENT,PURPOSE_FUND,41,,Education,COMPLETED,,Payment to Scholastica School via Rafid's Education Fund,15215.53,15215.53,4500.00,1331.46,,,"{""merchant"": ""Scholastica School"", ""fund"": ""Rafid's Education Fund"", ""ground_truth_anomaly"": false}",False
TXN-20260702-001939,8,,11,2026-07-02 13:59:34,2297.15,MERCHANT_PAYMENT,PURPOSE_FUND,32,,Treatment,COMPLETED,,Payment to Square Hospital Diagnostic via Saifur's Treatment Fund,187330.56,187330.56,19938.78,17641.63,,,"{""merchant"": ""Square Hospital Diagnostic"", ""fund"": ""Saifur's Treatment Fund"", ""ground_truth_anomaly"": false}",False
TXN-20260702-001953,23,,30,2026-07-02 14:31:16,1558.17,MERCHANT_PAYMENT,PURPOSE_FUND,70,,Shopping,COMPLETED,,Payment to Aarong Lifestyle Retail via Shafiqul's Shopping Fund,144508.35,144508.35,27363.73,25805.56,,,"{""merchant"": ""Aarong Lifestyle Retail"", ""fund"": ""Shafiqul's Shopping Fund"", ""ground_truth_anomaly"": false}",True
TXN-20260702-001945,11,,24,2026-07-02 14:44:19,242.26,MERCHANT_PAYMENT,FAMILY_PASS,,3,Restaurant/Food,COMPLETED,,FamilyPass spending by Tanvir Haque at Takeout Gourmet Burgers,162971.92,162729.66,,,2967.62,2725.36,"{""owner_id"": 2, ""member_id"": 11, ""merchant"": ""Takeout Gourmet Burgers"", ""ground_truth_anomaly"": false}",False
TXN-20260702-001955,24,,26,2026-07-02 15:03:43,258.25,MERCHANT_PAYMENT,PURPOSE_FUND,74,,Transport,COMPLETED,,Payment to Uber Bangladesh Mobility via Emon's Transport Fund,122930.35,122930.35,17257.55,16999.30,,,"{""merchant"": ""Uber Bangladesh Mobility"", ""fund"": ""Emon's Transport Fund"", ""ground_truth_anomaly"": false}",False
TXN-20260702-001944,11,,24,2026-07-02 15:20:33,532.38,MERCHANT_PAYMENT,FAMILY_PASS,,3,Restaurant/Food,COMPLETED,,FamilyPass spending by Tanvir Haque at Takeout Gourmet Burgers,163504.30,162971.92,,,3500.00,2967.62,"{""owner_id"": 2, ""member_id"": 11, ""merchant"": ""Takeout Gourmet Burgers"", ""ground_truth_anomaly"": false}",False
TXN-20260702-001937,9,,2,2026-07-02 15:40:58,663.99,MERCHANT_PAYMENT,PURPOSE_FUND,33,,Grocery,COMPLETED,,Payment to Shwapno Superstore via Shahidul's Grocery Fund,177158.41,177158.41,69483.86,68819.87,,,"{""merchant"": ""Shwapno Superstore"", ""fund"": ""Shahidul's Grocery Fund"", ""ground_truth_anomaly"": false}",True
TXN-ANOM-20260702-003197,5,,30,2026-07-02 16:14:00,9572.00,MERCHANT_PAYMENT,NORMAL_WALLET,,,Shopping,COMPLETED,,High value purchase at Aarong Lifestyle Retail,80010.03,70438.03,,,,,"{""ground_truth_anomaly"": true, ""anomaly_type"": ""LARGE_AMOUNT""}",True
TXN-20260702-001935,13,,26,2026-07-02 16:54:05,361.62,MERCHANT_PAYMENT,PURPOSE_FUND,44,,Transport,COMPLETED,,Payment to Uber Bangladesh Mobility via Nahian's Transport Fund,10109.25,10109.25,2086.52,1724.90,,,"{""merchant"": ""Uber Bangladesh Mobility"", ""fund"": ""Nahian's Transport Fund"", ""ground_truth_anomaly"": false}",False
TXN-20260702-001950,10,,14,2026-07-02 17:16:14,4373.96,MERCHANT_PAYMENT,PURPOSE_FUND,37,,Education,COMPLETED,,Payment to Scholastica School via Samiul's Education Fund,14400.73,14400.73,5000.00,626.04,,,"{""merchant"": ""Scholastica School"", ""fund"": ""Samiul's Education Fund"", ""ground_truth_anomaly"": false}",False
TXN-20260702-001936,9,,,2026-07-02 17:18:37,500.00,CASH_OUT,NORMAL_WALLET,,,Cash Out,COMPLETED,,Agent Cash Out Withdrawal,177658.41,177158.41,,,,,"{""agent_code"": ""AGT-7712"", ""ground_truth_anomaly"": false}",False
TXN-20260702-001940,5,,5,2026-07-02 18:17:21,1006.43,MERCHANT_PAYMENT,PURPOSE_FUND,17,,Grocery,COMPLETED,,Payment to Chaldal Grocery Express via Kamrul's Grocery Fund,106681.23,106681.23,48610.47,47604.04,,,"{""merchant"": ""Chaldal Grocery Express"", ""fund"": ""Kamrul's Grocery Fund"", ""ground_truth_anomaly"": false}",False
TXN-20260702-001938,25,19,,2026-07-02 19:14:01,1500.00,SEND_MONEY,NORMAL_WALLET,,,Transfer,COMPLETED,,Sent money to Sadia Chowdhury,138355.02,136855.02,,,,,"{""recipient_phone"": ""01710000019"", ""ground_truth_anomaly"": false}",False
TXN-20260702-001954,23,,24,2026-07-02 19:26:25,466.55,MERCHANT_PAYMENT,NORMAL_WALLET,,,Restaurant/Food,COMPLETED,,Payment to Takeout Gourmet Burgers from Normal Wallet,144508.35,144041.80,,,,,"{""merchant"": ""Takeout Gourmet Burgers"", ""ground_truth_anomaly"": false}",False
TXN-REJ-20260702-003307,16,,5,2026-07-02 19:39:00,10360.00,MERCHANT_PAYMENT,FAMILY_PASS,,2,Grocery,REJECTED,"FamilyPass spending limit exceeded. Remaining allowance: ৳9,000.00, requested: ৳10,360.00",Attempted FamilyPass spending exceeding allowance,91000.58,91000.58,,,9000.00,9000.00,"{""ground_truth_anomaly"": false, ""policy_violation"": ""FAMILYPASS_LIMIT_EXCEEDED""}",False
TXN-20260702-001941,2,,,2026-07-02 20:15:10,500.00,MOBILE_RECHARGE,NORMAL_WALLET,,,Recharge,COMPLETED,,Mobile Recharge to 01710000002,164004.30,163504.30,,,,,"{""operator"": ""Grameenphone"", ""ground_truth_anomaly"": false}",False
TXN-20260702-001949,10,,30,2026-07-02 20:24:18,485.09,MERCHANT_PAYMENT,NORMAL_WALLET,,,Shopping,COMPLETED,,Payment to Aarong Lifestyle Retail from Normal Wallet,14885.82,14400.73,,,,,"{""merchant"": ""Aarong Lifestyle Retail"", ""ground_truth_anomaly"": false}",False
TXN-20260702-001933,4,,,2026-07-02 20:30:56,50.00,MOBILE_RECHARGE,NORMAL_WALLET,,,Recharge,COMPLETED,,Mobile Recharge to 01710000004,140274.60,140224.60,,,,,"{""operator"": ""Grameenphone"", ""ground_truth_anomaly"": false}",False
TXN-20260702-001943,16,,5,2026-07-02 20:56:32,232.34,MERCHANT_PAYMENT,FAMILY_PASS,,2,Grocery,COMPLETED,,FamilyPass spending by Nasrin Rahman at Chaldal Grocery Express,114648.94,114416.60,,,8332.19,8099.85,"{""owner_id"": 1, ""member_id"": 16, ""merchant"": ""Chaldal Grocery Express"", ""ground_truth_anomaly"": false}",True
TXN-20260703-001969,11,,23,2026-07-03 09:54:30,689.85,MERCHANT_PAYMENT,FAMILY_PASS,,3,Restaurant/Food,COMPLETED,,FamilyPass spending by Tanvir Haque at Kacchi Bhai Biryani,162187.85,161498.00,,,2725.36,2035.51,"{""owner_id"": 2, ""member_id"": 11, ""merchant"": ""Kacchi Bhai Biryani"", ""ground_truth_anomaly"": false}",False
TXN-ANOM-20260703-003158,19,,13,2026-07-03 10:14:00,13513.00,MERCHANT_PAYMENT,NORMAL_WALLET,,,Treatment,COMPLETED,,Emergency diagnostic package at Popular Diagnostic Centre,45159.04,31646.04,,,,,"{""ground_truth_anomaly"": true, ""anomaly_type"": ""UNUSUAL_CATEGORY""}",True
TXN-20260703-001975,8,,25,2026-07-03 11:24:00,276.95,MERCHANT_PAYMENT,NORMAL_WALLET,,,Transport,COMPLETED,,Payment to Shohoz Interdistrict Ride from Normal Wallet,187330.56,187053.61,,,,,"{""merchant"": ""Shohoz Interdistrict Ride"", ""ground_truth_anomaly"": false}",False
TXN-20260703-001956,17,,2,2026-07-03 12:34:11,541.81,MERCHANT_PAYMENT,FAMILY_PASS,,4,Grocery,COMPLETED,,FamilyPass spending by Farzana Haque at Shwapno Superstore,162729.66,162187.85,,,10000.00,9458.19,"{""owner_id"": 2, ""member_id"": 17, ""merchant"": ""Shwapno Superstore"", ""ground_truth_anomaly"": false}",False
TXN-20260703-001957,23,,30,2026-07-03 12:44:42,434.11,MERCHANT_PAYMENT,NORMAL_WALLET,,,Shopping,COMPLETED,,Payment to Aarong Lifestyle Retail from Normal Wallet,144041.80,143607.69,,,,,"{""merchant"": ""Aarong Lifestyle Retail"", ""ground_truth_anomaly"": false}",False
TXN-20260703-001967,18,,5,2026-07-03 12:50:23,727.77,MERCHANT_PAYMENT,FAMILY_PASS,,6,Grocery,COMPLETED,,FamilyPass spending by Rumana Alam at Chaldal Grocery Express,140224.60,139496.83,,,12000.00,11272.23,"{""owner_id"": 4, ""member_id"": 18, ""merchant"": ""Chaldal Grocery Express"", ""ground_truth_anomaly"": false}",True
TXN-20260703-001963,19,,4,2026-07-03 14:06:59,525.22,MERCHANT_PAYMENT,FAMILY_PASS,,9,Grocery,COMPLETED,,FamilyPass spending by Sadia Chowdhury at Meena Bazar,343772.17,343246.95,,,15000.00,14474.78,"{""owner_id"": 20, ""member_id"": 19, ""merchant"": ""Meena Bazar"", ""ground_truth_anomaly"": false}",True
TXN-20260703-001970,2,,28,2026-07-03 14:08:59,590.84,MERCHANT_PAYMENT,PURPOSE_FUND,6,,Rent,COMPLETED,,Payment to Eastern Housing Rental via Anisul's Rent Fund,161498.00,161498.00,51806.06,51215.22,,,"{""merchant"": ""Eastern Housing Rental"", ""fund"": ""Anisul's Rent Fund"", ""ground_truth_anomaly"": false}",False
TXN-20260703-001959,20,,30,2026-07-03 14:39:10,883.94,MERCHANT_PAYMENT,PURPOSE_FUND,59,,Shopping,COMPLETED,,Payment to Aarong Lifestyle Retail via Asif's Shopping Fund,344212.57,344212.57,66662.82,65778.88,,,"{""merchant"": ""Aarong Lifestyle Retail"", ""fund"": ""Asif's Shopping Fund"", ""ground_truth_anomaly"": false}",True
TXN-20260703-001966,18,,6,2026-07-03 16:03:17,624.58,MERCHANT_PAYMENT,PURPOSE_FUND,53,,Grocery,COMPLETED,,Payment to Karwan Bazar Wholesale via Rumana's Grocery Fund,40353.32,40353.32,32677.38,32052.80,,,"{""merchant"": ""Karwan Bazar Wholesale"", ""fund"": ""Rumana's Grocery Fund"", ""ground_truth_anomaly"": false}",False
TXN-20260703-001973,15,,27,2026-07-03 17:01:41,236.70,MERCHANT_PAYMENT,FAMILY_PASS,,10,Transport,COMPLETED,,FamilyPass spending by Zubair Ahmed at Pathao Transportation,143507.69,143270.99,,,3326.02,3089.32,"{""owner_id"": 23, ""member_id"": 15, ""merchant"": ""Pathao Transportation"", ""ground_truth_anomaly"": false}",False
TXN-20260703-001972,22,,30,2026-07-03 18:01:08,1867.56,MERCHANT_PAYMENT,PURPOSE_FUND,68,,Shopping,COMPLETED,,Payment to Aarong Lifestyle Retail via Nafis's Shopping Fund,319487.04,319487.04,45512.39,43644.83,,,"{""merchant"": ""Aarong Lifestyle Retail"", ""fund"": ""Nafis's Shopping Fund"", ""ground_truth_anomaly"": false}",False
TXN-20260703-001960,20,,30,2026-07-03 18:18:21,440.40,MERCHANT_PAYMENT,NORMAL_WALLET,,,Shopping,COMPLETED,,Payment to Aarong Lifestyle Retail from Normal Wallet,344212.57,343772.17,,,,,"{""merchant"": ""Aarong Lifestyle Retail"", ""ground_truth_anomaly"": false}",False
TXN-20260703-001961,1,,14,2026-07-03 18:28:07,4550.45,MERCHANT_PAYMENT,PURPOSE_FUND,3,,Education,COMPLETED,,Payment to Scholastica School via Tariq's Education Fund,114416.60,114416.60,26055.36,21504.91,,,"{""merchant"": ""Scholastica School"", ""fund"": ""Tariq's Education Fund"", ""ground_truth_anomaly"": false}",False
TXN-20260703-001971,13,,17,2026-07-03 18:51:57,1360.33,MERCHANT_PAYMENT,FAMILY_PASS,,7,Education,COMPLETED,,FamilyPass spending by Nahian Hasan at Mastermind School,106681.23,105320.90,,,3000.00,1639.67,"{""owner_id"": 5, ""member_id"": 13, ""merchant"": ""Mastermind School"", ""ground_truth_anomaly"": false}",False
TXN-20260703-001964,3,,5,2026-07-03 18:58:04,833.57,MERCHANT_PAYMENT,PURPOSE_FUND,9,,Grocery,COMPLETED,,Payment to Chaldal Grocery Express via Farhan's Grocery Fund,114368.31,114368.31,51597.62,50764.05,,,"{""merchant"": ""Chaldal Grocery Express"", ""fund"": ""Farhan's Grocery Fund"", ""ground_truth_anomaly"": false}",False
TXN-20260703-001968,4,,8,2026-07-03 20:19:16,356.77,MERCHANT_PAYMENT,PURPOSE_FUND,16,,Medicine,COMPLETED,,Payment to Tamanna Pharmacy via Mahbub's Medicine Fund,139496.83,139496.83,28769.85,28413.08,,,"{""merchant"": ""Tamanna Pharmacy"", ""fund"": ""Mahbub's Medicine Fund"", ""ground_truth_anomaly"": false}",False
TXN-20260703-001974,21,,30,2026-07-03 20:41:51,1348.30,MERCHANT_PAYMENT,PURPOSE_FUND,64,,Shopping,COMPLETED,,Payment to Aarong Lifestyle Retail via Tanzeem's Shopping Fund,422241.17,422241.17,70622.43,69274.13,,,"{""merchant"": ""Aarong Lifestyle Retail"", ""fund"": ""Tanzeem's Shopping Fund"", ""ground_truth_anomaly"": false}",False
TXN-20260703-001965,3,,26,2026-07-03 21:41:22,297.40,MERCHANT_PAYMENT,PURPOSE_FUND,12,,Transport,COMPLETED,,Payment to Uber Bangladesh Mobility via Farhan's Transport Fund,114368.31,114368.31,16235.48,15938.08,,,"{""merchant"": ""Uber Bangladesh Mobility"", ""fund"": ""Farhan's Transport Fund"", ""ground_truth_anomaly"": false}",False
TXN-20260703-001962,12,,26,2026-07-03 21:55:54,195.03,MERCHANT_PAYMENT,FAMILY_PASS,,5,Transport,COMPLETED,,FamilyPass spending by Rafid Kabir at Uber Bangladesh Mobility,114563.34,114368.31,,,3456.20,3261.17,"{""owner_id"": 3, ""member_id"": 12, ""merchant"": ""Uber Bangladesh Mobility"", ""ground_truth_anomaly"": false}",False
TXN-20260703-001958,23,,,2026-07-03 21:56:23,100.00,MOBILE_RECHARGE,NORMAL_WALLET,,,Recharge,COMPLETED,,Mobile Recharge to 01710000023,143607.69,143507.69,,,,,"{""operator"": ""Grameenphone"", ""ground_truth_anomaly"": false}",False
TXN-20260704-001995,15,11,,2026-07-04 09:27:10,500.00,SEND_MONEY,NORMAL_WALLET,,,Transfer,COMPLETED,,Sent money to Tanvir Haque,14880.29,14380.29,,,,,"{""recipient_phone"": ""01710000011"", ""ground_truth_anomaly"": false}",False
TXN-20260704-001996,23,,25,2026-07-04 10:04:27,306.56,MERCHANT_PAYMENT,PURPOSE_FUND,71,,Transport,COMPLETED,,Payment to Shohoz Interdistrict Ride via Shafiqul's Transport Fund,144770.99,144770.99,19951.58,19645.02,,,"{""merchant"": ""Shohoz Interdistrict Ride"", ""fund"": ""Shafiqul's Transport Fund"", ""ground_truth_anomaly"": false}",False
TXN-20260704-001982,20,,27,2026-07-04 10:19:26,486.84,MERCHANT_PAYMENT,NORMAL_WALLET,,,Transport,COMPLETED,,Payment to Pathao Transportation from Normal Wallet,343246.95,342760.11,,,,,"{""merchant"": ""Pathao Transportation"", ""ground_truth_anomaly"": false}",False
TXN-20260704-001990,18,,5,2026-07-04 11:01:56,1012.99,MERCHANT_PAYMENT,PURPOSE_FUND,53,,Grocery,COMPLETED,,Payment to Chaldal Grocery Express via Rumana's Grocery Fund,40353.32,40353.32,32052.80,31039.81,,,"{""merchant"": ""Chaldal Grocery Express"", ""fund"": ""Rumana's Grocery Fund"", ""ground_truth_anomaly"": false}",False
TXN-20260704-001992,10,23,,2026-07-04 12:14:47,1500.00,SEND_MONEY,NORMAL_WALLET,,,Transfer,COMPLETED,,Sent money to Shafiqul Huda,14400.73,12900.73,,,,,"{""recipient_phone"": ""01710000023"", ""ground_truth_anomaly"": false}",False
TXN-20260704-001976,21,,4,2026-07-04 13:17:07,260.72,MERCHANT_PAYMENT,PURPOSE_FUND,61,,Grocery,COMPLETED,,Payment to Meena Bazar via Tanzeem's Grocery Fund,422241.17,422241.17,124646.31,124385.59,,,"{""merchant"": ""Meena Bazar"", ""fund"": ""Tanzeem's Grocery Fund"", ""ground_truth_anomaly"": false}",False
TXN-20260704-001984,9,,3,2026-07-04 15:00:19,765.04,MERCHANT_PAYMENT,PURPOSE_FUND,33,,Grocery,COMPLETED,,Payment to Unimart Hypermarket via Shahidul's Grocery Fund,177158.41,177158.41,68819.87,68054.83,,,"{""merchant"": ""Unimart Hypermarket"", ""fund"": ""Shahidul's Grocery Fund"", ""ground_truth_anomaly"": false}",False
TXN-ANOM-20260704-003139,6,,30,2026-07-04 15:03:00,11324.00,MERCHANT_PAYMENT,NORMAL_WALLET,,,Shopping,COMPLETED,,High value purchase at Aarong Lifestyle Retail,270506.37,259182.37,,,,,"{""ground_truth_anomaly"": true, ""anomaly_type"": ""LARGE_AMOUNT""}",True
TXN-20260704-001987,19,,3,2026-07-04 15:26:50,833.14,MERCHANT_PAYMENT,FAMILY_PASS,,9,Grocery,COMPLETED,,FamilyPass spending by Sadia Chowdhury at Unimart Hypermarket,342760.11,341926.97,,,14474.78,13641.64,"{""owner_id"": 20, ""member_id"": 19, ""merchant"": ""Unimart Hypermarket"", ""ground_truth_anomaly"": false}",False
TXN-20260704-001991,16,,,2026-07-04 16:36:53,200.00,MOBILE_RECHARGE,NORMAL_WALLET,,,Recharge,COMPLETED,,Mobile Recharge to 01710000016,24243.70,24043.70,,,,,"{""operator"": ""Grameenphone"", ""ground_truth_anomaly"": false}",False
TXN-20260704-001980,3,13,,2026-07-04 16:59:23,300.00,SEND_MONEY,NORMAL_WALLET,,,Transfer,COMPLETED,,Sent money to Nahian Hasan,114368.31,114068.31,,,,,"{""recipient_phone"": ""01710000013"", ""ground_truth_anomaly"": false}",False
TXN-20260704-001994,24,11,,2026-07-04 17:42:53,1500.00,SEND_MONEY,NORMAL_WALLET,,,Transfer,COMPLETED,,Sent money to Tanvir Haque,122930.35,121430.35,,,,,"{""recipient_phone"": ""01710000011"", ""ground_truth_anomaly"": false}",False
TXN-20260704-001979,11,,21,2026-07-04 18:46:03,976.92,MERCHANT_PAYMENT,PURPOSE_FUND,40,,Restaurant/Food,COMPLETED,,Payment to Sultan's Dine Kacchi via Tanvir's Restaurant/Food Fund,9499.32,9499.32,3000.00,2023.08,,,"{""merchant"": ""Sultan's Dine Kacchi"", ""fund"": ""Tanvir's Restaurant/Food Fund"", ""ground_truth_anomaly"": false}",False
TXN-20260704-001978,5,,10,2026-07-04 18:56:31,157.09,MERCHANT_PAYMENT,PURPOSE_FUND,19,,Medicine,COMPLETED,,Payment to Square Hospital Pharmacy via Kamrul's Medicine Fund,105320.90,105320.90,20181.94,20024.85,,,"{""merchant"": ""Square Hospital Pharmacy"", ""fund"": ""Kamrul's Medicine Fund"", ""ground_truth_anomaly"": false}",False
TXN-20260704-001985,4,,29,2026-07-04 19:18:30,547.76,MERCHANT_PAYMENT,PURPOSE_FUND,14,,Rent,COMPLETED,,Payment to Rangs Living Rent via Mahbub's Rent Fund,139496.83,139496.83,72381.93,71834.17,,,"{""merchant"": ""Rangs Living Rent"", ""fund"": ""Mahbub's Rent Fund"", ""ground_truth_anomaly"": false}",False
TXN-20260704-001981,6,,30,2026-07-04 19:32:06,1875.06,MERCHANT_PAYMENT,PURPOSE_FUND,24,,Shopping,COMPLETED,,Payment to Aarong Lifestyle Retail via Zahid's Shopping Fund,164115.77,164115.77,13772.12,11897.06,,,"{""merchant"": ""Aarong Lifestyle Retail"", ""fund"": ""Zahid's Shopping Fund"", ""ground_truth_anomaly"": false}",True
TXN-20260704-001988,2,,6,2026-07-04 20:08:02,447.61,MERCHANT_PAYMENT,PURPOSE_FUND,5,,Grocery,COMPLETED,,Payment to Karwan Bazar Wholesale via Anisul's Grocery Fund,161498.00,161498.00,72566.64,72119.03,,,"{""merchant"": ""Karwan Bazar Wholesale"", ""fund"": ""Anisul's Grocery Fund"", ""ground_truth_anomaly"": false}",False
TXN-20260704-001986,25,,5,2026-07-04 20:09:10,1051.60,MERCHANT_PAYMENT,PURPOSE_FUND,77,,Grocery,COMPLETED,,Payment to Chaldal Grocery Express via Arif's Grocery Fund,136855.02,136855.02,30249.19,29197.59,,,"{""merchant"": ""Chaldal Grocery Express"", ""fund"": ""Arif's Grocery Fund"", ""ground_truth_anomaly"": false}",False
TXN-20260704-001997,23,,,2026-07-04 20:46:00,1000.00,CASH_OUT,NORMAL_WALLET,,,Cash Out,COMPLETED,,Agent Cash Out Withdrawal,144770.99,143770.99,,,,,"{""agent_code"": ""AGT-7712"", ""ground_truth_anomaly"": false}",False
TXN-20260704-001977,5,,18,2026-07-04 20:55:26,759.72,MERCHANT_PAYMENT,PURPOSE_FUND,18,,Electricity,COMPLETED,,Payment to DESCO Prepaid Utility via Kamrul's Electricity Fund,105320.90,105320.90,4200.00,3440.28,,,"{""merchant"": ""DESCO Prepaid Utility"", ""fund"": ""Kamrul's Electricity Fund"", ""ground_truth_anomaly"": false}",False
TXN-20260704-001989,18,,30,2026-07-04 20:58:26,1949.99,MERCHANT_PAYMENT,PURPOSE_FUND,54,,Shopping,COMPLETED,,Payment to Aarong Lifestyle Retail via Rumana's Shopping Fund,40353.32,40353.32,5000.00,3050.01,,,"{""merchant"": ""Aarong Lifestyle Retail"", ""fund"": ""Rumana's Shopping Fund"", ""ground_truth_anomaly"": false}",True
TXN-20260704-001983,9,,18,2026-07-04 22:23:26,704.23,MERCHANT_PAYMENT,PURPOSE_FUND,35,,Electricity,COMPLETED,,Payment to DESCO Prepaid Utility via Shahidul's Electricity Fund,177158.41,177158.41,4000.00,3295.77,,,"{""merchant"": ""DESCO Prepaid Utility"", ""fund"": ""Shahidul's Electricity Fund"", ""ground_truth_anomaly"": false}",False
TXN-20260704-001993,8,,13,2026-07-04 23:55:10,2260.10,MERCHANT_PAYMENT,PURPOSE_FUND,32,,Treatment,COMPLETED,,Payment to Popular Diagnostic Centre via Saifur's Treatment Fund,187053.61,187053.61,17641.63,15381.53,,,"{""merchant"": ""Popular Diagnostic Centre"", ""fund"": ""Saifur's Treatment Fund"", ""ground_truth_anomaly"": false}",False
TXN-20260705-002000,3,,,2026-07-05 11:21:00,22408.00,BILL_PAYMENT,NORMAL_WALLET,,,Rent,COMPLETED,,Monthly Housing Rental Bill Payment,114068.31,91660.31,,,,,"{""provider"": ""Eastern Housing Rental"", ""bill_type"": ""Housing"", ""account_number"": ""EHR-88219"", ""ground_truth_anomaly"": false}",False
TXN-20260705-002008,21,,29,2026-07-05 11:31:00,28224.00,MERCHANT_PAYMENT,PURPOSE_FUND,62,,Rent,COMPLETED,,Monthly Apartment Rent to Rangs Living Rent,422241.17,422241.17,112376.69,84152.69,,,"{""merchant"": ""Rangs Living Rent"", ""ground_truth_anomaly"": false}",False
TXN-20260705-002018,7,,10,2026-07-05 11:41:53,701.87,MERCHANT_PAYMENT,PURPOSE_FUND,27,,Medicine,COMPLETED,,Payment to Square Hospital Pharmacy via Delwar's Medicine Fund,101537.42,101537.42,18316.98,17615.11,,,"{""merchant"": ""Square Hospital Pharmacy"", ""fund"": ""Delwar's Medicine Fund"", ""ground_truth_anomaly"": false}",False
TXN-20260705-002009,22,,,2026-07-05 11:50:00,24972.00,BILL_PAYMENT,NORMAL_WALLET,,,Rent,COMPLETED,,Monthly Housing Rental Bill Payment,319487.04,294515.04,,,,,"{""provider"": ""Eastern Housing Rental"", ""bill_type"": ""Housing"", ""account_number"": ""EHR-88219"", ""ground_truth_anomaly"": false}",False
TXN-20260705-002001,4,,28,2026-07-05 11:58:00,18810.00,MERCHANT_PAYMENT,PURPOSE_FUND,14,,Rent,COMPLETED,,Monthly Apartment Rent to Eastern Housing Rental,139496.83,139496.83,71834.17,53024.17,,,"{""merchant"": ""Eastern Housing Rental"", ""ground_truth_anomaly"": false}",False
TXN-20260705-002006,9,,28,2026-07-05 12:21:00,24748.00,MERCHANT_PAYMENT,PURPOSE_FUND,34,,Rent,COMPLETED,,Monthly Apartment Rent to Eastern Housing Rental,177158.41,177158.41,43428.27,18680.27,,,"{""merchant"": ""Eastern Housing Rental"", ""ground_truth_anomaly"": false}",False
TXN-20260705-002003,6,,28,2026-07-05 12:57:00,22095.00,MERCHANT_PAYMENT,PURPOSE_FUND,22,,Rent,COMPLETED,,Monthly Apartment Rent to Eastern Housing Rental,164115.77,164115.77,53552.58,31457.58,,,"{""merchant"": ""Eastern Housing Rental"", ""ground_truth_anomaly"": false}",False
TXN-20260705-002005,8,,,2026-07-05 13:13:00,24254.00,BILL_PAYMENT,NORMAL_WALLET,,,Rent,COMPLETED,,Monthly Housing Rental Bill Payment,187053.61,162799.61,,,,,"{""provider"": ""Eastern Housing Rental"", ""bill_type"": ""Housing"", ""account_number"": ""EHR-88219"", ""ground_truth_anomaly"": false}",False
TXN-20260705-002023,17,25,,2026-07-05 13:24:00,300.00,SEND_MONEY,NORMAL_WALLET,,,Transfer,COMPLETED,,Sent money to Arif Shariar,29814.68,29514.68,,,,,"{""recipient_phone"": ""01710000025"", ""ground_truth_anomaly"": false}",False
TXN-20260705-001998,1,,,2026-07-05 13:44:00,18612.00,BILL_PAYMENT,NORMAL_WALLET,,,Rent,COMPLETED,,Monthly Housing Rental Bill Payment,114416.60,95804.60,,,,,"{""provider"": ""Eastern Housing Rental"", ""bill_type"": ""Housing"", ""account_number"": ""EHR-88219"", ""ground_truth_anomaly"": false}",False
TXN-20260705-002004,7,,,2026-07-05 14:03:00,22949.00,BILL_PAYMENT,NORMAL_WALLET,,,Rent,COMPLETED,,Monthly Housing Rental Bill Payment,124486.42,101537.42,,,,,"{""provider"": ""Eastern Housing Rental"", ""bill_type"": ""Housing"", ""account_number"": ""EHR-88219"", ""ground_truth_anomaly"": false}",False
TXN-20260705-002016,24,,24,2026-07-05 14:16:06,639.85,MERCHANT_PAYMENT,PURPOSE_FUND,72,,Restaurant/Food,COMPLETED,,Payment to Takeout Gourmet Burgers via Emon's Restaurant/Food Fund,121430.35,121430.35,23138.60,22498.75,,,"{""merchant"": ""Takeout Gourmet Burgers"", ""fund"": ""Emon's Restaurant/Food Fund"", ""ground_truth_anomaly"": false}",False
TXN-20260705-001999,2,,29,2026-07-05 14:32:00,18959.00,MERCHANT_PAYMENT,PURPOSE_FUND,6,,Rent,COMPLETED,,Monthly Apartment Rent to Rangs Living Rent,161498.00,161498.00,51215.22,32256.22,,,"{""merchant"": ""Rangs Living Rent"", ""ground_truth_anomaly"": false}",False
TXN-20260705-002017,24,,26,2026-07-05 15:30:32,348.29,MERCHANT_PAYMENT,PURPOSE_FUND,74,,Transport,COMPLETED,,Payment to Uber Bangladesh Mobility via Emon's Transport Fund,121430.35,121430.35,16999.30,16651.01,,,"{""merchant"": ""Uber Bangladesh Mobility"", ""fund"": ""Emon's Transport Fund"", ""ground_truth_anomaly"": false}",False
TXN-20260705-002007,20,,29,2026-07-05 16:17:00,22967.00,MERCHANT_PAYMENT,PURPOSE_FUND,58,,Rent,COMPLETED,,Monthly Apartment Rent to Rangs Living Rent,341926.97,341926.97,101994.96,79027.96,,,"{""merchant"": ""Rangs Living Rent"", ""ground_truth_anomaly"": false}",False
TXN-20260705-002002,5,,,2026-07-05 16:35:00,19124.00,BILL_PAYMENT,NORMAL_WALLET,,,Rent,COMPLETED,,Monthly Housing Rental Bill Payment,105320.90,86196.90,,,,,"{""provider"": ""Eastern Housing Rental"", ""bill_type"": ""Housing"", ""account_number"": ""EHR-88219"", ""ground_truth_anomaly"": false}",False
TXN-ANOM-20260705-003232,20,,30,2026-07-05 16:49:00,13082.00,MERCHANT_PAYMENT,NORMAL_WALLET,,,Shopping,COMPLETED,,High value purchase at Aarong Lifestyle Retail,494777.88,481695.88,,,,,"{""ground_truth_anomaly"": true, ""anomaly_type"": ""LARGE_AMOUNT""}",True
TXN-20260705-002015,2,,18,2026-07-05 17:43:04,522.62,MERCHANT_PAYMENT,PURPOSE_FUND,7,,Electricity,COMPLETED,,Payment to DESCO Prepaid Utility via Anisul's Electricity Fund,161498.00,161498.00,6729.61,6206.99,,,"{""merchant"": ""DESCO Prepaid Utility"", ""fund"": ""Anisul's Electricity Fund"", ""ground_truth_anomaly"": false}",False
TXN-20260705-002021,5,,9,2026-07-05 18:20:37,446.38,MERCHANT_PAYMENT,PURPOSE_FUND,19,,Medicine,COMPLETED,,Payment to Green Life Model Pharmacy via Kamrul's Medicine Fund,86696.90,86696.90,20024.85,19578.47,,,"{""merchant"": ""Green Life Model Pharmacy"", ""fund"": ""Kamrul's Medicine Fund"", ""ground_truth_anomaly"": false}",False
TXN-20260705-002022,21,,,2026-07-05 18:24:19,50.00,MOBILE_RECHARGE,NORMAL_WALLET,,,Recharge,COMPLETED,,Mobile Recharge to 01710000021,422241.17,422191.17,,,,,"{""operator"": ""Grameenphone"", ""ground_truth_anomaly"": false}",False
TXN-20260705-002019,6,,18,2026-07-05 18:56:08,463.46,MERCHANT_PAYMENT,PURPOSE_FUND,23,,Electricity,COMPLETED,,Payment to DESCO Prepaid Utility via Zahid's Electricity Fund,164115.77,164115.77,5912.87,5449.41,,,"{""merchant"": ""DESCO Prepaid Utility"", ""fund"": ""Zahid's Electricity Fund"", ""ground_truth_anomaly"": false}",False
TXN-20260705-002012,14,,30,2026-07-05 19:30:02,478.69,MERCHANT_PAYMENT,NORMAL_WALLET,,,Shopping,COMPLETED,,Payment to Aarong Lifestyle Retail from Normal Wallet,22110.77,21632.08,,,,,"{""merchant"": ""Aarong Lifestyle Retail"", ""ground_truth_anomaly"": false}",False
TXN-20260705-002024,11,,22,2026-07-05 19:40:52,327.22,MERCHANT_PAYMENT,FAMILY_PASS,,3,Restaurant/Food,COMPLETED,,FamilyPass spending by Tanvir Haque at Star Kabab & Restaurant,161498.00,161170.78,,,2035.51,1708.29,"{""owner_id"": 2, ""member_id"": 11, ""merchant"": ""Star Kabab & Restaurant"", ""ground_truth_anomaly"": false}",True
TXN-20260705-002011,9,,,2026-07-05 19:59:42,100.00,MOBILE_RECHARGE,NORMAL_WALLET,,,Recharge,COMPLETED,,Mobile Recharge to 01710000009,177158.41,177058.41,,,,,"{""operator"": ""Grameenphone"", ""ground_truth_anomaly"": false}",False
TXN-20260705-002020,19,,1,2026-07-05 21:51:34,581.05,MERCHANT_PAYMENT,FAMILY_PASS,,9,Grocery,COMPLETED,,FamilyPass spending by Sadia Chowdhury at Agora Super Shop,341926.97,341345.92,,,13641.64,13060.59,"{""owner_id"": 20, ""member_id"": 19, ""merchant"": ""Agora Super Shop"", ""ground_truth_anomaly"": false}",True
TXN-20260705-002010,8,,16,2026-07-05 22:05:20,4636.12,MERCHANT_PAYMENT,PURPOSE_FUND,30,,Education,COMPLETED,,Payment to Daffodil University Tuition via Saifur's Education Fund,162799.61,162799.61,32009.35,27373.23,,,"{""merchant"": ""Daffodil University Tuition"", ""fund"": ""Saifur's Education Fund"", ""ground_truth_anomaly"": false}",False
TXN-20260705-002014,18,,5,2026-07-05 22:46:25,1007.27,MERCHANT_PAYMENT,PURPOSE_FUND,53,,Grocery,COMPLETED,,Payment to Chaldal Grocery Express via Rumana's Grocery Fund,40353.32,40353.32,31039.81,30032.54,,,"{""merchant"": ""Chaldal Grocery Express"", ""fund"": ""Rumana's Grocery Fund"", ""ground_truth_anomaly"": false}",False
TXN-20260705-002013,3,5,,2026-07-05 23:27:24,500.00,SEND_MONEY,NORMAL_WALLET,,,Transfer,COMPLETED,,Sent money to Kamrul Hasan,91660.31,91160.31,,,,,"{""recipient_phone"": ""01710000005"", ""ground_truth_anomaly"": false}",False
TXN-20260706-002042,1,,18,2026-07-06 09:00:18,628.22,MERCHANT_PAYMENT,PURPOSE_FUND,2,,Electricity,COMPLETED,,Payment to DESCO Prepaid Utility via Tariq's Electricity Fund,95804.60,95804.60,7022.73,6394.51,,,"{""merchant"": ""DESCO Prepaid Utility"", ""fund"": ""Tariq's Electricity Fund"", ""ground_truth_anomaly"": false}",False
TXN-20260706-002034,7,,23,2026-07-06 10:16:52,485.53,MERCHANT_PAYMENT,NORMAL_WALLET,,,Restaurant/Food,COMPLETED,,Payment to Kacchi Bhai Biryani from Normal Wallet,101537.42,101051.89,,,,,"{""merchant"": ""Kacchi Bhai Biryani"", ""ground_truth_anomaly"": false}",False
TXN-20260706-002031,17,,5,2026-07-06 10:48:37,710.14,MERCHANT_PAYMENT,FAMILY_PASS,,4,Grocery,COMPLETED,,FamilyPass spending by Farzana Haque at Chaldal Grocery Express,161170.78,160460.64,,,9458.19,8748.05,"{""owner_id"": 2, ""member_id"": 17, ""merchant"": ""Chaldal Grocery Express"", ""ground_truth_anomaly"": false}",False
TXN-20260706-002036,14,,30,2026-07-06 11:31:04,1413.89,MERCHANT_PAYMENT,PURPOSE_FUND,46,,Shopping,COMPLETED,,Payment to Aarong Lifestyle Retail via Sakib's Shopping Fund,21632.08,21632.08,4000.00,2586.11,,,"{""merchant"": ""Aarong Lifestyle Retail"", ""fund"": ""Sakib's Shopping Fund"", ""ground_truth_anomaly"": false}",False
TXN-20260706-002040,20,,,2026-07-06 14:10:46,500.00,CASH_OUT,NORMAL_WALLET,,,Cash Out,COMPLETED,,Agent Cash Out Withdrawal,340658.52,340158.52,,,,,"{""agent_code"": ""AGT-7712"", ""ground_truth_anomaly"": false}",False
TXN-20260706-002033,6,,30,2026-07-06 14:25:28,1653.92,MERCHANT_PAYMENT,PURPOSE_FUND,24,,Shopping,COMPLETED,,Payment to Aarong Lifestyle Retail via Zahid's Shopping Fund,164115.77,164115.77,11897.06,10243.14,,,"{""merchant"": ""Aarong Lifestyle Retail"", ""fund"": ""Zahid's Shopping Fund"", ""ground_truth_anomaly"": false}",True
TXN-20260706-002029,25,,30,2026-07-06 15:40:05,462.76,MERCHANT_PAYMENT,NORMAL_WALLET,,,Shopping,COMPLETED,,Payment to Aarong Lifestyle Retail from Normal Wallet,137155.02,136692.26,,,,,"{""merchant"": ""Aarong Lifestyle Retail"", ""ground_truth_anomaly"": false}",False
TXN-20260706-002037,12,,26,2026-07-06 15:46:10,226.95,MERCHANT_PAYMENT,FAMILY_PASS,,5,Transport,COMPLETED,,FamilyPass spending by Rafid Kabir at Uber Bangladesh Mobility,91160.31,90933.36,,,3261.17,3034.22,"{""owner_id"": 3, ""member_id"": 12, ""merchant"": ""Uber Bangladesh Mobility"", ""ground_truth_anomaly"": false}",False
TXN-20260706-002041,3,,25,2026-07-06 15:48:23,415.49,MERCHANT_PAYMENT,PURPOSE_FUND,12,,Transport,COMPLETED,,Payment to Shohoz Interdistrict Ride via Farhan's Transport Fund,90693.51,90693.51,15938.08,15522.59,,,"{""merchant"": ""Shohoz Interdistrict Ride"", ""fund"": ""Farhan's Transport Fund"", ""ground_truth_anomaly"": false}",False
TXN-20260706-002032,6,,20,2026-07-06 16:44:11,719.16,MERCHANT_PAYMENT,PURPOSE_FUND,23,,Electricity,COMPLETED,,Payment to Link3 Internet Utilities via Zahid's Electricity Fund,164115.77,164115.77,5449.41,4730.25,,,"{""merchant"": ""Link3 Internet Utilities"", ""fund"": ""Zahid's Electricity Fund"", ""ground_truth_anomaly"": false}",False
TXN-20260706-002025,5,,17,2026-07-06 17:33:10,4358.20,MERCHANT_PAYMENT,PURPOSE_FUND,20,,Education,COMPLETED,,Payment to Mastermind School via Kamrul's Education Fund,86696.90,86696.90,5293.61,935.41,,,"{""merchant"": ""Mastermind School"", ""fund"": ""Kamrul's Education Fund"", ""ground_truth_anomaly"": false}",False
TXN-20260706-002038,12,,27,2026-07-06 17:45:18,239.85,MERCHANT_PAYMENT,FAMILY_PASS,,5,Transport,COMPLETED,,FamilyPass spending by Rafid Kabir at Pathao Transportation,90933.36,90693.51,,,3034.22,2794.37,"{""owner_id"": 3, ""member_id"": 12, ""merchant"": ""Pathao Transportation"", ""ground_truth_anomaly"": false}",False
TXN-20260706-002035,11,,24,2026-07-06 18:56:01,416.31,MERCHANT_PAYMENT,FAMILY_PASS,,3,Restaurant/Food,COMPLETED,,FamilyPass spending by Tanvir Haque at Takeout Gourmet Burgers,160460.64,160044.33,,,1708.29,1291.98,"{""owner_id"": 2, ""member_id"": 11, ""merchant"": ""Takeout Gourmet Burgers"", ""ground_truth_anomaly"": false}",False
TXN-20260706-002039,20,,4,2026-07-06 20:12:29,838.52,MERCHANT_PAYMENT,PURPOSE_FUND,57,,Grocery,COMPLETED,,Payment to Meena Bazar via Asif's Grocery Fund,340658.52,340658.52,103798.57,102960.05,,,"{""merchant"": ""Meena Bazar"", ""fund"": ""Asif's Grocery Fund"", ""ground_truth_anomaly"": false}",False
TXN-20260706-002028,4,,,2026-07-06 20:29:04,100.00,MOBILE_RECHARGE,NORMAL_WALLET,,,Recharge,COMPLETED,,Mobile Recharge to 01710000004,138996.83,138896.83,,,,,"{""operator"": ""Grameenphone"", ""ground_truth_anomaly"": false}",False
TXN-ANOM-20260706-003242,8,,30,2026-07-06 20:50:00,14858.00,MERCHANT_PAYMENT,NORMAL_WALLET,,,Shopping,COMPLETED,,High value purchase at Aarong Lifestyle Retail,200154.39,185296.39,,,,,"{""ground_truth_anomaly"": true, ""anomaly_type"": ""LARGE_AMOUNT""}",True
TXN-20260706-002027,4,8,,2026-07-06 21:31:55,500.00,SEND_MONEY,NORMAL_WALLET,,,Transfer,COMPLETED,,Sent money to Saifur Rehman,139496.83,138996.83,,,,,"{""recipient_phone"": ""01710000008"", ""ground_truth_anomaly"": false}",False
TXN-20260706-002026,19,,2,2026-07-06 21:52:30,687.40,MERCHANT_PAYMENT,FAMILY_PASS,,9,Grocery,COMPLETED,,FamilyPass spending by Sadia Chowdhury at Shwapno Superstore,341345.92,340658.52,,,13060.59,12373.19,"{""owner_id"": 20, ""member_id"": 19, ""merchant"": ""Shwapno Superstore"", ""ground_truth_anomaly"": false}",False
TXN-20260706-002030,21,,28,2026-07-06 22:02:27,244.31,MERCHANT_PAYMENT,PURPOSE_FUND,62,,Rent,COMPLETED,,Payment to Eastern Housing Rental via Tanzeem's Rent Fund,422191.17,422191.17,84152.69,83908.38,,,"{""merchant"": ""Eastern Housing Rental"", ""fund"": ""Tanzeem's Rent Fund"", ""ground_truth_anomaly"": false}",False
TXN-20260707-002043,23,14,,2026-07-07 10:00:27,1000.00,SEND_MONEY,NORMAL_WALLET,,,Transfer,COMPLETED,,Sent money to Sakib Chowdhury,143770.99,142770.99,,,,,"{""recipient_phone"": ""01710000014"", ""ground_truth_anomaly"": false}",False
TXN-20260707-002050,2,,,2026-07-07 10:57:19,300.00,MOBILE_RECHARGE,NORMAL_WALLET,,,Recharge,COMPLETED,,Mobile Recharge to 01710000002,160044.33,159744.33,,,,,"{""operator"": ""Grameenphone"", ""ground_truth_anomaly"": false}",False
TXN-20260707-002058,25,,2,2026-07-07 11:58:14,1161.37,MERCHANT_PAYMENT,PURPOSE_FUND,77,,Grocery,COMPLETED,,Payment to Shwapno Superstore via Arif's Grocery Fund,136492.26,136492.26,29197.59,28036.22,,,"{""merchant"": ""Shwapno Superstore"", ""fund"": ""Arif's Grocery Fund"", ""ground_truth_anomaly"": false}",False
TXN-20260707-002061,7,,,2026-07-07 13:04:37,500.00,MOBILE_RECHARGE,NORMAL_WALLET,,,Recharge,COMPLETED,,Mobile Recharge to 01710000007,100951.89,100451.89,,,,,"{""operator"": ""Grameenphone"", ""ground_truth_anomaly"": false}",False
TXN-20260707-002056,17,,,2026-07-07 14:25:26,500.00,CASH_OUT,NORMAL_WALLET,,,Cash Out,COMPLETED,,Agent Cash Out Withdrawal,29514.68,29014.68,,,,,"{""agent_code"": ""AGT-7712"", ""ground_truth_anomaly"": false}",False
TXN-20260707-002048,18,,,2026-07-07 15:22:31,500.00,MOBILE_RECHARGE,NORMAL_WALLET,,,Recharge,COMPLETED,,Mobile Recharge to 01710000018,40353.32,39853.32,,,,,"{""operator"": ""Grameenphone"", ""ground_truth_anomaly"": false}",False
TXN-20260707-002047,19,1,,2026-07-07 15:45:28,300.00,SEND_MONEY,NORMAL_WALLET,,,Transfer,COMPLETED,,Sent money to Tariq Rahman,42569.15,42269.15,,,,,"{""recipient_phone"": ""01710000001"", ""ground_truth_anomaly"": false}",False
TXN-20260707-002046,9,,7,2026-07-07 16:03:09,388.98,MERCHANT_PAYMENT,PURPOSE_FUND,36,,Medicine,COMPLETED,,Payment to Labaid Pharmacy via Shahidul's Medicine Fund,177058.41,177058.41,17268.17,16879.19,,,"{""merchant"": ""Labaid Pharmacy"", ""fund"": ""Shahidul's Medicine Fund"", ""ground_truth_anomaly"": false}",False
TXN-20260707-002052,24,,,2026-07-07 17:10:21,500.00,MOBILE_RECHARGE,NORMAL_WALLET,,,Recharge,COMPLETED,,Mobile Recharge to 01710000024,121430.35,120930.35,,,,,"{""operator"": ""Grameenphone"", ""ground_truth_anomaly"": false}",False
TXN-ANOM-20260707-003204,9,,30,2026-07-07 17:13:00,16671.00,MERCHANT_PAYMENT,NORMAL_WALLET,,,Shopping,COMPLETED,,High value purchase at Aarong Lifestyle Retail,269891.29,253220.29,,,,,"{""ground_truth_anomaly"": true, ""anomaly_type"": ""LARGE_AMOUNT""}",True
TXN-20260707-002059,8,,16,2026-07-07 18:05:17,6349.89,MERCHANT_PAYMENT,PURPOSE_FUND,30,,Education,COMPLETED,,Payment to Daffodil University Tuition via Saifur's Education Fund,163299.61,163299.61,27373.23,21023.34,,,"{""merchant"": ""Daffodil University Tuition"", ""fund"": ""Saifur's Education Fund"", ""ground_truth_anomaly"": false}",False
TXN-20260707-002057,25,,,2026-07-07 18:39:57,200.00,MOBILE_RECHARGE,NORMAL_WALLET,,,Recharge,COMPLETED,,Mobile Recharge to 01710000025,136692.26,136492.26,,,,,"{""operator"": ""Grameenphone"", ""ground_truth_anomaly"": false}",False
TXN-20260707-002053,12,,26,2026-07-07 18:58:31,357.30,MERCHANT_PAYMENT,FAMILY_PASS,,5,Transport,COMPLETED,,FamilyPass spending by Rafid Kabir at Uber Bangladesh Mobility,90693.51,90336.21,,,2794.37,2437.07,"{""owner_id"": 3, ""member_id"": 12, ""merchant"": ""Uber Bangladesh Mobility"", ""ground_truth_anomaly"": false}",False
TXN-20260707-002055,1,,16,2026-07-07 19:10:53,6764.81,MERCHANT_PAYMENT,PURPOSE_FUND,3,,Education,COMPLETED,,Payment to Daffodil University Tuition via Tariq's Education Fund,95604.60,95604.60,21504.91,14740.10,,,"{""merchant"": ""Daffodil University Tuition"", ""fund"": ""Tariq's Education Fund"", ""ground_truth_anomaly"": false}",False
TXN-20260707-002049,6,,29,2026-07-07 19:21:31,256.15,MERCHANT_PAYMENT,PURPOSE_FUND,22,,Rent,COMPLETED,,Payment to Rangs Living Rent via Zahid's Rent Fund,164115.77,164115.77,31457.58,31201.43,,,"{""merchant"": ""Rangs Living Rent"", ""fund"": ""Zahid's Rent Fund"", ""ground_truth_anomaly"": false}",False
TXN-20260707-002060,7,,,2026-07-07 19:33:48,100.00,MOBILE_RECHARGE,NORMAL_WALLET,,,Recharge,COMPLETED,,Mobile Recharge to 01710000007,101051.89,100951.89,,,,,"{""operator"": ""Grameenphone"", ""ground_truth_anomaly"": false}",False
TXN-20260707-002044,22,,25,2026-07-07 20:05:07,257.83,MERCHANT_PAYMENT,NORMAL_WALLET,,,Transport,COMPLETED,,Payment to Shohoz Interdistrict Ride from Normal Wallet,294515.04,294257.21,,,,,"{""merchant"": ""Shohoz Interdistrict Ride"", ""ground_truth_anomaly"": false}",False
TXN-20260707-002045,20,,28,2026-07-07 20:09:22,583.94,MERCHANT_PAYMENT,PURPOSE_FUND,58,,Rent,COMPLETED,,Payment to Eastern Housing Rental via Asif's Rent Fund,340158.52,340158.52,79027.96,78444.02,,,"{""merchant"": ""Eastern Housing Rental"", ""fund"": ""Asif's Rent Fund"", ""ground_truth_anomaly"": false}",False
TXN-20260707-002054,1,3,,2026-07-07 20:43:25,500.00,SEND_MONEY,NORMAL_WALLET,,,Transfer,COMPLETED,,Sent money to Farhan Kabir,96104.60,95604.60,,,,,"{""recipient_phone"": ""01710000003"", ""ground_truth_anomaly"": false}",False
TXN-20260707-002051,16,,3,2026-07-07 20:48:03,1243.48,MERCHANT_PAYMENT,PURPOSE_FUND,49,,Grocery,COMPLETED,,Payment to Unimart Hypermarket via Nasrin's Grocery Fund,24043.70,24043.70,26303.80,25060.32,,,"{""merchant"": ""Unimart Hypermarket"", ""fund"": ""Nasrin's Grocery Fund"", ""ground_truth_anomaly"": false}",False
TXN-20260708-002074,14,,21,2026-07-08 11:01:35,617.90,MERCHANT_PAYMENT,PURPOSE_FUND,45,,Restaurant/Food,COMPLETED,,Payment to Sultan's Dine Kacchi via Sakib's Restaurant/Food Fund,22632.08,22632.08,9868.36,9250.46,,,"{""merchant"": ""Sultan's Dine Kacchi"", ""fund"": ""Sakib's Restaurant/Food Fund"", ""ground_truth_anomaly"": false}",False
TXN-20260708-002071,8,,6,2026-07-08 11:24:18,944.99,MERCHANT_PAYMENT,PURPOSE_FUND,29,,Grocery,COMPLETED,,Payment to Karwan Bazar Wholesale via Saifur's Grocery Fund,162560.97,162560.97,71526.30,70581.31,,,"{""merchant"": ""Karwan Bazar Wholesale"", ""fund"": ""Saifur's Grocery Fund"", ""ground_truth_anomaly"": false}",False
TXN-20260708-002063,2,18,,2026-07-08 11:31:51,300.00,SEND_MONEY,NORMAL_WALLET,,,Transfer,COMPLETED,,Sent money to Rumana Alam,159744.33,159444.33,,,,,"{""recipient_phone"": ""01710000018"", ""ground_truth_anomaly"": false}",False
TXN-ANOM-20260708-003169,22,,12,2026-07-08 11:57:00,12919.00,MERCHANT_PAYMENT,NORMAL_WALLET,,,Treatment,COMPLETED,,Emergency diagnostic package at Evercare Hospital Lab,445171.75,432252.75,,,,,"{""ground_truth_anomaly"": true, ""anomaly_type"": ""UNUSUAL_CATEGORY""}",True
TXN-20260708-002067,22,,30,2026-07-08 13:54:34,405.04,MERCHANT_PAYMENT,NORMAL_WALLET,,,Shopping,COMPLETED,,Payment to Aarong Lifestyle Retail from Normal Wallet,294257.21,293852.17,,,,,"{""merchant"": ""Aarong Lifestyle Retail"", ""ground_truth_anomaly"": false}",False
TXN-20260708-002073,9,,1,2026-07-08 13:57:50,1068.13,MERCHANT_PAYMENT,PURPOSE_FUND,33,,Grocery,COMPLETED,,Payment to Agora Super Shop via Shahidul's Grocery Fund,177358.41,177358.41,68054.83,66986.70,,,"{""merchant"": ""Agora Super Shop"", ""fund"": ""Shahidul's Grocery Fund"", ""ground_truth_anomaly"": false}",False
TXN-20260708-002062,13,,,2026-07-08 15:03:44,100.00,MOBILE_RECHARGE,NORMAL_WALLET,,,Recharge,COMPLETED,,Mobile Recharge to 01710000013,10409.25,10309.25,,,,,"{""operator"": ""Grameenphone"", ""ground_truth_anomaly"": false}",False
TXN-20260708-002079,24,,30,2026-07-08 15:11:06,848.13,MERCHANT_PAYMENT,PURPOSE_FUND,73,,Shopping,COMPLETED,,Payment to Aarong Lifestyle Retail via Emon's Shopping Fund,120930.35,120930.35,25613.48,24765.35,,,"{""merchant"": ""Aarong Lifestyle Retail"", ""fund"": ""Emon's Shopping Fund"", ""ground_truth_anomaly"": false}",False
TXN-REJ-20260708-003294,18,,29,2026-07-08 15:24:00,561.00,MERCHANT_PAYMENT,FAMILY_PASS,,6,Rent,REJECTED,Category Restriction Mismatch: Merchant 'Rangs Living Rent' category 'Rent' is not allowed for this FamilyPass.,Attempted FamilyPass spending at Rangs Living Rent,166685.00,166685.00,,,12000.00,12000.00,"{""ground_truth_anomaly"": false, ""policy_violation"": ""FAMILYPASS_CATEGORY_MISMATCH""}",False
TXN-20260708-002069,15,,,2026-07-08 15:31:12,50.00,MOBILE_RECHARGE,NORMAL_WALLET,,,Recharge,COMPLETED,,Mobile Recharge to 01710000015,14380.29,14330.29,,,,,"{""operator"": ""Grameenphone"", ""ground_truth_anomaly"": false}",False
TXN-20260708-002081,12,,26,2026-07-08 15:57:22,417.11,MERCHANT_PAYMENT,PURPOSE_FUND,42,,Transport,COMPLETED,,Payment to Uber Bangladesh Mobility via Rafid's Transport Fund,15215.53,15215.53,5157.22,4740.11,,,"{""merchant"": ""Uber Bangladesh Mobility"", ""fund"": ""Rafid's Transport Fund"", ""ground_truth_anomaly"": false}",False
TXN-20260708-002075,14,2,,2026-07-08 16:08:01,1500.00,SEND_MONEY,NORMAL_WALLET,,,Transfer,COMPLETED,,Sent money to Anisul Haque,22632.08,21132.08,,,,,"{""recipient_phone"": ""01710000002"", ""ground_truth_anomaly"": false}",False
TXN-20260708-002065,17,,,2026-07-08 16:33:08,100.00,MOBILE_RECHARGE,NORMAL_WALLET,,,Recharge,COMPLETED,,Mobile Recharge to 01710000017,29014.68,28914.68,,,,,"{""operator"": ""Grameenphone"", ""ground_truth_anomaly"": false}",False
TXN-20260708-002078,20,,12,2026-07-08 16:55:35,3336.93,MERCHANT_PAYMENT,PURPOSE_FUND,60,,Treatment,COMPLETED,,Payment to Evercare Hospital Lab via Asif's Treatment Fund,340158.52,340158.52,44893.84,41556.91,,,"{""merchant"": ""Evercare Hospital Lab"", ""fund"": ""Asif's Treatment Fund"", ""ground_truth_anomaly"": false}",False
TXN-20260708-002080,16,,6,2026-07-08 18:12:40,972.71,MERCHANT_PAYMENT,FAMILY_PASS,,2,Grocery,COMPLETED,,FamilyPass spending by Nasrin Rahman at Karwan Bazar Wholesale,95604.60,94631.89,,,8099.85,7127.14,"{""owner_id"": 1, ""member_id"": 16, ""merchant"": ""Karwan Bazar Wholesale"", ""ground_truth_anomaly"": false}",True
TXN-20260708-002070,8,,30,2026-07-08 18:25:36,738.64,MERCHANT_PAYMENT,NORMAL_WALLET,,,Shopping,COMPLETED,,Payment to Aarong Lifestyle Retail from Normal Wallet,163299.61,162560.97,,,,,"{""merchant"": ""Aarong Lifestyle Retail"", ""ground_truth_anomaly"": false}",False
TXN-20260708-002077,20,,28,2026-07-08 18:37:29,671.11,MERCHANT_PAYMENT,PURPOSE_FUND,58,,Rent,COMPLETED,,Payment to Eastern Housing Rental via Asif's Rent Fund,340158.52,340158.52,78444.02,77772.91,,,"{""merchant"": ""Eastern Housing Rental"", ""fund"": ""Asif's Rent Fund"", ""ground_truth_anomaly"": false}",False
TXN-20260708-002066,17,9,,2026-07-08 20:09:20,300.00,SEND_MONEY,NORMAL_WALLET,,,Transfer,COMPLETED,,Sent money to Shahidul Islam,28914.68,28614.68,,,,,"{""recipient_phone"": ""01710000009"", ""ground_truth_anomaly"": false}",False
TXN-20260708-002068,15,,27,2026-07-08 20:56:01,220.85,MERCHANT_PAYMENT,FAMILY_PASS,,10,Transport,COMPLETED,,FamilyPass spending by Zubair Ahmed at Pathao Transportation,142770.99,142550.14,,,3089.32,2868.47,"{""owner_id"": 23, ""member_id"": 15, ""merchant"": ""Pathao Transportation"", ""ground_truth_anomaly"": false}",False
TXN-20260708-002082,23,,22,2026-07-08 20:56:26,921.69,MERCHANT_PAYMENT,PURPOSE_FUND,69,,Restaurant/Food,COMPLETED,,Payment to Star Kabab & Restaurant via Shafiqul's Restaurant/Food Fund,142550.14,142550.14,38190.97,37269.28,,,"{""merchant"": ""Star Kabab & Restaurant"", ""fund"": ""Shafiqul's Restaurant/Food Fund"", ""ground_truth_anomaly"": false}",False
TXN-20260708-002064,18,,7,2026-07-08 21:12:44,688.07,MERCHANT_PAYMENT,FAMILY_PASS,,6,Medicine,COMPLETED,,FamilyPass spending by Rumana Alam at Labaid Pharmacy,138896.83,138208.76,,,11272.23,10584.16,"{""owner_id"": 4, ""member_id"": 18, ""merchant"": ""Labaid Pharmacy"", ""ground_truth_anomaly"": false}",False
TXN-20260708-002072,1,,7,2026-07-08 21:58:16,666.15,MERCHANT_PAYMENT,PURPOSE_FUND,4,,Medicine,COMPLETED,,Payment to Labaid Pharmacy via Tariq's Medicine Fund,95604.60,95604.60,19111.04,18444.89,,,"{""merchant"": ""Labaid Pharmacy"", ""fund"": ""Tariq's Medicine Fund"", ""ground_truth_anomaly"": false}",False
TXN-20260708-002076,10,,27,2026-07-08 22:06:10,576.67,MERCHANT_PAYMENT,NORMAL_WALLET,,,Transport,COMPLETED,,Payment to Pathao Transportation from Normal Wallet,12900.73,12324.06,,,,,"{""merchant"": ""Pathao Transportation"", ""ground_truth_anomaly"": false}",False
TXN-20260709-002090,1,,2,2026-07-09 11:47:45,1767.28,MERCHANT_PAYMENT,PURPOSE_FUND,1,,Grocery,COMPLETED,,Payment to Shwapno Superstore via Tariq's Grocery Fund,94631.89,94631.89,68434.52,66667.24,,,"{""merchant"": ""Shwapno Superstore"", ""fund"": ""Tariq's Grocery Fund"", ""ground_truth_anomaly"": false}",True
TXN-20260709-002092,5,,15,2026-07-09 13:24:43,935.41,MERCHANT_PAYMENT,PURPOSE_FUND,20,,Education,COMPLETED,,Payment to Sunnydale Academy via Kamrul's Education Fund,86696.90,86696.90,935.41,0.00,,,"{""merchant"": ""Sunnydale Academy"", ""fund"": ""Kamrul's Education Fund"", ""ground_truth_anomaly"": false}",False
TXN-20260709-002084,21,,5,2026-07-09 14:19:32,1009.47,MERCHANT_PAYMENT,PURPOSE_FUND,61,,Grocery,COMPLETED,,Payment to Chaldal Grocery Express via Tanzeem's Grocery Fund,422191.17,422191.17,124385.59,123376.12,,,"{""merchant"": ""Chaldal Grocery Express"", ""fund"": ""Tanzeem's Grocery Fund"", ""ground_truth_anomaly"": false}",False
TXN-20260709-002083,10,,14,2026-07-09 14:32:27,626.04,MERCHANT_PAYMENT,PURPOSE_FUND,37,,Education,COMPLETED,,Payment to Scholastica School via Samiul's Education Fund,12324.06,12324.06,626.04,0.00,,,"{""merchant"": ""Scholastica School"", ""fund"": ""Samiul's Education Fund"", ""ground_truth_anomaly"": false}",False
TXN-20260709-002094,8,,,2026-07-09 15:30:49,100.00,MOBILE_RECHARGE,NORMAL_WALLET,,,Recharge,COMPLETED,,Mobile Recharge to 01710000008,163060.97,162960.97,,,,,"{""operator"": ""Grameenphone"", ""ground_truth_anomaly"": false}",False
TXN-20260709-002086,18,,5,2026-07-09 17:03:35,731.01,MERCHANT_PAYMENT,FAMILY_PASS,,6,Grocery,COMPLETED,,FamilyPass spending by Rumana Alam at Chaldal Grocery Express,138208.76,137477.75,,,10584.16,9853.15,"{""owner_id"": 4, ""member_id"": 18, ""merchant"": ""Chaldal Grocery Express"", ""ground_truth_anomaly"": false}",False
TXN-20260709-002093,12,,25,2026-07-09 17:29:52,523.41,MERCHANT_PAYMENT,PURPOSE_FUND,42,,Transport,COMPLETED,,Payment to Shohoz Interdistrict Ride via Rafid's Transport Fund,15215.53,15215.53,4740.11,4216.70,,,"{""merchant"": ""Shohoz Interdistrict Ride"", ""fund"": ""Rafid's Transport Fund"", ""ground_truth_anomaly"": false}",False
TXN-20260709-002088,2,8,,2026-07-09 17:53:51,500.00,SEND_MONEY,NORMAL_WALLET,,,Transfer,COMPLETED,,Sent money to Saifur Rehman,160944.33,160444.33,,,,,"{""recipient_phone"": ""01710000008"", ""ground_truth_anomaly"": false}",False
TXN-ANOM-20260709-003175,17,,30,2026-07-09 18:04:00,14572.00,MERCHANT_PAYMENT,NORMAL_WALLET,,,Shopping,COMPLETED,,High value purchase at Aarong Lifestyle Retail,39419.73,24847.73,,,,,"{""ground_truth_anomaly"": true, ""anomaly_type"": ""LARGE_AMOUNT""}",True
TXN-20260709-002089,15,,27,2026-07-09 18:18:29,266.15,MERCHANT_PAYMENT,FAMILY_PASS,,10,Transport,COMPLETED,,FamilyPass spending by Zubair Ahmed at Pathao Transportation,142550.14,142283.99,,,2868.47,2602.32,"{""owner_id"": 23, ""member_id"": 15, ""merchant"": ""Pathao Transportation"", ""ground_truth_anomaly"": false}",False
TXN-20260709-002087,11,,14,2026-07-09 19:35:15,1977.45,MERCHANT_PAYMENT,PURPOSE_FUND,39,,Education,COMPLETED,,Payment to Scholastica School via Tanvir's Education Fund,11499.32,11499.32,4000.00,2022.55,,,"{""merchant"": ""Scholastica School"", ""fund"": ""Tanvir's Education Fund"", ""ground_truth_anomaly"": false}",False
TXN-REJ-20260709-003310,17,,24,2026-07-09 19:48:00,808.00,MERCHANT_PAYMENT,FAMILY_PASS,,4,Restaurant/Food,REJECTED,Category Restriction Mismatch: Merchant 'Takeout Gourmet Burgers' category 'Restaurant/Food' is not allowed for this FamilyPass.,Attempted FamilyPass spending at Takeout Gourmet Burgers,206213.36,206213.36,,,10000.00,10000.00,"{""ground_truth_anomaly"": false, ""policy_violation"": ""FAMILYPASS_CATEGORY_MISMATCH""}",False
TXN-20260709-002091,7,,,2026-07-09 21:20:02,500.00,MOBILE_RECHARGE,NORMAL_WALLET,,,Recharge,COMPLETED,,Mobile Recharge to 01710000007,100451.89,99951.89,,,,,"{""operator"": ""Grameenphone"", ""ground_truth_anomaly"": false}",False
TXN-20260709-002085,22,,11,2026-07-09 22:52:15,3417.98,MERCHANT_PAYMENT,PURPOSE_FUND,66,,Treatment,COMPLETED,,Payment to Square Hospital Diagnostic via Nafis's Treatment Fund,293852.17,293852.17,59240.49,55822.51,,,"{""merchant"": ""Square Hospital Diagnostic"", ""fund"": ""Nafis's Treatment Fund"", ""ground_truth_anomaly"": false}",False
TXN-ANOM-20260710-003125,2,,26,2026-07-10 03:35:00,1653.00,MERCHANT_PAYMENT,NORMAL_WALLET,,,Transport,COMPLETED,,Late night inter-district transport fare via Uber Bangladesh Mobility,255932.36,254279.36,,,,,"{""ground_truth_anomaly"": true, ""anomaly_type"": ""UNUSUAL_TIME""}",False
TXN-20260710-002108,16,,2,2026-07-10 09:08:49,576.12,MERCHANT_PAYMENT,FAMILY_PASS,,2,Grocery,COMPLETED,,FamilyPass spending by Nasrin Rahman at Shwapno Superstore,94631.89,94055.77,,,7127.14,6551.02,"{""owner_id"": 1, ""member_id"": 16, ""merchant"": ""Shwapno Superstore"", ""ground_truth_anomaly"": false}",True
TXN-20260710-002102,11,,21,2026-07-10 09:18:20,619.24,MERCHANT_PAYMENT,FAMILY_PASS,,3,Restaurant/Food,COMPLETED,,FamilyPass spending by Tanvir Haque at Sultan's Dine Kacchi,159817.41,159198.17,,,1291.98,672.74,"{""owner_id"": 2, ""member_id"": 11, ""merchant"": ""Sultan's Dine Kacchi"", ""ground_truth_anomaly"": false}",False
TXN-20260710-002106,3,,,2026-07-10 10:15:38,2000.00,CASH_OUT,NORMAL_WALLET,,,Cash Out,COMPLETED,,Agent Cash Out Withdrawal,90615.38,88615.38,,,,,"{""agent_code"": ""AGT-7712"", ""ground_truth_anomaly"": false}",False
TXN-20260710-002104,25,,,2026-07-10 12:52:46,100.00,MOBILE_RECHARGE,NORMAL_WALLET,,,Recharge,COMPLETED,,Mobile Recharge to 01710000025,136492.26,136392.26,,,,,"{""operator"": ""Grameenphone"", ""ground_truth_anomaly"": false}",False
TXN-20260710-002095,17,,1,2026-07-10 13:01:18,626.92,MERCHANT_PAYMENT,FAMILY_PASS,,4,Grocery,COMPLETED,,FamilyPass spending by Farzana Haque at Agora Super Shop,160444.33,159817.41,,,8748.05,8121.13,"{""owner_id"": 2, ""member_id"": 17, ""merchant"": ""Agora Super Shop"", ""ground_truth_anomaly"": false}",False
TXN-20260710-002100,22,,15,2026-07-10 13:05:16,2620.52,MERCHANT_PAYMENT,PURPOSE_FUND,67,,Education,COMPLETED,,Payment to Sunnydale Academy via Nafis's Education Fund,293852.17,293852.17,54294.39,51673.87,,,"{""merchant"": ""Sunnydale Academy"", ""fund"": ""Nafis's Education Fund"", ""ground_truth_anomaly"": false}",False
TXN-20260710-002097,1,,7,2026-07-10 14:13:22,457.19,MERCHANT_PAYMENT,PURPOSE_FUND,4,,Medicine,COMPLETED,,Payment to Labaid Pharmacy via Tariq's Medicine Fund,94631.89,94631.89,18444.89,17987.70,,,"{""merchant"": ""Labaid Pharmacy"", ""fund"": ""Tariq's Medicine Fund"", ""ground_truth_anomaly"": false}",False
TXN-20260710-002109,2,,20,2026-07-10 14:33:36,475.91,MERCHANT_PAYMENT,PURPOSE_FUND,7,,Electricity,COMPLETED,,Payment to Link3 Internet Utilities via Anisul's Electricity Fund,159198.17,159198.17,6206.99,5731.08,,,"{""merchant"": ""Link3 Internet Utilities"", ""fund"": ""Anisul's Electricity Fund"", ""ground_truth_anomaly"": false}",False
TXN-20260710-002098,12,,25,2026-07-10 15:08:29,220.83,MERCHANT_PAYMENT,FAMILY_PASS,,5,Transport,COMPLETED,,FamilyPass spending by Rafid Kabir at Shohoz Interdistrict Ride,90836.21,90615.38,,,2437.07,2216.24,"{""owner_id"": 3, ""member_id"": 12, ""merchant"": ""Shohoz Interdistrict Ride"", ""ground_truth_anomaly"": false}",False
TXN-20260710-002111,21,,29,2026-07-10 15:10:08,557.21,MERCHANT_PAYMENT,PURPOSE_FUND,62,,Rent,COMPLETED,,Payment to Rangs Living Rent via Tanzeem's Rent Fund,422191.17,422191.17,83908.38,83351.17,,,"{""merchant"": ""Rangs Living Rent"", ""fund"": ""Tanzeem's Rent Fund"", ""ground_truth_anomaly"": false}",False
TXN-20260710-002110,2,,7,2026-07-10 17:10:50,528.43,MERCHANT_PAYMENT,PURPOSE_FUND,8,,Medicine,COMPLETED,,Payment to Labaid Pharmacy via Anisul's Medicine Fund,159198.17,159198.17,15139.73,14611.30,,,"{""merchant"": ""Labaid Pharmacy"", ""fund"": ""Anisul's Medicine Fund"", ""ground_truth_anomaly"": false}",False
TXN-20260710-002105,24,,23,2026-07-10 17:52:54,368.32,MERCHANT_PAYMENT,NORMAL_WALLET,,,Restaurant/Food,COMPLETED,,Payment to Kacchi Bhai Biryani from Normal Wallet,120930.35,120562.03,,,,,"{""merchant"": ""Kacchi Bhai Biryani"", ""ground_truth_anomaly"": false}",False
TXN-20260710-002096,9,,27,2026-07-10 18:13:46,637.80,MERCHANT_PAYMENT,NORMAL_WALLET,,,Transport,COMPLETED,,Payment to Pathao Transportation from Normal Wallet,177358.41,176720.61,,,,,"{""merchant"": ""Pathao Transportation"", ""ground_truth_anomaly"": false}",False
TXN-20260710-002112,21,,22,2026-07-10 18:43:13,422.85,MERCHANT_PAYMENT,PURPOSE_FUND,63,,Restaurant/Food,COMPLETED,,Payment to Star Kabab & Restaurant via Tanzeem's Restaurant/Food Fund,422191.17,422191.17,62688.14,62265.29,,,"{""merchant"": ""Star Kabab & Restaurant"", ""fund"": ""Tanzeem's Restaurant/Food Fund"", ""ground_truth_anomaly"": false}",False
TXN-20260710-002101,15,,25,2026-07-10 19:19:42,361.71,MERCHANT_PAYMENT,PURPOSE_FUND,48,,Transport,COMPLETED,,Payment to Shohoz Interdistrict Ride via Zubair's Transport Fund,14330.29,14330.29,5645.03,5283.32,,,"{""merchant"": ""Shohoz Interdistrict Ride"", ""fund"": ""Zubair's Transport Fund"", ""ground_truth_anomaly"": false}",False
TXN-20260710-002107,3,,,2026-07-10 19:40:18,2000.00,CASH_OUT,NORMAL_WALLET,,,Cash Out,COMPLETED,,Agent Cash Out Withdrawal,88615.38,86615.38,,,,,"{""agent_code"": ""AGT-7712"", ""ground_truth_anomaly"": false}",False
TXN-20260710-002099,6,,,2026-07-10 19:42:02,100.00,MOBILE_RECHARGE,NORMAL_WALLET,,,Recharge,COMPLETED,,Mobile Recharge to 01710000006,164115.77,164015.77,,,,,"{""operator"": ""Grameenphone"", ""ground_truth_anomaly"": false}",False
TXN-20260710-002113,10,,25,2026-07-10 20:24:45,386.87,MERCHANT_PAYMENT,PURPOSE_FUND,38,,Transport,COMPLETED,,Payment to Shohoz Interdistrict Ride via Samiul's Transport Fund,12324.06,12324.06,7089.96,6703.09,,,"{""merchant"": ""Shohoz Interdistrict Ride"", ""fund"": ""Samiul's Transport Fund"", ""ground_truth_anomaly"": false}",False
TXN-20260710-002103,5,,10,2026-07-10 20:25:03,448.30,MERCHANT_PAYMENT,PURPOSE_FUND,19,,Medicine,COMPLETED,,Payment to Square Hospital Pharmacy via Kamrul's Medicine Fund,86696.90,86696.90,19578.47,19130.17,,,"{""merchant"": ""Square Hospital Pharmacy"", ""fund"": ""Kamrul's Medicine Fund"", ""ground_truth_anomaly"": false}",False
TXN-20260711-002118,1,,6,2026-07-11 09:15:05,958.16,MERCHANT_PAYMENT,PURPOSE_FUND,1,,Grocery,COMPLETED,,Payment to Karwan Bazar Wholesale via Tariq's Grocery Fund,94055.77,94055.77,66667.24,65709.08,,,"{""merchant"": ""Karwan Bazar Wholesale"", ""fund"": ""Tariq's Grocery Fund"", ""ground_truth_anomaly"": false}",False
TXN-20260711-002115,14,,23,2026-07-11 09:55:57,469.34,MERCHANT_PAYMENT,FAMILY_PASS,,8,Restaurant/Food,COMPLETED,,FamilyPass spending by Sakib Chowdhury at Kacchi Bhai Biryani,340158.52,339689.18,,,6000.00,5530.66,"{""owner_id"": 20, ""member_id"": 14, ""merchant"": ""Kacchi Bhai Biryani"", ""ground_truth_anomaly"": false}",True
TXN-20260711-002116,25,,5,2026-07-11 10:19:14,980.32,MERCHANT_PAYMENT,PURPOSE_FUND,77,,Grocery,COMPLETED,,Payment to Chaldal Grocery Express via Arif's Grocery Fund,136392.26,136392.26,28036.22,27055.90,,,"{""merchant"": ""Chaldal Grocery Express"", ""fund"": ""Arif's Grocery Fund"", ""ground_truth_anomaly"": false}",True
TXN-20260711-002122,16,,,2026-07-11 10:23:40,200.00,MOBILE_RECHARGE,NORMAL_WALLET,,,Recharge,COMPLETED,,Mobile Recharge to 01710000016,24043.70,23843.70,,,,,"{""operator"": ""Grameenphone"", ""ground_truth_anomaly"": false}",False
TXN-20260711-002125,17,,1,2026-07-11 11:02:54,946.31,MERCHANT_PAYMENT,PURPOSE_FUND,51,,Grocery,COMPLETED,,Payment to Agora Super Shop via Farzana's Grocery Fund,28614.68,28614.68,28276.45,27330.14,,,"{""merchant"": ""Agora Super Shop"", ""fund"": ""Farzana's Grocery Fund"", ""ground_truth_anomaly"": false}",False
TXN-20260711-002120,5,,30,2026-07-11 11:10:11,519.45,MERCHANT_PAYMENT,NORMAL_WALLET,,,Shopping,COMPLETED,,Payment to Aarong Lifestyle Retail from Normal Wallet,86696.90,86177.45,,,,,"{""merchant"": ""Aarong Lifestyle Retail"", ""ground_truth_anomaly"": false}",False
TXN-ANOM-20260711-003230,13,,11,2026-07-11 11:17:00,12944.00,MERCHANT_PAYMENT,NORMAL_WALLET,,,Treatment,COMPLETED,,Emergency diagnostic package at Square Hospital Diagnostic,31521.53,18577.53,,,,,"{""ground_truth_anomaly"": true, ""anomaly_type"": ""UNUSUAL_CATEGORY""}",True
TXN-20260711-002123,15,,,2026-07-11 12:17:06,500.00,MOBILE_RECHARGE,NORMAL_WALLET,,,Recharge,COMPLETED,,Mobile Recharge to 01710000015,14330.29,13830.29,,,,,"{""operator"": ""Grameenphone"", ""ground_truth_anomaly"": false}",False
TXN-20260711-002121,5,,5,2026-07-11 13:29:29,533.42,MERCHANT_PAYMENT,PURPOSE_FUND,17,,Grocery,COMPLETED,,Payment to Chaldal Grocery Express via Kamrul's Grocery Fund,86177.45,86177.45,47604.04,47070.62,,,"{""merchant"": ""Chaldal Grocery Express"", ""fund"": ""Kamrul's Grocery Fund"", ""ground_truth_anomaly"": false}",True
TXN-20260711-002124,17,,1,2026-07-11 15:40:46,1048.31,MERCHANT_PAYMENT,PURPOSE_FUND,51,,Grocery,COMPLETED,,Payment to Agora Super Shop via Farzana's Grocery Fund,28614.68,28614.68,29324.76,28276.45,,,"{""merchant"": ""Agora Super Shop"", ""fund"": ""Farzana's Grocery Fund"", ""ground_truth_anomaly"": false}",False
TXN-20260711-002114,4,,,2026-07-11 16:49:29,500.00,MOBILE_RECHARGE,NORMAL_WALLET,,,Recharge,COMPLETED,,Mobile Recharge to 01710000004,137477.75,136977.75,,,,,"{""operator"": ""Grameenphone"", ""ground_truth_anomaly"": false}",False
TXN-20260711-002129,12,,25,2026-07-11 17:16:58,172.06,MERCHANT_PAYMENT,FAMILY_PASS,,5,Transport,COMPLETED,,FamilyPass spending by Rafid Kabir at Shohoz Interdistrict Ride,86615.38,86443.32,,,2216.24,2044.18,"{""owner_id"": 3, ""member_id"": 12, ""merchant"": ""Shohoz Interdistrict Ride"", ""ground_truth_anomaly"": false}",False
TXN-20260711-002117,7,,25,2026-07-11 17:25:28,288.84,MERCHANT_PAYMENT,PURPOSE_FUND,28,,Transport,COMPLETED,,Payment to Shohoz Interdistrict Ride via Delwar's Transport Fund,99951.89,99951.89,11808.35,11519.51,,,"{""merchant"": ""Shohoz Interdistrict Ride"", ""fund"": ""Delwar's Transport Fund"", ""ground_truth_anomaly"": false}",False
TXN-20260711-002127,23,,30,2026-07-11 17:59:03,1879.75,MERCHANT_PAYMENT,PURPOSE_FUND,70,,Shopping,COMPLETED,,Payment to Aarong Lifestyle Retail via Shafiqul's Shopping Fund,142283.99,142283.99,25805.56,23925.81,,,"{""merchant"": ""Aarong Lifestyle Retail"", ""fund"": ""Shafiqul's Shopping Fund"", ""ground_truth_anomaly"": false}",False
TXN-20260711-002126,24,,26,2026-07-11 19:18:57,257.64,MERCHANT_PAYMENT,PURPOSE_FUND,74,,Transport,COMPLETED,,Payment to Uber Bangladesh Mobility via Emon's Transport Fund,120562.03,120562.03,16651.01,16393.37,,,"{""merchant"": ""Uber Bangladesh Mobility"", ""fund"": ""Emon's Transport Fund"", ""ground_truth_anomaly"": false}",False
TXN-20260711-002128,23,,23,2026-07-11 19:42:31,738.29,MERCHANT_PAYMENT,PURPOSE_FUND,69,,Restaurant/Food,COMPLETED,,Payment to Kacchi Bhai Biryani via Shafiqul's Restaurant/Food Fund,142283.99,142283.99,37269.28,36530.99,,,"{""merchant"": ""Kacchi Bhai Biryani"", ""fund"": ""Shafiqul's Restaurant/Food Fund"", ""ground_truth_anomaly"": false}",False
TXN-20260711-002131,20,,13,2026-07-11 20:50:16,1992.66,MERCHANT_PAYMENT,PURPOSE_FUND,60,,Treatment,COMPLETED,,Payment to Popular Diagnostic Centre via Asif's Treatment Fund,339689.18,339689.18,41556.91,39564.25,,,"{""merchant"": ""Popular Diagnostic Centre"", ""fund"": ""Asif's Treatment Fund"", ""ground_truth_anomaly"": false}",False
TXN-20260711-002130,21,,,2026-07-11 21:45:35,300.00,MOBILE_RECHARGE,NORMAL_WALLET,,,Recharge,COMPLETED,,Mobile Recharge to 01710000021,422191.17,421891.17,,,,,"{""operator"": ""Grameenphone"", ""ground_truth_anomaly"": false}",False
TXN-20260711-002119,1,,,2026-07-11 22:20:14,100.00,MOBILE_RECHARGE,NORMAL_WALLET,,,Recharge,COMPLETED,,Mobile Recharge to 01710000001,94055.77,93955.77,,,,,"{""operator"": ""Grameenphone"", ""ground_truth_anomaly"": false}",False
TXN-20260712-002156,13,,25,2026-07-12 08:57:28,327.71,MERCHANT_PAYMENT,PURPOSE_FUND,44,,Transport,COMPLETED,,Payment to Shohoz Interdistrict Ride via Nahian's Transport Fund,10309.25,10309.25,1535.33,1207.62,,,"{""merchant"": ""Shohoz Interdistrict Ride"", ""fund"": ""Nahian's Transport Fund"", ""ground_truth_anomaly"": false}",False
TXN-20260712-002150,4,1,,2026-07-12 14:09:14,1000.00,SEND_MONEY,NORMAL_WALLET,,,Transfer,COMPLETED,,Sent money to Tariq Rahman,133028.75,132028.75,,,,,"{""recipient_phone"": ""01710000001"", ""ground_truth_anomaly"": false}",False
TXN-20260712-002160,6,,,2026-07-12 14:42:39,500.00,MOBILE_RECHARGE,NORMAL_WALLET,,,Recharge,COMPLETED,,Mobile Recharge to 01710000006,163515.77,163015.77,,,,,"{""operator"": ""Grameenphone"", ""ground_truth_anomaly"": false}",False
TXN-20260712-002142,17,,,2026-07-12 14:45:00,2419.00,BILL_PAYMENT,NORMAL_WALLET,,,Electricity,COMPLETED,,DESCO Prepaid Meter Utility Recharge,28614.68,26195.68,,,,,"{""provider"": ""DESCO"", ""bill_type"": ""Electricity"", ""account_number"": ""MTR-99410"", ""ground_truth_anomaly"": false}",False
TXN-20260712-002149,18,,,2026-07-12 14:51:02,300.00,MOBILE_RECHARGE,NORMAL_WALLET,,,Recharge,COMPLETED,,Mobile Recharge to 01710000018,36197.32,35897.32,,,,,"{""operator"": ""Grameenphone"", ""ground_truth_anomaly"": false}",False
TXN-20260712-002141,16,,,2026-07-12 15:02:00,4725.00,BILL_PAYMENT,NORMAL_WALLET,,,Electricity,COMPLETED,,DESCO Prepaid Meter Utility Recharge,23843.70,19118.70,,,,,"{""provider"": ""DESCO"", ""bill_type"": ""Electricity"", ""account_number"": ""MTR-99410"", ""ground_truth_anomaly"": false}",False
TXN-20260712-002138,7,,18,2026-07-12 15:03:00,2505.00,MERCHANT_PAYMENT,PURPOSE_FUND,26,,Electricity,COMPLETED,,Electricity recharge at DESCO Prepaid Utility,99951.89,99951.89,4931.51,2426.51,,,"{""provider"": ""DESCO Prepaid Utility"", ""ground_truth_anomaly"": false}",False
TXN-20260712-002155,13,,27,2026-07-12 15:15:41,189.57,MERCHANT_PAYMENT,PURPOSE_FUND,44,,Transport,COMPLETED,,Payment to Pathao Transportation via Nahian's Transport Fund,10309.25,10309.25,1724.90,1535.33,,,"{""merchant"": ""Pathao Transportation"", ""fund"": ""Nahian's Transport Fund"", ""ground_truth_anomaly"": false}",False
TXN-20260712-002146,21,,,2026-07-12 15:17:00,4596.00,BILL_PAYMENT,NORMAL_WALLET,,,Electricity,COMPLETED,,DESCO Prepaid Meter Utility Recharge,421891.17,417295.17,,,,,"{""provider"": ""DESCO"", ""bill_type"": ""Electricity"", ""account_number"": ""MTR-99410"", ""ground_truth_anomaly"": false}",False
TXN-20260712-002144,19,,,2026-07-12 15:21:00,2450.00,BILL_PAYMENT,NORMAL_WALLET,,,Electricity,COMPLETED,,DESCO Prepaid Meter Utility Recharge,42269.15,39819.15,,,,,"{""provider"": ""DESCO"", ""bill_type"": ""Electricity"", ""account_number"": ""MTR-99410"", ""ground_truth_anomaly"": false}",False
TXN-20260712-002147,22,,,2026-07-12 15:21:00,2944.00,BILL_PAYMENT,NORMAL_WALLET,,,Electricity,COMPLETED,,DESCO Prepaid Meter Utility Recharge,293852.17,290908.17,,,,,"{""provider"": ""DESCO"", ""bill_type"": ""Electricity"", ""account_number"": ""MTR-99410"", ""ground_truth_anomaly"": false}",False
TXN-20260712-002133,2,,19,2026-07-12 15:50:00,4498.00,MERCHANT_PAYMENT,PURPOSE_FUND,7,,Electricity,COMPLETED,,Electricity recharge at DPDC Electricity Payment,159198.17,159198.17,5731.08,1233.08,,,"{""provider"": ""DPDC Electricity Payment"", ""ground_truth_anomaly"": false}",False
TXN-20260712-002132,1,,19,2026-07-12 15:54:00,3524.00,MERCHANT_PAYMENT,PURPOSE_FUND,2,,Electricity,COMPLETED,,Electricity recharge at DPDC Electricity Payment,93955.77,93955.77,6394.51,2870.51,,,"{""provider"": ""DPDC Electricity Payment"", ""ground_truth_anomaly"": false}",False
TXN-20260712-002135,4,,,2026-07-12 16:50:00,3949.00,BILL_PAYMENT,NORMAL_WALLET,,,Electricity,COMPLETED,,DESCO Prepaid Meter Utility Recharge,136977.75,133028.75,,,,,"{""provider"": ""DESCO"", ""bill_type"": ""Electricity"", ""account_number"": ""MTR-99410"", ""ground_truth_anomaly"": false}",False
TXN-20260712-002152,1,18,,2026-07-12 17:01:54,300.00,SEND_MONEY,NORMAL_WALLET,,,Transfer,COMPLETED,,Sent money to Rumana Alam,94955.77,94655.77,,,,,"{""recipient_phone"": ""01710000018"", ""ground_truth_anomaly"": false}",False
TXN-20260712-002139,8,,18,2026-07-12 17:22:00,2345.00,MERCHANT_PAYMENT,PURPOSE_FUND,31,,Electricity,COMPLETED,,Electricity recharge at DESCO Prepaid Utility,162960.97,162960.97,5500.00,3155.00,,,"{""provider"": ""DESCO Prepaid Utility"", ""ground_truth_anomaly"": false}",False
TXN-ANOM-20260712-003226,8,,30,2026-07-12 17:42:00,17151.00,MERCHANT_PAYMENT,NORMAL_WALLET,,,Shopping,COMPLETED,,High value purchase at Aarong Lifestyle Retail,217305.39,200154.39,,,,,"{""ground_truth_anomaly"": true, ""anomaly_type"": ""LARGE_AMOUNT""}",True
TXN-20260712-002137,6,,18,2026-07-12 17:52:00,4410.00,MERCHANT_PAYMENT,PURPOSE_FUND,23,,Electricity,COMPLETED,,Electricity recharge at DESCO Prepaid Utility,164015.77,164015.77,4730.25,320.25,,,"{""provider"": ""DESCO Prepaid Utility"", ""ground_truth_anomaly"": false}",False
TXN-20260712-002151,14,,22,2026-07-12 17:57:43,547.54,MERCHANT_PAYMENT,FAMILY_PASS,,8,Restaurant/Food,COMPLETED,,FamilyPass spending by Sakib Chowdhury at Star Kabab & Restaurant,337423.18,336875.64,,,5530.66,4983.12,"{""owner_id"": 20, ""member_id"": 14, ""merchant"": ""Star Kabab & Restaurant"", ""ground_truth_anomaly"": false}",True
TXN-20260712-002145,20,,,2026-07-12 18:05:00,2266.00,BILL_PAYMENT,NORMAL_WALLET,,,Electricity,COMPLETED,,DESCO Prepaid Meter Utility Recharge,339689.18,337423.18,,,,,"{""provider"": ""DESCO"", ""bill_type"": ""Electricity"", ""account_number"": ""MTR-99410"", ""ground_truth_anomaly"": false}",False
TXN-20260712-002162,10,12,,2026-07-12 18:05:12,1500.00,SEND_MONEY,NORMAL_WALLET,,,Transfer,COMPLETED,,Sent money to Rafid Kabir,12324.06,10824.06,,,,,"{""recipient_phone"": ""01710000012"", ""ground_truth_anomaly"": false}",False
TXN-20260712-002136,5,,,2026-07-12 18:20:00,4661.00,BILL_PAYMENT,NORMAL_WALLET,,,Electricity,COMPLETED,,DESCO Prepaid Meter Utility Recharge,86177.45,81516.45,,,,,"{""provider"": ""DESCO"", ""bill_type"": ""Electricity"", ""account_number"": ""MTR-99410"", ""ground_truth_anomaly"": false}",False
TXN-20260712-002148,12,,27,2026-07-12 18:20:08,225.41,MERCHANT_PAYMENT,FAMILY_PASS,,5,Transport,COMPLETED,,FamilyPass spending by Rafid Kabir at Pathao Transportation,86443.32,86217.91,,,2044.18,1818.77,"{""owner_id"": 3, ""member_id"": 12, ""merchant"": ""Pathao Transportation"", ""ground_truth_anomaly"": false}",False
TXN-20260712-002140,9,,,2026-07-12 18:36:00,3491.00,BILL_PAYMENT,NORMAL_WALLET,,,Electricity,COMPLETED,,DESCO Prepaid Meter Utility Recharge,176720.61,173229.61,,,,,"{""provider"": ""DESCO"", ""bill_type"": ""Electricity"", ""account_number"": ""MTR-99410"", ""ground_truth_anomaly"": false}",False
TXN-20260712-002134,3,,19,2026-07-12 18:37:00,2488.00,MERCHANT_PAYMENT,PURPOSE_FUND,11,,Electricity,COMPLETED,,Electricity recharge at DPDC Electricity Payment,86443.32,86443.32,6500.63,4012.63,,,"{""provider"": ""DPDC Electricity Payment"", ""ground_truth_anomaly"": false}",False
TXN-20260712-002143,18,,,2026-07-12 18:40:00,3956.00,BILL_PAYMENT,NORMAL_WALLET,,,Electricity,COMPLETED,,DESCO Prepaid Meter Utility Recharge,40153.32,36197.32,,,,,"{""provider"": ""DESCO"", ""bill_type"": ""Electricity"", ""account_number"": ""MTR-99410"", ""ground_truth_anomaly"": false}",False
TXN-REJ-20260712-003305,12,,17,2026-07-12 19:07:00,571.00,MERCHANT_PAYMENT,FAMILY_PASS,,5,Education,REJECTED,Category Restriction Mismatch: Merchant 'Mastermind School' category 'Education' is not allowed for this FamilyPass.,Attempted FamilyPass spending at Mastermind School,103781.19,103781.19,,,4000.00,4000.00,"{""ground_truth_anomaly"": false, ""policy_violation"": ""FAMILYPASS_CATEGORY_MISMATCH""}",False
TXN-20260712-002157,17,,6,2026-07-12 19:58:39,557.82,MERCHANT_PAYMENT,FAMILY_PASS,,4,Grocery,COMPLETED,,FamilyPass spending by Farzana Haque at Karwan Bazar Wholesale,159198.17,158640.35,,,8121.13,7563.31,"{""owner_id"": 2, ""member_id"": 17, ""merchant"": ""Karwan Bazar Wholesale"", ""ground_truth_anomaly"": false}",False
TXN-20260712-002163,3,20,,2026-07-12 20:33:32,500.00,SEND_MONEY,NORMAL_WALLET,,,Transfer,COMPLETED,,Sent money to Asif Chowdhury,86217.91,85717.91,,,,,"{""recipient_phone"": ""01710000020"", ""ground_truth_anomaly"": false}",False
TXN-20260712-002159,6,,,2026-07-12 20:34:36,500.00,CASH_OUT,NORMAL_WALLET,,,Cash Out,COMPLETED,,Agent Cash Out Withdrawal,164015.77,163515.77,,,,,"{""agent_code"": ""AGT-7712"", ""ground_truth_anomaly"": false}",False
TXN-20260712-002161,10,,25,2026-07-12 20:50:41,100.00,MERCHANT_PAYMENT,PURPOSE_FUND,38,,Transport,COMPLETED,,Payment to Shohoz Interdistrict Ride via Samiul's Transport Fund,12324.06,12324.06,6703.09,6603.09,,,"{""merchant"": ""Shohoz Interdistrict Ride"", ""fund"": ""Samiul's Transport Fund"", ""ground_truth_anomaly"": false}",False
TXN-20260712-002158,5,,18,2026-07-12 21:36:17,638.15,MERCHANT_PAYMENT,PURPOSE_FUND,18,,Electricity,COMPLETED,,Payment to DESCO Prepaid Utility via Kamrul's Electricity Fund,81516.45,81516.45,3440.28,2802.13,,,"{""merchant"": ""DESCO Prepaid Utility"", ""fund"": ""Kamrul's Electricity Fund"", ""ground_truth_anomaly"": false}",False
TXN-20260712-002154,20,,12,2026-07-12 22:18:56,2782.53,MERCHANT_PAYMENT,PURPOSE_FUND,60,,Treatment,COMPLETED,,Payment to Evercare Hospital Lab via Asif's Treatment Fund,336875.64,336875.64,39564.25,36781.72,,,"{""merchant"": ""Evercare Hospital Lab"", ""fund"": ""Asif's Treatment Fund"", ""ground_truth_anomaly"": false}",False
TXN-20260712-002153,1,,,2026-07-12 22:34:11,2000.00,CASH_OUT,NORMAL_WALLET,,,Cash Out,COMPLETED,,Agent Cash Out Withdrawal,94655.77,92655.77,,,,,"{""agent_code"": ""AGT-7712"", ""ground_truth_anomaly"": false}",False
TXN-20260713-002169,21,,21,2026-07-13 08:15:16,1601.66,MERCHANT_PAYMENT,PURPOSE_FUND,63,,Restaurant/Food,COMPLETED,,Payment to Sultan's Dine Kacchi via Tanzeem's Restaurant/Food Fund,416897.77,416897.77,62265.29,60663.63,,,"{""merchant"": ""Sultan's Dine Kacchi"", ""fund"": ""Tanzeem's Restaurant/Food Fund"", ""ground_truth_anomaly"": false}",False
TXN-20260713-002175,12,,25,2026-07-13 08:29:19,147.71,MERCHANT_PAYMENT,FAMILY_PASS,,5,Transport,COMPLETED,,FamilyPass spending by Rafid Kabir at Shohoz Interdistrict Ride,85593.63,85445.92,,,1694.49,1546.78,"{""owner_id"": 3, ""member_id"": 12, ""merchant"": ""Shohoz Interdistrict Ride"", ""ground_truth_anomaly"": false}",False
TXN-20260713-002165,5,,21,2026-07-13 09:39:53,500.62,MERCHANT_PAYMENT,NORMAL_WALLET,,,Restaurant/Food,COMPLETED,,Payment to Sultan's Dine Kacchi from Normal Wallet,81516.45,81015.83,,,,,"{""merchant"": ""Sultan's Dine Kacchi"", ""ground_truth_anomaly"": false}",False
TXN-20260713-002174,12,,27,2026-07-13 09:51:54,124.28,MERCHANT_PAYMENT,FAMILY_PASS,,5,Transport,COMPLETED,,FamilyPass spending by Rafid Kabir at Pathao Transportation,85717.91,85593.63,,,1818.77,1694.49,"{""owner_id"": 3, ""member_id"": 12, ""merchant"": ""Pathao Transportation"", ""ground_truth_anomaly"": false}",False
TXN-20260713-002173,18,,7,2026-07-13 10:19:24,586.41,MERCHANT_PAYMENT,FAMILY_PASS,,6,Medicine,COMPLETED,,FamilyPass spending by Rumana Alam at Labaid Pharmacy,132028.75,131442.34,,,9853.15,9266.74,"{""owner_id"": 4, ""member_id"": 18, ""merchant"": ""Labaid Pharmacy"", ""ground_truth_anomaly"": false}",False
TXN-20260713-002172,1,,,2026-07-13 10:33:59,100.00,MOBILE_RECHARGE,NORMAL_WALLET,,,Recharge,COMPLETED,,Mobile Recharge to 01710000001,92655.77,92555.77,,,,,"{""operator"": ""Grameenphone"", ""ground_truth_anomaly"": false}",False
TXN-20260713-002168,21,,26,2026-07-13 10:35:37,397.40,MERCHANT_PAYMENT,NORMAL_WALLET,,,Transport,COMPLETED,,Payment to Uber Bangladesh Mobility from Normal Wallet,417295.17,416897.77,,,,,"{""merchant"": ""Uber Bangladesh Mobility"", ""ground_truth_anomaly"": false}",False
TXN-20260713-002164,25,,21,2026-07-13 12:15:07,771.88,MERCHANT_PAYMENT,PURPOSE_FUND,75,,Restaurant/Food,COMPLETED,,Payment to Sultan's Dine Kacchi via Arif's Restaurant/Food Fund,136392.26,136392.26,37460.07,36688.19,,,"{""merchant"": ""Sultan's Dine Kacchi"", ""fund"": ""Arif's Restaurant/Food Fund"", ""ground_truth_anomaly"": false}",False
TXN-20260713-002179,15,,26,2026-07-13 15:50:57,159.23,MERCHANT_PAYMENT,FAMILY_PASS,,10,Transport,COMPLETED,,FamilyPass spending by Zubair Ahmed at Uber Bangladesh Mobility,142283.99,142124.76,,,2602.32,2443.09,"{""owner_id"": 23, ""member_id"": 15, ""merchant"": ""Uber Bangladesh Mobility"", ""ground_truth_anomaly"": false}",False
TXN-20260713-002181,11,,22,2026-07-13 16:24:29,608.52,MERCHANT_PAYMENT,PURPOSE_FUND,40,,Restaurant/Food,COMPLETED,,Payment to Star Kabab & Restaurant via Tanvir's Restaurant/Food Fund,11499.32,11499.32,668.18,59.66,,,"{""merchant"": ""Star Kabab & Restaurant"", ""fund"": ""Tanvir's Restaurant/Food Fund"", ""ground_truth_anomaly"": false}",False
TXN-20260713-002166,5,,20,2026-07-13 16:32:51,271.96,MERCHANT_PAYMENT,PURPOSE_FUND,18,,Electricity,COMPLETED,,Payment to Link3 Internet Utilities via Kamrul's Electricity Fund,81015.83,81015.83,2802.13,2530.17,,,"{""merchant"": ""Link3 Internet Utilities"", ""fund"": ""Kamrul's Electricity Fund"", ""ground_truth_anomaly"": false}",False
TXN-20260713-002167,20,,12,2026-07-13 18:45:32,4159.80,MERCHANT_PAYMENT,PURPOSE_FUND,60,,Treatment,COMPLETED,,Payment to Evercare Hospital Lab via Asif's Treatment Fund,337375.64,337375.64,36781.72,32621.92,,,"{""merchant"": ""Evercare Hospital Lab"", ""fund"": ""Asif's Treatment Fund"", ""ground_truth_anomaly"": false}",False
TXN-20260713-002177,14,,22,2026-07-13 19:02:31,389.84,MERCHANT_PAYMENT,FAMILY_PASS,,8,Restaurant/Food,COMPLETED,,FamilyPass spending by Sakib Chowdhury at Star Kabab & Restaurant,337119.56,336729.72,,,4727.04,4337.20,"{""owner_id"": 20, ""member_id"": 14, ""merchant"": ""Star Kabab & Restaurant"", ""ground_truth_anomaly"": false}",True
TXN-20260713-002178,16,,1,2026-07-13 19:48:50,722.60,MERCHANT_PAYMENT,FAMILY_PASS,,2,Grocery,COMPLETED,,FamilyPass spending by Nasrin Rahman at Agora Super Shop,92555.77,91833.17,,,6551.02,5828.42,"{""owner_id"": 1, ""member_id"": 16, ""merchant"": ""Agora Super Shop"", ""ground_truth_anomaly"": false}",True
TXN-20260713-002170,8,,25,2026-07-13 20:07:08,579.83,MERCHANT_PAYMENT,NORMAL_WALLET,,,Transport,COMPLETED,,Payment to Shohoz Interdistrict Ride from Normal Wallet,162960.97,162381.14,,,,,"{""merchant"": ""Shohoz Interdistrict Ride"", ""ground_truth_anomaly"": false}",False
TXN-20260713-002176,14,,22,2026-07-13 20:47:24,256.08,MERCHANT_PAYMENT,FAMILY_PASS,,8,Restaurant/Food,COMPLETED,,FamilyPass spending by Sakib Chowdhury at Star Kabab & Restaurant,337375.64,337119.56,,,4983.12,4727.04,"{""owner_id"": 20, ""member_id"": 14, ""merchant"": ""Star Kabab & Restaurant"", ""ground_truth_anomaly"": false}",True
TXN-ANOM-20260713-003172,3,,22,2026-07-13 21:13:00,2749.00,MERCHANT_PAYMENT,NORMAL_WALLET,,,Restaurant/Food,COMPLETED,,Large banquet charge at Star Kabab & Restaurant,132263.19,129514.19,,,,,"{""ground_truth_anomaly"": true, ""anomaly_type"": ""SPENDING_BURST""}",True
TXN-20260713-002180,11,,22,2026-07-13 21:26:17,1354.90,MERCHANT_PAYMENT,PURPOSE_FUND,40,,Restaurant/Food,COMPLETED,,Payment to Star Kabab & Restaurant via Tanvir's Restaurant/Food Fund,11499.32,11499.32,2023.08,668.18,,,"{""merchant"": ""Star Kabab & Restaurant"", ""fund"": ""Tanvir's Restaurant/Food Fund"", ""ground_truth_anomaly"": false}",False
TXN-20260713-002171,23,,27,2026-07-13 22:25:44,171.12,MERCHANT_PAYMENT,PURPOSE_FUND,71,,Transport,COMPLETED,,Payment to Pathao Transportation via Shafiqul's Transport Fund,142283.99,142283.99,19645.02,19473.90,,,"{""merchant"": ""Pathao Transportation"", ""fund"": ""Shafiqul's Transport Fund"", ""ground_truth_anomaly"": false}",False
TXN-20260714-002189,12,,30,2026-07-14 08:47:41,532.25,MERCHANT_PAYMENT,NORMAL_WALLET,,,Shopping,COMPLETED,,Payment to Aarong Lifestyle Retail from Normal Wallet,16715.53,16183.28,,,,,"{""merchant"": ""Aarong Lifestyle Retail"", ""ground_truth_anomaly"": false}",False
TXN-20260714-002196,20,,,2026-07-14 09:03:39,300.00,MOBILE_RECHARGE,NORMAL_WALLET,,,Recharge,COMPLETED,,Mobile Recharge to 01710000020,334606.94,334306.94,,,,,"{""operator"": ""Grameenphone"", ""ground_truth_anomaly"": false}",False
TXN-20260714-002193,18,,30,2026-07-14 09:11:06,2627.36,MERCHANT_PAYMENT,PURPOSE_FUND,54,,Shopping,COMPLETED,,Payment to Aarong Lifestyle Retail via Rumana's Shopping Fund,36197.32,36197.32,3050.01,422.65,,,"{""merchant"": ""Aarong Lifestyle Retail"", ""fund"": ""Rumana's Shopping Fund"", ""ground_truth_anomaly"": false}",True
TXN-20260714-002188,8,,13,2026-07-14 09:32:18,3176.01,MERCHANT_PAYMENT,PURPOSE_FUND,32,,Treatment,COMPLETED,,Payment to Popular Diagnostic Centre via Saifur's Treatment Fund,162381.14,162381.14,15381.53,12205.52,,,"{""merchant"": ""Popular Diagnostic Centre"", ""fund"": ""Saifur's Treatment Fund"", ""ground_truth_anomaly"": false}",False
TXN-20260714-002184,9,,28,2026-07-14 09:33:43,403.91,MERCHANT_PAYMENT,PURPOSE_FUND,34,,Rent,COMPLETED,,Payment to Eastern Housing Rental via Shahidul's Rent Fund,173229.61,173229.61,18680.27,18276.36,,,"{""merchant"": ""Eastern Housing Rental"", ""fund"": ""Shahidul's Rent Fund"", ""ground_truth_anomaly"": false}",False
TXN-20260714-002187,25,,4,2026-07-14 11:16:40,858.61,MERCHANT_PAYMENT,PURPOSE_FUND,77,,Grocery,COMPLETED,,Payment to Meena Bazar via Arif's Grocery Fund,136392.26,136392.26,25730.82,24872.21,,,"{""merchant"": ""Meena Bazar"", ""fund"": ""Arif's Grocery Fund"", ""ground_truth_anomaly"": false}",False
TXN-20260714-002183,14,,21,2026-07-14 11:40:43,622.78,MERCHANT_PAYMENT,FAMILY_PASS,,8,Restaurant/Food,COMPLETED,,FamilyPass spending by Sakib Chowdhury at Sultan's Dine Kacchi,336729.72,336106.94,,,4337.20,3714.42,"{""owner_id"": 20, ""member_id"": 14, ""merchant"": ""Sultan's Dine Kacchi"", ""ground_truth_anomaly"": false}",False
TXN-20260714-002186,25,,5,2026-07-14 12:30:35,1325.08,MERCHANT_PAYMENT,PURPOSE_FUND,77,,Grocery,COMPLETED,,Payment to Chaldal Grocery Express via Arif's Grocery Fund,136392.26,136392.26,27055.90,25730.82,,,"{""merchant"": ""Chaldal Grocery Express"", ""fund"": ""Arif's Grocery Fund"", ""ground_truth_anomaly"": false}",False
TXN-REJ-20260714-003282,11,,21,2026-07-14 14:21:00,5111.00,MERCHANT_PAYMENT,FAMILY_PASS,,3,Restaurant/Food,REJECTED,"FamilyPass spending limit exceeded. Remaining allowance: ৳3,500.00, requested: ৳5,111.00",Attempted FamilyPass spending exceeding allowance,206213.36,206213.36,,,3500.00,3500.00,"{""ground_truth_anomaly"": false, ""policy_violation"": ""FAMILYPASS_LIMIT_EXCEEDED""}",False
TXN-20260714-002182,2,,9,2026-07-14 15:01:46,395.18,MERCHANT_PAYMENT,PURPOSE_FUND,8,,Medicine,COMPLETED,,Payment to Green Life Model Pharmacy via Anisul's Medicine Fund,158640.35,158640.35,14611.30,14216.12,,,"{""merchant"": ""Green Life Model Pharmacy"", ""fund"": ""Anisul's Medicine Fund"", ""ground_truth_anomaly"": false}",False
TXN-20260714-002192,19,,8,2026-07-14 16:00:54,531.99,MERCHANT_PAYMENT,PURPOSE_FUND,56,,Medicine,COMPLETED,,Payment to Tamanna Pharmacy via Sadia's Medicine Fund,39819.15,39819.15,14526.44,13994.45,,,"{""merchant"": ""Tamanna Pharmacy"", ""fund"": ""Sadia's Medicine Fund"", ""ground_truth_anomaly"": false}",False
TXN-ANOM-20260714-003198,12,,30,2026-07-14 16:06:00,12253.00,MERCHANT_PAYMENT,NORMAL_WALLET,,,Shopping,COMPLETED,,High value purchase at Aarong Lifestyle Retail,18532.870,6279.870,,,,,"{""ground_truth_anomaly"": true, ""anomaly_type"": ""LARGE_AMOUNT""}",True
TXN-20260714-002194,21,,29,2026-07-14 16:12:44,356.89,MERCHANT_PAYMENT,PURPOSE_FUND,62,,Rent,COMPLETED,,Payment to Rangs Living Rent via Tanzeem's Rent Fund,416897.77,416897.77,83351.17,82994.28,,,"{""merchant"": ""Rangs Living Rent"", ""fund"": ""Tanzeem's Rent Fund"", ""ground_truth_anomaly"": false}",False
TXN-20260714-002200,23,,26,2026-07-14 16:18:47,265.15,MERCHANT_PAYMENT,PURPOSE_FUND,71,,Transport,COMPLETED,,Payment to Uber Bangladesh Mobility via Shafiqul's Transport Fund,142124.76,142124.76,19473.90,19208.75,,,"{""merchant"": ""Uber Bangladesh Mobility"", ""fund"": ""Shafiqul's Transport Fund"", ""ground_truth_anomaly"": false}",False
TXN-20260714-002191,19,,8,2026-07-14 16:27:24,516.51,MERCHANT_PAYMENT,PURPOSE_FUND,56,,Medicine,COMPLETED,,Payment to Tamanna Pharmacy via Sadia's Medicine Fund,39819.15,39819.15,15042.95,14526.44,,,"{""merchant"": ""Tamanna Pharmacy"", ""fund"": ""Sadia's Medicine Fund"", ""ground_truth_anomaly"": false}",False
TXN-20260714-002190,24,,21,2026-07-14 16:57:29,1063.91,MERCHANT_PAYMENT,PURPOSE_FUND,72,,Restaurant/Food,COMPLETED,,Payment to Sultan's Dine Kacchi via Emon's Restaurant/Food Fund,120562.03,120562.03,22498.75,21434.84,,,"{""merchant"": ""Sultan's Dine Kacchi"", ""fund"": ""Emon's Restaurant/Food Fund"", ""ground_truth_anomaly"": false}",False
TXN-20260714-002198,1,,15,2026-07-14 17:05:12,5778.96,MERCHANT_PAYMENT,PURPOSE_FUND,3,,Education,COMPLETED,,Payment to Sunnydale Academy via Tariq's Education Fund,91833.17,91833.17,14740.10,8961.14,,,"{""merchant"": ""Sunnydale Academy"", ""fund"": ""Tariq's Education Fund"", ""ground_truth_anomaly"": false}",False
TXN-20260714-002199,17,,6,2026-07-14 17:37:00,434.47,MERCHANT_PAYMENT,FAMILY_PASS,,4,Grocery,COMPLETED,,FamilyPass spending by Farzana Haque at Karwan Bazar Wholesale,158640.35,158205.88,,,7563.31,7128.84,"{""owner_id"": 2, ""member_id"": 17, ""merchant"": ""Karwan Bazar Wholesale"", ""ground_truth_anomaly"": false}",False
TXN-20260714-002185,4,,,2026-07-14 19:51:40,200.00,MOBILE_RECHARGE,NORMAL_WALLET,,,Recharge,COMPLETED,,Mobile Recharge to 01710000004,131442.34,131242.34,,,,,"{""operator"": ""Grameenphone"", ""ground_truth_anomaly"": false}",False
TXN-20260714-002195,20,19,,2026-07-14 20:58:34,1500.00,SEND_MONEY,NORMAL_WALLET,,,Transfer,COMPLETED,,Sent money to Sadia Chowdhury,336106.94,334606.94,,,,,"{""recipient_phone"": ""01710000019"", ""ground_truth_anomaly"": false}",False
TXN-20260714-002197,22,,11,2026-07-14 23:56:39,1851.34,MERCHANT_PAYMENT,PURPOSE_FUND,66,,Treatment,COMPLETED,,Payment to Square Hospital Diagnostic via Nafis's Treatment Fund,290908.17,290908.17,55822.51,53971.17,,,"{""merchant"": ""Square Hospital Diagnostic"", ""fund"": ""Nafis's Treatment Fund"", ""ground_truth_anomaly"": false}",False
TXN-20260715-002205,6,,20,2026-07-15 08:20:26,320.25,MERCHANT_PAYMENT,PURPOSE_FUND,23,,Electricity,COMPLETED,,Payment to Link3 Internet Utilities via Zahid's Electricity Fund,163015.77,163015.77,320.25,0.00,,,"{""merchant"": ""Link3 Internet Utilities"", ""fund"": ""Zahid's Electricity Fund"", ""ground_truth_anomaly"": false}",False
TXN-20260715-002201,1,,,2026-07-15 09:01:30,500.00,MOBILE_RECHARGE,NORMAL_WALLET,,,Recharge,COMPLETED,,Mobile Recharge to 01710000001,91833.17,91333.17,,,,,"{""operator"": ""Grameenphone"", ""ground_truth_anomaly"": false}",False
TXN-20260715-002206,6,,30,2026-07-15 09:37:52,1466.41,MERCHANT_PAYMENT,PURPOSE_FUND,24,,Shopping,COMPLETED,,Payment to Aarong Lifestyle Retail via Zahid's Shopping Fund,163015.77,163015.77,10243.14,8776.73,,,"{""merchant"": ""Aarong Lifestyle Retail"", ""fund"": ""Zahid's Shopping Fund"", ""ground_truth_anomaly"": false}",False
TXN-20260715-002208,21,,24,2026-07-15 10:50:41,100.00,MERCHANT_PAYMENT,PURPOSE_FUND,63,,Restaurant/Food,COMPLETED,,Payment to Takeout Gourmet Burgers via Tanzeem's Restaurant/Food Fund,416897.77,416897.77,59714.91,59614.91,,,"{""merchant"": ""Takeout Gourmet Burgers"", ""fund"": ""Tanzeem's Restaurant/Food Fund"", ""ground_truth_anomaly"": false}",False
TXN-20260715-002219,15,,22,2026-07-15 12:18:08,395.24,MERCHANT_PAYMENT,NORMAL_WALLET,,,Restaurant/Food,COMPLETED,,Payment to Star Kabab & Restaurant from Normal Wallet,13830.29,13435.05,,,,,"{""merchant"": ""Star Kabab & Restaurant"", ""ground_truth_anomaly"": false}",False
TXN-20260715-002212,14,,30,2026-07-15 12:38:35,1500.42,MERCHANT_PAYMENT,PURPOSE_FUND,46,,Shopping,COMPLETED,,Payment to Aarong Lifestyle Retail via Sakib's Shopping Fund,21132.08,21132.08,1500.42,0.00,,,"{""merchant"": ""Aarong Lifestyle Retail"", ""fund"": ""Sakib's Shopping Fund"", ""ground_truth_anomaly"": false}",False
TXN-20260715-002217,23,,30,2026-07-15 12:50:28,292.16,MERCHANT_PAYMENT,NORMAL_WALLET,,,Shopping,COMPLETED,,Payment to Aarong Lifestyle Retail from Normal Wallet,142124.76,141832.60,,,,,"{""merchant"": ""Aarong Lifestyle Retail"", ""ground_truth_anomaly"": false}",False
TXN-20260715-002211,14,,30,2026-07-15 12:53:01,1085.69,MERCHANT_PAYMENT,PURPOSE_FUND,46,,Shopping,COMPLETED,,Payment to Aarong Lifestyle Retail via Sakib's Shopping Fund,21132.08,21132.08,2586.11,1500.42,,,"{""merchant"": ""Aarong Lifestyle Retail"", ""fund"": ""Sakib's Shopping Fund"", ""ground_truth_anomaly"": false}",False
TXN-20260715-002216,23,,26,2026-07-15 13:53:40,281.60,MERCHANT_PAYMENT,PURPOSE_FUND,71,,Transport,COMPLETED,,Payment to Uber Bangladesh Mobility via Shafiqul's Transport Fund,142124.76,142124.76,19208.75,18927.15,,,"{""merchant"": ""Uber Bangladesh Mobility"", ""fund"": ""Shafiqul's Transport Fund"", ""ground_truth_anomaly"": false}",False
TXN-20260715-002218,15,,25,2026-07-15 14:20:46,214.82,MERCHANT_PAYMENT,FAMILY_PASS,,10,Transport,COMPLETED,,FamilyPass spending by Zubair Ahmed at Shohoz Interdistrict Ride,141832.60,141617.78,,,2443.09,2228.27,"{""owner_id"": 23, ""member_id"": 15, ""merchant"": ""Shohoz Interdistrict Ride"", ""ground_truth_anomaly"": false}",False
TXN-ANOM-20260715-003193,7,,13,2026-07-15 14:25:00,9714.00,MERCHANT_PAYMENT,NORMAL_WALLET,,,Treatment,COMPLETED,,Emergency diagnostic package at Popular Diagnostic Centre,108538.11,98824.11,,,,,"{""ground_truth_anomaly"": true, ""anomaly_type"": ""UNUSUAL_CATEGORY""}",True
TXN-20260715-002214,19,,4,2026-07-15 15:03:10,626.07,MERCHANT_PAYMENT,FAMILY_PASS,,9,Grocery,COMPLETED,,FamilyPass spending by Sadia Chowdhury at Meena Bazar,333575.54,332949.47,,,11641.79,11015.72,"{""owner_id"": 20, ""member_id"": 19, ""merchant"": ""Meena Bazar"", ""ground_truth_anomaly"": false}",True
TXN-20260715-002203,4,,28,2026-07-15 15:13:09,545.73,MERCHANT_PAYMENT,PURPOSE_FUND,14,,Rent,COMPLETED,,Payment to Eastern Housing Rental via Mahbub's Rent Fund,131242.34,131242.34,53024.17,52478.44,,,"{""merchant"": ""Eastern Housing Rental"", ""fund"": ""Mahbub's Rent Fund"", ""ground_truth_anomaly"": false}",False
TXN-20260715-002202,1,,2,2026-07-15 16:02:58,411.55,MERCHANT_PAYMENT,PURPOSE_FUND,1,,Grocery,COMPLETED,,Payment to Shwapno Superstore via Tariq's Grocery Fund,91333.17,91333.17,65709.08,65297.53,,,"{""merchant"": ""Shwapno Superstore"", ""fund"": ""Tariq's Grocery Fund"", ""ground_truth_anomaly"": false}",False
TXN-20260715-002207,21,,24,2026-07-15 17:05:55,948.72,MERCHANT_PAYMENT,PURPOSE_FUND,63,,Restaurant/Food,COMPLETED,,Payment to Takeout Gourmet Burgers via Tanzeem's Restaurant/Food Fund,416897.77,416897.77,60663.63,59714.91,,,"{""merchant"": ""Takeout Gourmet Burgers"", ""fund"": ""Tanzeem's Restaurant/Food Fund"", ""ground_truth_anomaly"": false}",False
TXN-20260715-002215,9,,10,2026-07-15 17:34:07,658.89,MERCHANT_PAYMENT,PURPOSE_FUND,36,,Medicine,COMPLETED,,Payment to Square Hospital Pharmacy via Shahidul's Medicine Fund,173229.61,173229.61,16879.19,16220.30,,,"{""merchant"": ""Square Hospital Pharmacy"", ""fund"": ""Shahidul's Medicine Fund"", ""ground_truth_anomaly"": false}",False
TXN-20260715-002220,16,,5,2026-07-15 17:40:33,917.21,MERCHANT_PAYMENT,PURPOSE_FUND,49,,Grocery,COMPLETED,,Payment to Chaldal Grocery Express via Nasrin's Grocery Fund,19118.70,19118.70,25060.32,24143.11,,,"{""merchant"": ""Chaldal Grocery Express"", ""fund"": ""Nasrin's Grocery Fund"", ""ground_truth_anomaly"": false}",True
TXN-20260715-002210,11,,21,2026-07-15 19:12:31,442.31,MERCHANT_PAYMENT,FAMILY_PASS,,3,Restaurant/Food,COMPLETED,,FamilyPass spending by Tanvir Haque at Sultan's Dine Kacchi,158205.88,157763.57,,,672.74,230.43,"{""owner_id"": 2, ""member_id"": 11, ""merchant"": ""Sultan's Dine Kacchi"", ""ground_truth_anomaly"": false}",False
TXN-20260715-002213,19,,2,2026-07-15 20:17:38,731.40,MERCHANT_PAYMENT,FAMILY_PASS,,9,Grocery,COMPLETED,,FamilyPass spending by Sadia Chowdhury at Shwapno Superstore,334306.94,333575.54,,,12373.19,11641.79,"{""owner_id"": 20, ""member_id"": 19, ""merchant"": ""Shwapno Superstore"", ""ground_truth_anomaly"": false}",False
TXN-20260715-002209,12,,25,2026-07-15 20:18:14,226.44,MERCHANT_PAYMENT,FAMILY_PASS,,5,Transport,COMPLETED,,FamilyPass spending by Rafid Kabir at Shohoz Interdistrict Ride,85445.92,85219.48,,,1546.78,1320.34,"{""owner_id"": 3, ""member_id"": 12, ""merchant"": ""Shohoz Interdistrict Ride"", ""ground_truth_anomaly"": false}",False
TXN-20260715-002204,4,,,2026-07-15 20:26:22,200.00,MOBILE_RECHARGE,NORMAL_WALLET,,,Recharge,COMPLETED,,Mobile Recharge to 01710000004,131242.34,131042.34,,,,,"{""operator"": ""Grameenphone"", ""ground_truth_anomaly"": false}",False
TXN-20260715-002221,3,,14,2026-07-15 20:34:31,4583.26,MERCHANT_PAYMENT,PURPOSE_FUND,10,,Education,COMPLETED,,Payment to Scholastica School via Farhan's Education Fund,85219.48,85219.48,16077.35,11494.09,,,"{""merchant"": ""Scholastica School"", ""fund"": ""Farhan's Education Fund"", ""ground_truth_anomaly"": false}",False
TXN-20260716-002230,4,,29,2026-07-16 08:03:29,552.18,MERCHANT_PAYMENT,PURPOSE_FUND,14,,Rent,COMPLETED,,Payment to Rangs Living Rent via Mahbub's Rent Fund,131042.34,131042.34,52478.44,51926.26,,,"{""merchant"": ""Rangs Living Rent"", ""fund"": ""Mahbub's Rent Fund"", ""ground_truth_anomaly"": false}",False
TXN-20260716-002226,3,,27,2026-07-16 08:23:08,115.13,MERCHANT_PAYMENT,PURPOSE_FUND,12,,Transport,COMPLETED,,Payment to Pathao Transportation via Farhan's Transport Fund,85219.48,85219.48,15522.59,15407.46,,,"{""merchant"": ""Pathao Transportation"", ""fund"": ""Farhan's Transport Fund"", ""ground_truth_anomaly"": false}",False
TXN-20260716-002234,5,,6,2026-07-16 08:24:29,1159.46,MERCHANT_PAYMENT,PURPOSE_FUND,17,,Grocery,COMPLETED,,Payment to Karwan Bazar Wholesale via Kamrul's Grocery Fund,79525.68,79525.68,47070.62,45911.16,,,"{""merchant"": ""Karwan Bazar Wholesale"", ""fund"": ""Kamrul's Grocery Fund"", ""ground_truth_anomaly"": false}",True
TXN-20260716-002224,22,,16,2026-07-16 10:12:40,5074.56,MERCHANT_PAYMENT,PURPOSE_FUND,67,,Education,COMPLETED,,Payment to Daffodil University Tuition via Nafis's Education Fund,290908.17,290908.17,51673.87,46599.31,,,"{""merchant"": ""Daffodil University Tuition"", ""fund"": ""Nafis's Education Fund"", ""ground_truth_anomaly"": false}",False
TXN-20260716-002238,1,,19,2026-07-16 10:20:22,580.19,MERCHANT_PAYMENT,PURPOSE_FUND,2,,Electricity,COMPLETED,,Payment to DPDC Electricity Payment via Tariq's Electricity Fund,90802.85,90802.85,2870.51,2290.32,,,"{""merchant"": ""DPDC Electricity Payment"", ""fund"": ""Tariq's Electricity Fund"", ""ground_truth_anomaly"": false}",False
TXN-20260716-002233,13,,,2026-07-16 10:20:40,200.00,MOBILE_RECHARGE,NORMAL_WALLET,,,Recharge,COMPLETED,,Mobile Recharge to 01710000013,10309.25,10109.25,,,,,"{""operator"": ""Grameenphone"", ""ground_truth_anomaly"": false}",False
TXN-20260716-002229,20,,30,2026-07-16 11:05:23,2071.98,MERCHANT_PAYMENT,PURPOSE_FUND,59,,Shopping,COMPLETED,,Payment to Aarong Lifestyle Retail via Asif's Shopping Fund,332949.47,332949.47,65778.88,63706.90,,,"{""merchant"": ""Aarong Lifestyle Retail"", ""fund"": ""Asif's Shopping Fund"", ""ground_truth_anomaly"": false}",False
TXN-20260716-002239,1,,3,2026-07-16 11:13:40,807.12,MERCHANT_PAYMENT,PURPOSE_FUND,1,,Grocery,COMPLETED,,Payment to Unimart Hypermarket via Tariq's Grocery Fund,90802.85,90802.85,65297.53,64490.41,,,"{""merchant"": ""Unimart Hypermarket"", ""fund"": ""Tariq's Grocery Fund"", ""ground_truth_anomaly"": false}",False
TXN-20260716-002240,19,,1,2026-07-16 12:34:12,1019.81,MERCHANT_PAYMENT,PURPOSE_FUND,55,,Grocery,COMPLETED,,Payment to Agora Super Shop via Sadia's Grocery Fund,41319.15,41319.15,36697.31,35677.50,,,"{""merchant"": ""Agora Super Shop"", ""fund"": ""Sadia's Grocery Fund"", ""ground_truth_anomaly"": false}",False
TXN-20260716-002232,13,,15,2026-07-16 13:10:22,1490.15,MERCHANT_PAYMENT,FAMILY_PASS,,7,Education,COMPLETED,,FamilyPass spending by Nahian Hasan at Sunnydale Academy,81015.83,79525.68,,,1639.67,149.52,"{""owner_id"": 5, ""member_id"": 13, ""merchant"": ""Sunnydale Academy"", ""ground_truth_anomaly"": false}",False
TXN-20260716-002236,23,,27,2026-07-16 13:13:12,186.75,MERCHANT_PAYMENT,PURPOSE_FUND,71,,Transport,COMPLETED,,Payment to Pathao Transportation via Shafiqul's Transport Fund,141617.78,141617.78,18927.15,18740.40,,,"{""merchant"": ""Pathao Transportation"", ""fund"": ""Shafiqul's Transport Fund"", ""ground_truth_anomaly"": false}",False
TXN-20260716-002237,14,,21,2026-07-16 13:39:25,491.62,MERCHANT_PAYMENT,FAMILY_PASS,,8,Restaurant/Food,COMPLETED,,FamilyPass spending by Sakib Chowdhury at Sultan's Dine Kacchi,332949.47,332457.85,,,3714.42,3222.80,"{""owner_id"": 20, ""member_id"": 14, ""merchant"": ""Sultan's Dine Kacchi"", ""ground_truth_anomaly"": false}",False
TXN-REJ-20260716-003262,24,,10,2026-07-16 13:48:00,789.00,MERCHANT_PAYMENT,PURPOSE_FUND,72,,Medicine,REJECTED,"Category Restriction Mismatch: Merchant 'Square Hospital Pharmacy' is registered as 'Medicine', but 'Emon's Restaurant/Food Fund' can ONLY be used for 'Restaurant/Food' payments.",Attempted payment to Square Hospital Pharmacy via Emon's Restaurant/Food Fund,174343.75,174343.75,48509.61,48509.61,,,"{""ground_truth_anomaly"": false, ""policy_violation"": ""CATEGORY_RESTRICTION_ERROR""}",False
TXN-ANOM-20260716-003174,11,,12,2026-07-16 15:52:00,8780.00,MERCHANT_PAYMENT,NORMAL_WALLET,,,Treatment,COMPLETED,,Emergency diagnostic package at Evercare Hospital Lab,30196.87,21416.87,,,,,"{""ground_truth_anomaly"": true, ""anomaly_type"": ""UNUSUAL_CATEGORY""}",True
TXN-20260716-002228,12,,26,2026-07-16 17:01:00,194.99,MERCHANT_PAYMENT,PURPOSE_FUND,42,,Transport,COMPLETED,,Payment to Uber Bangladesh Mobility via Rafid's Transport Fund,16183.28,16183.28,4216.70,4021.71,,,"{""merchant"": ""Uber Bangladesh Mobility"", ""fund"": ""Rafid's Transport Fund"", ""ground_truth_anomaly"": false}",False
TXN-20260716-002227,21,,30,2026-07-16 17:31:23,393.85,MERCHANT_PAYMENT,NORMAL_WALLET,,,Shopping,COMPLETED,,Payment to Aarong Lifestyle Retail from Normal Wallet,416897.77,416503.92,,,,,"{""merchant"": ""Aarong Lifestyle Retail"", ""ground_truth_anomaly"": false}",False
TXN-20260716-002223,25,,2,2026-07-16 17:55:37,932.82,MERCHANT_PAYMENT,PURPOSE_FUND,77,,Grocery,COMPLETED,,Payment to Shwapno Superstore via Arif's Grocery Fund,136392.26,136392.26,24872.21,23939.39,,,"{""merchant"": ""Shwapno Superstore"", ""fund"": ""Arif's Grocery Fund"", ""ground_truth_anomaly"": false}",True
TXN-20260716-002235,8,22,,2026-07-16 18:21:45,300.00,SEND_MONEY,NORMAL_WALLET,,,Transfer,COMPLETED,,Sent money to Nafis Fuad,162381.14,162081.14,,,,,"{""recipient_phone"": ""01710000022"", ""ground_truth_anomaly"": false}",False
TXN-20260716-002222,16,,5,2026-07-16 20:09:37,530.32,MERCHANT_PAYMENT,FAMILY_PASS,,2,Grocery,COMPLETED,,FamilyPass spending by Nasrin Rahman at Chaldal Grocery Express,91333.17,90802.85,,,5828.42,5298.10,"{""owner_id"": 1, ""member_id"": 16, ""merchant"": ""Chaldal Grocery Express"", ""ground_truth_anomaly"": false}",False
TXN-20260716-002231,4,,7,2026-07-16 20:16:31,416.61,MERCHANT_PAYMENT,PURPOSE_FUND,16,,Medicine,COMPLETED,,Payment to Labaid Pharmacy via Mahbub's Medicine Fund,131042.34,131042.34,28413.08,27996.47,,,"{""merchant"": ""Labaid Pharmacy"", ""fund"": ""Mahbub's Medicine Fund"", ""ground_truth_anomaly"": false}",False
TXN-20260716-002225,18,,2,2026-07-16 20:52:12,598.02,MERCHANT_PAYMENT,PURPOSE_FUND,53,,Grocery,COMPLETED,,Payment to Shwapno Superstore via Rumana's Grocery Fund,36197.32,36197.32,30032.54,29434.52,,,"{""merchant"": ""Shwapno Superstore"", ""fund"": ""Rumana's Grocery Fund"", ""ground_truth_anomaly"": false}",True
TXN-20260717-002247,20,,11,2026-07-17 09:11:19,3794.72,MERCHANT_PAYMENT,PURPOSE_FUND,60,,Treatment,COMPLETED,,Payment to Square Hospital Diagnostic via Asif's Treatment Fund,332457.85,332457.85,32621.92,28827.20,,,"{""merchant"": ""Square Hospital Diagnostic"", ""fund"": ""Asif's Treatment Fund"", ""ground_truth_anomaly"": false}",False
TXN-20260717-002242,24,,26,2026-07-17 09:35:22,381.47,MERCHANT_PAYMENT,PURPOSE_FUND,74,,Transport,COMPLETED,,Payment to Uber Bangladesh Mobility via Emon's Transport Fund,120562.03,120562.03,16393.37,16011.90,,,"{""merchant"": ""Uber Bangladesh Mobility"", ""fund"": ""Emon's Transport Fund"", ""ground_truth_anomaly"": false}",False
TXN-20260717-002253,7,,7,2026-07-17 10:18:51,447.21,MERCHANT_PAYMENT,PURPOSE_FUND,27,,Medicine,COMPLETED,,Payment to Labaid Pharmacy via Delwar's Medicine Fund,99951.89,99951.89,17615.11,17167.90,,,"{""merchant"": ""Labaid Pharmacy"", ""fund"": ""Delwar's Medicine Fund"", ""ground_truth_anomaly"": false}",False
TXN-20260717-002252,15,,27,2026-07-17 10:19:25,172.34,MERCHANT_PAYMENT,FAMILY_PASS,,10,Transport,COMPLETED,,FamilyPass spending by Zubair Ahmed at Pathao Transportation,141617.78,141445.44,,,2228.27,2055.93,"{""owner_id"": 23, ""member_id"": 15, ""merchant"": ""Pathao Transportation"", ""ground_truth_anomaly"": false}",False
TXN-20260717-002256,17,,6,2026-07-17 10:23:23,490.16,MERCHANT_PAYMENT,FAMILY_PASS,,4,Grocery,COMPLETED,,FamilyPass spending by Farzana Haque at Karwan Bazar Wholesale,157763.57,157273.41,,,7128.84,6638.68,"{""owner_id"": 2, ""member_id"": 17, ""merchant"": ""Karwan Bazar Wholesale"", ""ground_truth_anomaly"": false}",True
TXN-ANOM-20260717-003138,25,,12,2026-07-17 11:38:00,13151.00,MERCHANT_PAYMENT,NORMAL_WALLET,,,Treatment,COMPLETED,,Emergency diagnostic package at Evercare Hospital Lab,210927.01,197776.01,,,,,"{""ground_truth_anomaly"": true, ""anomaly_type"": ""UNUSUAL_CATEGORY""}",True
TXN-20260717-002250,8,,,2026-07-17 15:55:35,100.00,MOBILE_RECHARGE,NORMAL_WALLET,,,Recharge,COMPLETED,,Mobile Recharge to 01710000008,162081.14,161981.14,,,,,"{""operator"": ""Grameenphone"", ""ground_truth_anomaly"": false}",False
TXN-20260717-002244,5,,2,2026-07-17 16:22:17,559.43,MERCHANT_PAYMENT,PURPOSE_FUND,17,,Grocery,COMPLETED,,Payment to Shwapno Superstore via Kamrul's Grocery Fund,79525.68,79525.68,45911.16,45351.73,,,"{""merchant"": ""Shwapno Superstore"", ""fund"": ""Kamrul's Grocery Fund"", ""ground_truth_anomaly"": false}",False
TXN-20260717-002261,3,,,2026-07-17 16:59:20,1000.00,CASH_OUT,NORMAL_WALLET,,,Cash Out,COMPLETED,,Agent Cash Out Withdrawal,84972.06,83972.06,,,,,"{""agent_code"": ""AGT-7712"", ""ground_truth_anomaly"": false}",False
TXN-20260717-002254,7,,,2026-07-17 17:19:50,500.00,MOBILE_RECHARGE,NORMAL_WALLET,,,Recharge,COMPLETED,,Mobile Recharge to 01710000007,99951.89,99451.89,,,,,"{""operator"": ""Grameenphone"", ""ground_truth_anomaly"": false}",False
TXN-20260717-002249,14,,22,2026-07-17 17:31:02,452.49,MERCHANT_PAYMENT,FAMILY_PASS,,8,Restaurant/Food,COMPLETED,,FamilyPass spending by Sakib Chowdhury at Star Kabab & Restaurant,332457.85,332005.36,,,3222.80,2770.31,"{""owner_id"": 20, ""member_id"": 14, ""merchant"": ""Star Kabab & Restaurant"", ""ground_truth_anomaly"": false}",True
TXN-20260717-002248,14,,23,2026-07-17 17:35:42,1932.89,MERCHANT_PAYMENT,PURPOSE_FUND,45,,Restaurant/Food,COMPLETED,,Payment to Kacchi Bhai Biryani via Sakib's Restaurant/Food Fund,21132.08,21132.08,9250.46,7317.57,,,"{""merchant"": ""Kacchi Bhai Biryani"", ""fund"": ""Sakib's Restaurant/Food Fund"", ""ground_truth_anomaly"": false}",False
TXN-20260717-002258,13,,,2026-07-17 18:29:45,1000.00,CASH_OUT,NORMAL_WALLET,,,Cash Out,COMPLETED,,Agent Cash Out Withdrawal,9609.25,8609.25,,,,,"{""agent_code"": ""AGT-7712"", ""ground_truth_anomaly"": false}",False
TXN-20260717-002251,21,,,2026-07-17 18:43:50,50.00,MOBILE_RECHARGE,NORMAL_WALLET,,,Recharge,COMPLETED,,Mobile Recharge to 01710000021,416503.92,416453.92,,,,,"{""operator"": ""Grameenphone"", ""ground_truth_anomaly"": false}",False
TXN-20260717-002241,24,,21,2026-07-17 19:17:45,977.46,MERCHANT_PAYMENT,PURPOSE_FUND,72,,Restaurant/Food,COMPLETED,,Payment to Sultan's Dine Kacchi via Emon's Restaurant/Food Fund,120562.03,120562.03,21434.84,20457.38,,,"{""merchant"": ""Sultan's Dine Kacchi"", ""fund"": ""Emon's Restaurant/Food Fund"", ""ground_truth_anomaly"": false}",False
TXN-20260717-002260,19,,6,2026-07-17 19:29:46,661.44,MERCHANT_PAYMENT,FAMILY_PASS,,9,Grocery,COMPLETED,,FamilyPass spending by Sadia Chowdhury at Karwan Bazar Wholesale,332005.36,331343.92,,,11015.72,10354.28,"{""owner_id"": 20, ""member_id"": 19, ""merchant"": ""Karwan Bazar Wholesale"", ""ground_truth_anomaly"": false}",True
TXN-20260717-002246,25,,6,2026-07-17 19:32:18,935.12,MERCHANT_PAYMENT,PURPOSE_FUND,77,,Grocery,COMPLETED,,Payment to Karwan Bazar Wholesale via Arif's Grocery Fund,136392.26,136392.26,23939.39,23004.27,,,"{""merchant"": ""Karwan Bazar Wholesale"", ""fund"": ""Arif's Grocery Fund"", ""ground_truth_anomaly"": false}",False
TXN-20260717-002259,19,,,2026-07-17 19:57:52,1000.00,CASH_OUT,NORMAL_WALLET,,,Cash Out,COMPLETED,,Agent Cash Out Withdrawal,41319.15,40319.15,,,,,"{""agent_code"": ""AGT-7712"", ""ground_truth_anomaly"": false}",False
TXN-20260717-002263,10,,27,2026-07-17 20:48:24,351.71,MERCHANT_PAYMENT,PURPOSE_FUND,38,,Transport,COMPLETED,,Payment to Pathao Transportation via Samiul's Transport Fund,10824.06,10824.06,6603.09,6251.38,,,"{""merchant"": ""Pathao Transportation"", ""fund"": ""Samiul's Transport Fund"", ""ground_truth_anomaly"": false}",False
TXN-20260717-002243,12,,27,2026-07-17 20:55:31,247.42,MERCHANT_PAYMENT,FAMILY_PASS,,5,Transport,COMPLETED,,FamilyPass spending by Rafid Kabir at Pathao Transportation,85219.48,84972.06,,,1320.34,1072.92,"{""owner_id"": 3, ""member_id"": 12, ""merchant"": ""Pathao Transportation"", ""ground_truth_anomaly"": false}",False
TXN-20260717-002257,13,,,2026-07-17 21:49:17,500.00,MOBILE_RECHARGE,NORMAL_WALLET,,,Recharge,COMPLETED,,Mobile Recharge to 01710000013,10109.25,9609.25,,,,,"{""operator"": ""Grameenphone"", ""ground_truth_anomaly"": false}",False
TXN-20260717-002245,5,,2,2026-07-17 21:55:52,1093.56,MERCHANT_PAYMENT,PURPOSE_FUND,17,,Grocery,COMPLETED,,Payment to Shwapno Superstore via Kamrul's Grocery Fund,79525.68,79525.68,45351.73,44258.17,,,"{""merchant"": ""Shwapno Superstore"", ""fund"": ""Kamrul's Grocery Fund"", ""ground_truth_anomaly"": false}",True
TXN-20260717-002255,16,,6,2026-07-17 21:59:42,613.53,MERCHANT_PAYMENT,PURPOSE_FUND,49,,Grocery,COMPLETED,,Payment to Karwan Bazar Wholesale via Nasrin's Grocery Fund,19118.70,19118.70,24143.11,23529.58,,,"{""merchant"": ""Karwan Bazar Wholesale"", ""fund"": ""Nasrin's Grocery Fund"", ""ground_truth_anomaly"": false}",True
TXN-20260717-002262,23,,30,2026-07-17 22:25:19,2045.26,MERCHANT_PAYMENT,PURPOSE_FUND,70,,Shopping,COMPLETED,,Payment to Aarong Lifestyle Retail via Shafiqul's Shopping Fund,141445.44,141445.44,23925.81,21880.55,,,"{""merchant"": ""Aarong Lifestyle Retail"", ""fund"": ""Shafiqul's Shopping Fund"", ""ground_truth_anomaly"": false}",False
TXN-20260718-002278,25,,4,2026-07-18 10:13:10,743.75,MERCHANT_PAYMENT,PURPOSE_FUND,77,,Grocery,COMPLETED,,Payment to Meena Bazar via Arif's Grocery Fund,136392.26,136392.26,23004.27,22260.52,,,"{""merchant"": ""Meena Bazar"", ""fund"": ""Arif's Grocery Fund"", ""ground_truth_anomaly"": false}",True
TXN-20260718-002281,23,,,2026-07-18 10:57:37,1000.00,CASH_OUT,NORMAL_WALLET,,,Cash Out,COMPLETED,,Agent Cash Out Withdrawal,141445.44,140445.44,,,,,"{""agent_code"": ""AGT-7712"", ""ground_truth_anomaly"": false}",False
TXN-20260718-002273,17,,3,2026-07-18 11:33:23,722.58,MERCHANT_PAYMENT,FAMILY_PASS,,4,Grocery,COMPLETED,,FamilyPass spending by Farzana Haque at Unimart Hypermarket,157273.41,156550.83,,,6638.68,5916.10,"{""owner_id"": 2, ""member_id"": 17, ""merchant"": ""Unimart Hypermarket"", ""ground_truth_anomaly"": false}",True
TXN-20260718-002265,7,,10,2026-07-18 12:47:42,335.25,MERCHANT_PAYMENT,PURPOSE_FUND,27,,Medicine,COMPLETED,,Payment to Square Hospital Pharmacy via Delwar's Medicine Fund,99451.89,99451.89,17167.90,16832.65,,,"{""merchant"": ""Square Hospital Pharmacy"", ""fund"": ""Delwar's Medicine Fund"", ""ground_truth_anomaly"": false}",False
TXN-20260718-002266,7,,7,2026-07-18 12:54:32,464.57,MERCHANT_PAYMENT,PURPOSE_FUND,27,,Medicine,COMPLETED,,Payment to Labaid Pharmacy via Delwar's Medicine Fund,99451.89,99451.89,16832.65,16368.08,,,"{""merchant"": ""Labaid Pharmacy"", ""fund"": ""Delwar's Medicine Fund"", ""ground_truth_anomaly"": false}",False
TXN-20260718-002274,19,,3,2026-07-18 13:38:59,639.47,MERCHANT_PAYMENT,FAMILY_PASS,,9,Grocery,COMPLETED,,FamilyPass spending by Sadia Chowdhury at Unimart Hypermarket,331343.92,330704.45,,,10354.28,9714.81,"{""owner_id"": 20, ""member_id"": 19, ""merchant"": ""Unimart Hypermarket"", ""ground_truth_anomaly"": false}",False
TXN-20260718-002277,5,,7,2026-07-18 14:01:45,721.30,MERCHANT_PAYMENT,PURPOSE_FUND,19,,Medicine,COMPLETED,,Payment to Labaid Pharmacy via Kamrul's Medicine Fund,79525.68,79525.68,19130.17,18408.87,,,"{""merchant"": ""Labaid Pharmacy"", ""fund"": ""Kamrul's Medicine Fund"", ""ground_truth_anomaly"": false}",False
TXN-20260718-002282,23,,,2026-07-18 14:22:50,2000.00,CASH_OUT,NORMAL_WALLET,,,Cash Out,COMPLETED,,Agent Cash Out Withdrawal,140445.44,138445.44,,,,,"{""agent_code"": ""AGT-7712"", ""ground_truth_anomaly"": false}",False
TXN-20260718-002269,6,,4,2026-07-18 16:17:57,678.47,MERCHANT_PAYMENT,PURPOSE_FUND,21,,Grocery,COMPLETED,,Payment to Meena Bazar via Zahid's Grocery Fund,163015.77,163015.77,66361.83,65683.36,,,"{""merchant"": ""Meena Bazar"", ""fund"": ""Zahid's Grocery Fund"", ""ground_truth_anomaly"": false}",False
TXN-20260718-002280,18,,,2026-07-18 17:13:18,500.00,MOBILE_RECHARGE,NORMAL_WALLET,,,Recharge,COMPLETED,,Mobile Recharge to 01710000018,36197.32,35697.32,,,,,"{""operator"": ""Grameenphone"", ""ground_truth_anomaly"": false}",False
TXN-20260718-002283,15,,14,2026-07-18 17:14:05,4500.00,MERCHANT_PAYMENT,PURPOSE_FUND,47,,Education,COMPLETED,,Payment to Scholastica School via Zubair's Education Fund,13435.05,13435.05,4500.00,0.00,,,"{""merchant"": ""Scholastica School"", ""fund"": ""Zubair's Education Fund"", ""ground_truth_anomaly"": false}",False
TXN-20260718-002271,22,,30,2026-07-18 17:15:05,1984.79,MERCHANT_PAYMENT,PURPOSE_FUND,68,,Shopping,COMPLETED,,Payment to Aarong Lifestyle Retail via Nafis's Shopping Fund,291208.17,291208.17,43644.83,41660.04,,,"{""merchant"": ""Aarong Lifestyle Retail"", ""fund"": ""Nafis's Shopping Fund"", ""ground_truth_anomaly"": false}",True
TXN-REJ-20260718-003301,11,,30,2026-07-18 17:18:00,730.00,MERCHANT_PAYMENT,FAMILY_PASS,,3,Shopping,REJECTED,Category Restriction Mismatch: Merchant 'Aarong Lifestyle Retail' category 'Shopping' is not allowed for this FamilyPass.,Attempted FamilyPass spending at Aarong Lifestyle Retail,206213.36,206213.36,,,3500.00,3500.00,"{""ground_truth_anomaly"": false, ""policy_violation"": ""FAMILYPASS_CATEGORY_MISMATCH""}",False
TXN-20260718-002272,10,,16,2026-07-18 19:08:03,1301.04,MERCHANT_PAYMENT,FAMILY_PASS,,1,Education,COMPLETED,,FamilyPass spending by Samiul Tariq at Daffodil University Tuition,90802.85,89501.81,,,4500.00,3198.96,"{""owner_id"": 1, ""member_id"": 10, ""merchant"": ""Daffodil University Tuition"", ""ground_truth_anomaly"": false}",False
TXN-20260718-002267,12,,17,2026-07-18 19:32:59,1331.46,MERCHANT_PAYMENT,PURPOSE_FUND,41,,Education,COMPLETED,,Payment to Mastermind School via Rafid's Education Fund,16183.28,16183.28,1331.46,0.00,,,"{""merchant"": ""Mastermind School"", ""fund"": ""Rafid's Education Fund"", ""ground_truth_anomaly"": false}",False
TXN-20260718-002279,8,,17,2026-07-18 19:33:17,4865.37,MERCHANT_PAYMENT,PURPOSE_FUND,30,,Education,COMPLETED,,Payment to Mastermind School via Saifur's Education Fund,161981.14,161981.14,21023.34,16157.97,,,"{""merchant"": ""Mastermind School"", ""fund"": ""Saifur's Education Fund"", ""ground_truth_anomaly"": false}",False
TXN-20260718-002264,20,,6,2026-07-18 20:26:23,996.73,MERCHANT_PAYMENT,PURPOSE_FUND,57,,Grocery,COMPLETED,,Payment to Karwan Bazar Wholesale via Asif's Grocery Fund,331343.92,331343.92,102960.05,101963.32,,,"{""merchant"": ""Karwan Bazar Wholesale"", ""fund"": ""Asif's Grocery Fund"", ""ground_truth_anomaly"": false}",True
TXN-20260718-002276,2,,18,2026-07-18 20:46:34,701.04,MERCHANT_PAYMENT,PURPOSE_FUND,7,,Electricity,COMPLETED,,Payment to DESCO Prepaid Utility via Anisul's Electricity Fund,156550.83,156550.83,1233.08,532.04,,,"{""merchant"": ""DESCO Prepaid Utility"", ""fund"": ""Anisul's Electricity Fund"", ""ground_truth_anomaly"": false}",False
TXN-ANOM-20260718-003246,3,,30,2026-07-18 20:48:00,12804.00,MERCHANT_PAYMENT,NORMAL_WALLET,,,Shopping,COMPLETED,,High value purchase at Aarong Lifestyle Retail,118142.19,105338.19,,,,,"{""ground_truth_anomaly"": true, ""anomaly_type"": ""LARGE_AMOUNT""}",True
TXN-20260718-002268,14,,21,2026-07-18 20:56:16,1050.55,MERCHANT_PAYMENT,PURPOSE_FUND,45,,Restaurant/Food,COMPLETED,,Payment to Sultan's Dine Kacchi via Sakib's Restaurant/Food Fund,21132.08,21132.08,7317.57,6267.02,,,"{""merchant"": ""Sultan's Dine Kacchi"", ""fund"": ""Sakib's Restaurant/Food Fund"", ""ground_truth_anomaly"": false}",False
TXN-20260718-002270,6,,30,2026-07-18 21:01:12,1306.81,MERCHANT_PAYMENT,PURPOSE_FUND,24,,Shopping,COMPLETED,,Payment to Aarong Lifestyle Retail via Zahid's Shopping Fund,163015.77,163015.77,8776.73,7469.92,,,"{""merchant"": ""Aarong Lifestyle Retail"", ""fund"": ""Zahid's Shopping Fund"", ""ground_truth_anomaly"": false}",False
TXN-20260718-002275,19,,2,2026-07-18 21:14:29,552.77,MERCHANT_PAYMENT,FAMILY_PASS,,9,Grocery,COMPLETED,,FamilyPass spending by Sadia Chowdhury at Shwapno Superstore,330704.45,330151.68,,,9714.81,9162.04,"{""owner_id"": 20, ""member_id"": 19, ""merchant"": ""Shwapno Superstore"", ""ground_truth_anomaly"": false}",False
TXN-20260719-002284,12,,27,2026-07-19 08:31:51,490.65,MERCHANT_PAYMENT,PURPOSE_FUND,42,,Transport,COMPLETED,,Payment to Pathao Transportation via Rafid's Transport Fund,16183.28,16183.28,4021.71,3531.06,,,"{""merchant"": ""Pathao Transportation"", ""fund"": ""Rafid's Transport Fund"", ""ground_truth_anomaly"": false}",False
TXN-20260719-002293,5,,19,2026-07-19 10:11:27,722.19,MERCHANT_PAYMENT,PURPOSE_FUND,18,,Electricity,COMPLETED,,Payment to DPDC Electricity Payment via Kamrul's Electricity Fund,79525.68,79525.68,2530.17,1807.98,,,"{""merchant"": ""DPDC Electricity Payment"", ""fund"": ""Kamrul's Electricity Fund"", ""ground_truth_anomaly"": false}",False
TXN-20260719-002290,8,,13,2026-07-19 10:25:12,2674.38,MERCHANT_PAYMENT,PURPOSE_FUND,32,,Treatment,COMPLETED,,Payment to Popular Diagnostic Centre via Saifur's Treatment Fund,161981.14,161981.14,12205.52,9531.14,,,"{""merchant"": ""Popular Diagnostic Centre"", ""fund"": ""Saifur's Treatment Fund"", ""ground_truth_anomaly"": false}",False
TXN-20260719-002289,22,,,2026-07-19 11:01:56,200.00,MOBILE_RECHARGE,NORMAL_WALLET,,,Recharge,COMPLETED,,Mobile Recharge to 01710000022,291208.17,291008.17,,,,,"{""operator"": ""Grameenphone"", ""ground_truth_anomaly"": false}",False
TXN-20260719-002291,17,,10,2026-07-19 11:12:14,413.69,MERCHANT_PAYMENT,PURPOSE_FUND,52,,Medicine,COMPLETED,,Payment to Square Hospital Pharmacy via Farzana's Medicine Fund,26195.68,26195.68,11992.45,11578.76,,,"{""merchant"": ""Square Hospital Pharmacy"", ""fund"": ""Farzana's Medicine Fund"", ""ground_truth_anomaly"": false}",False
TXN-20260719-002297,23,,26,2026-07-19 13:49:20,375.24,MERCHANT_PAYMENT,PURPOSE_FUND,71,,Transport,COMPLETED,,Payment to Uber Bangladesh Mobility via Shafiqul's Transport Fund,138445.44,138445.44,18740.40,18365.16,,,"{""merchant"": ""Uber Bangladesh Mobility"", ""fund"": ""Shafiqul's Transport Fund"", ""ground_truth_anomaly"": false}",False
TXN-20260719-002287,3,,26,2026-07-19 14:08:45,564.16,MERCHANT_PAYMENT,PURPOSE_FUND,12,,Transport,COMPLETED,,Payment to Uber Bangladesh Mobility via Farhan's Transport Fund,83872.06,83872.06,15407.46,14843.30,,,"{""merchant"": ""Uber Bangladesh Mobility"", ""fund"": ""Farhan's Transport Fund"", ""ground_truth_anomaly"": false}",False
TXN-20260719-002301,15,,,2026-07-19 14:31:48,100.00,MOBILE_RECHARGE,NORMAL_WALLET,,,Recharge,COMPLETED,,Mobile Recharge to 01710000015,13435.05,13335.05,,,,,"{""operator"": ""Grameenphone"", ""ground_truth_anomaly"": false}",False
TXN-20260719-002296,6,,2,2026-07-19 16:03:19,1070.38,MERCHANT_PAYMENT,PURPOSE_FUND,21,,Grocery,COMPLETED,,Payment to Shwapno Superstore via Zahid's Grocery Fund,163015.77,163015.77,65683.36,64612.98,,,"{""merchant"": ""Shwapno Superstore"", ""fund"": ""Zahid's Grocery Fund"", ""ground_truth_anomaly"": false}",False
TXN-20260719-002294,10,,16,2026-07-19 16:07:03,1325.62,MERCHANT_PAYMENT,FAMILY_PASS,,1,Education,COMPLETED,,FamilyPass spending by Samiul Tariq at Daffodil University Tuition,89501.81,88176.19,,,3198.96,1873.34,"{""owner_id"": 1, ""member_id"": 10, ""merchant"": ""Daffodil University Tuition"", ""ground_truth_anomaly"": false}",False
TXN-20260719-002299,7,,6,2026-07-19 16:30:01,1011.20,MERCHANT_PAYMENT,PURPOSE_FUND,25,,Grocery,COMPLETED,,Payment to Karwan Bazar Wholesale via Delwar's Grocery Fund,99451.89,99451.89,48680.02,47668.82,,,"{""merchant"": ""Karwan Bazar Wholesale"", ""fund"": ""Delwar's Grocery Fund"", ""ground_truth_anomaly"": false}",False
TXN-20260719-002295,10,,15,2026-07-19 16:48:02,954.99,MERCHANT_PAYMENT,FAMILY_PASS,,1,Education,COMPLETED,,FamilyPass spending by Samiul Tariq at Sunnydale Academy,88176.19,87221.20,,,1873.34,918.35,"{""owner_id"": 1, ""member_id"": 10, ""merchant"": ""Sunnydale Academy"", ""ground_truth_anomaly"": false}",False
TXN-REJ-20260719-003289,15,,18,2026-07-19 17:28:00,1691.00,MERCHANT_PAYMENT,PURPOSE_FUND,47,,Electricity,REJECTED,"Category Restriction Mismatch: Merchant 'DESCO Prepaid Utility' is registered as 'Electricity', but 'Zubair's Education Fund' can ONLY be used for 'Education' payments.",Attempted payment to DESCO Prepaid Utility via Zubair's Education Fund,9168.74,9168.74,9000.00,9000.00,,,"{""ground_truth_anomaly"": false, ""policy_violation"": ""CATEGORY_RESTRICTION_ERROR""}",False
TXN-20260719-002300,15,,25,2026-07-19 18:50:05,295.73,MERCHANT_PAYMENT,FAMILY_PASS,,10,Transport,COMPLETED,,FamilyPass spending by Zubair Ahmed at Shohoz Interdistrict Ride,138445.44,138149.71,,,2055.93,1760.20,"{""owner_id"": 23, ""member_id"": 15, ""merchant"": ""Shohoz Interdistrict Ride"", ""ground_truth_anomaly"": false}",False
TXN-20260719-002292,17,,2,2026-07-19 19:34:18,546.31,MERCHANT_PAYMENT,FAMILY_PASS,,4,Grocery,COMPLETED,,FamilyPass spending by Farzana Haque at Shwapno Superstore,156550.83,156004.52,,,5916.10,5369.79,"{""owner_id"": 2, ""member_id"": 17, ""merchant"": ""Shwapno Superstore"", ""ground_truth_anomaly"": false}",True
TXN-20260719-002298,2,,7,2026-07-19 19:41:27,595.77,MERCHANT_PAYMENT,PURPOSE_FUND,8,,Medicine,COMPLETED,,Payment to Labaid Pharmacy via Anisul's Medicine Fund,156004.52,156004.52,14216.12,13620.35,,,"{""merchant"": ""Labaid Pharmacy"", ""fund"": ""Anisul's Medicine Fund"", ""ground_truth_anomaly"": false}",False
TXN-20260719-002288,22,,6,2026-07-19 20:20:08,952.19,MERCHANT_PAYMENT,PURPOSE_FUND,65,,Grocery,COMPLETED,,Payment to Karwan Bazar Wholesale via Nafis's Grocery Fund,291208.17,291208.17,94902.83,93950.64,,,"{""merchant"": ""Karwan Bazar Wholesale"", ""fund"": ""Nafis's Grocery Fund"", ""ground_truth_anomaly"": false}",True
TXN-20260719-002286,3,,,2026-07-19 20:23:19,100.00,MOBILE_RECHARGE,NORMAL_WALLET,,,Recharge,COMPLETED,,Mobile Recharge to 01710000003,83972.06,83872.06,,,,,"{""operator"": ""Grameenphone"", ""ground_truth_anomaly"": false}",False
TXN-20260719-002285,12,,,2026-07-19 23:48:52,50.00,MOBILE_RECHARGE,NORMAL_WALLET,,,Recharge,COMPLETED,,Mobile Recharge to 01710000012,16183.28,16133.28,,,,,"{""operator"": ""Grameenphone"", ""ground_truth_anomaly"": false}",False
TXN-20260720-002311,22,,,2026-07-20 09:05:38,50.00,MOBILE_RECHARGE,NORMAL_WALLET,,,Recharge,COMPLETED,,Mobile Recharge to 01710000022,291008.17,290958.17,,,,,"{""operator"": ""Grameenphone"", ""ground_truth_anomaly"": false}",False
TXN-20260720-002318,20,,29,2026-07-20 09:59:44,546.34,MERCHANT_PAYMENT,PURPOSE_FUND,58,,Rent,COMPLETED,,Payment to Rangs Living Rent via Asif's Rent Fund,330151.68,330151.68,77772.91,77226.57,,,"{""merchant"": ""Rangs Living Rent"", ""fund"": ""Asif's Rent Fund"", ""ground_truth_anomaly"": false}",False
TXN-20260720-002313,9,,25,2026-07-20 10:32:52,360.47,MERCHANT_PAYMENT,NORMAL_WALLET,,,Transport,COMPLETED,,Payment to Shohoz Interdistrict Ride from Normal Wallet,173229.61,172869.14,,,,,"{""merchant"": ""Shohoz Interdistrict Ride"", ""ground_truth_anomaly"": false}",False
TXN-20260720-002314,17,,30,2026-07-20 10:47:05,419.87,MERCHANT_PAYMENT,NORMAL_WALLET,,,Shopping,COMPLETED,,Payment to Aarong Lifestyle Retail from Normal Wallet,26195.68,25775.81,,,,,"{""merchant"": ""Aarong Lifestyle Retail"", ""ground_truth_anomaly"": false}",False
TXN-20260720-002304,7,,8,2026-07-20 11:24:50,306.97,MERCHANT_PAYMENT,PURPOSE_FUND,27,,Medicine,COMPLETED,,Payment to Tamanna Pharmacy via Delwar's Medicine Fund,99451.89,99451.89,16368.08,16061.11,,,"{""merchant"": ""Tamanna Pharmacy"", ""fund"": ""Delwar's Medicine Fund"", ""ground_truth_anomaly"": false}",False
TXN-20260720-002317,25,,1,2026-07-20 13:18:04,927.50,MERCHANT_PAYMENT,PURPOSE_FUND,77,,Grocery,COMPLETED,,Payment to Agora Super Shop via Arif's Grocery Fund,136392.26,136392.26,22260.52,21333.02,,,"{""merchant"": ""Agora Super Shop"", ""fund"": ""Arif's Grocery Fund"", ""ground_truth_anomaly"": false}",True
TXN-20260720-002303,14,,22,2026-07-20 13:30:50,623.86,MERCHANT_PAYMENT,PURPOSE_FUND,45,,Restaurant/Food,COMPLETED,,Payment to Star Kabab & Restaurant via Sakib's Restaurant/Food Fund,21132.08,21132.08,6267.02,5643.16,,,"{""merchant"": ""Star Kabab & Restaurant"", ""fund"": ""Sakib's Restaurant/Food Fund"", ""ground_truth_anomaly"": false}",False
TXN-20260720-002305,21,,28,2026-07-20 13:44:59,151.56,MERCHANT_PAYMENT,PURPOSE_FUND,62,,Rent,COMPLETED,,Payment to Eastern Housing Rental via Tanzeem's Rent Fund,416453.92,416453.92,82994.28,82842.72,,,"{""merchant"": ""Eastern Housing Rental"", ""fund"": ""Tanzeem's Rent Fund"", ""ground_truth_anomaly"": false}",False
TXN-ANOM-20260720-003186,2,,30,2026-07-20 14:10:00,13075.00,MERCHANT_PAYMENT,NORMAL_WALLET,,,Shopping,COMPLETED,,High value purchase at Aarong Lifestyle Retail,219288.36,206213.36,,,,,"{""ground_truth_anomaly"": true, ""anomaly_type"": ""LARGE_AMOUNT""}",True
TXN-20260720-002309,11,,23,2026-07-20 14:12:25,230.43,MERCHANT_PAYMENT,FAMILY_PASS,,3,Restaurant/Food,COMPLETED,,FamilyPass spending by Tanvir Haque at Kacchi Bhai Biryani,156004.52,155774.09,,,230.43,0.00,"{""owner_id"": 2, ""member_id"": 11, ""merchant"": ""Kacchi Bhai Biryani"", ""ground_truth_anomaly"": false}",False
TXN-20260720-002315,15,,25,2026-07-20 15:21:11,281.35,MERCHANT_PAYMENT,FAMILY_PASS,,10,Transport,COMPLETED,,FamilyPass spending by Zubair Ahmed at Shohoz Interdistrict Ride,138149.71,137868.36,,,1760.20,1478.85,"{""owner_id"": 23, ""member_id"": 15, ""merchant"": ""Shohoz Interdistrict Ride"", ""ground_truth_anomaly"": false}",False
TXN-20260720-002306,19,,1,2026-07-20 17:21:02,1367.48,MERCHANT_PAYMENT,PURPOSE_FUND,55,,Grocery,COMPLETED,,Payment to Agora Super Shop via Sadia's Grocery Fund,40319.15,40319.15,35677.50,34310.02,,,"{""merchant"": ""Agora Super Shop"", ""fund"": ""Sadia's Grocery Fund"", ""ground_truth_anomaly"": false}",True
TXN-20260720-002307,10,,16,2026-07-20 17:48:54,918.35,MERCHANT_PAYMENT,FAMILY_PASS,,1,Education,COMPLETED,,FamilyPass spending by Samiul Tariq at Daffodil University Tuition,87221.20,86302.85,,,918.35,0.00,"{""owner_id"": 1, ""member_id"": 10, ""merchant"": ""Daffodil University Tuition"", ""ground_truth_anomaly"": false}",False
TXN-20260720-002310,11,,17,2026-07-20 18:59:41,2022.55,MERCHANT_PAYMENT,PURPOSE_FUND,39,,Education,COMPLETED,,Payment to Mastermind School via Tanvir's Education Fund,11499.32,11499.32,2022.55,0.00,,,"{""merchant"": ""Mastermind School"", ""fund"": ""Tanvir's Education Fund"", ""ground_truth_anomaly"": false}",False
TXN-20260720-002302,24,,,2026-07-20 19:21:40,50.00,MOBILE_RECHARGE,NORMAL_WALLET,,,Recharge,COMPLETED,,Mobile Recharge to 01710000024,120562.03,120512.03,,,,,"{""operator"": ""Grameenphone"", ""ground_truth_anomaly"": false}",False
TXN-20260720-002312,9,,10,2026-07-20 19:59:40,400.44,MERCHANT_PAYMENT,PURPOSE_FUND,36,,Medicine,COMPLETED,,Payment to Square Hospital Pharmacy via Shahidul's Medicine Fund,173229.61,173229.61,16220.30,15819.86,,,"{""merchant"": ""Square Hospital Pharmacy"", ""fund"": ""Shahidul's Medicine Fund"", ""ground_truth_anomaly"": false}",False
TXN-20260720-002316,25,,23,2026-07-20 20:14:15,647.64,MERCHANT_PAYMENT,PURPOSE_FUND,75,,Restaurant/Food,COMPLETED,,Payment to Kacchi Bhai Biryani via Arif's Restaurant/Food Fund,136392.26,136392.26,36688.19,36040.55,,,"{""merchant"": ""Kacchi Bhai Biryani"", ""fund"": ""Arif's Restaurant/Food Fund"", ""ground_truth_anomaly"": false}",False
TXN-20260720-002308,18,,4,2026-07-20 22:25:51,769.40,MERCHANT_PAYMENT,PURPOSE_FUND,53,,Grocery,COMPLETED,,Payment to Meena Bazar via Rumana's Grocery Fund,35697.32,35697.32,29434.52,28665.12,,,"{""merchant"": ""Meena Bazar"", ""fund"": ""Rumana's Grocery Fund"", ""ground_truth_anomaly"": false}",False
TXN-20260721-002328,13,,,2026-07-21 09:19:22,100.00,MOBILE_RECHARGE,NORMAL_WALLET,,,Recharge,COMPLETED,,Mobile Recharge to 01710000013,8609.25,8509.25,,,,,"{""operator"": ""Grameenphone"", ""ground_truth_anomaly"": false}",False
TXN-20260721-002329,16,19,,2026-07-21 09:44:32,1000.00,SEND_MONEY,NORMAL_WALLET,,,Transfer,COMPLETED,,Sent money to Sadia Chowdhury,19118.70,18118.70,,,,,"{""recipient_phone"": ""01710000019"", ""ground_truth_anomaly"": false}",False
TXN-20260721-002336,4,3,,2026-07-21 09:58:52,500.00,SEND_MONEY,NORMAL_WALLET,,,Transfer,COMPLETED,,Sent money to Farhan Kabir,130528.55,130028.55,,,,,"{""recipient_phone"": ""01710000003"", ""ground_truth_anomaly"": false}",False
TXN-20260721-002338,3,,14,2026-07-21 11:54:33,4661.01,MERCHANT_PAYMENT,PURPOSE_FUND,10,,Education,COMPLETED,,Payment to Scholastica School via Farhan's Education Fund,84078.01,84078.01,11494.09,6833.08,,,"{""merchant"": ""Scholastica School"", ""fund"": ""Farhan's Education Fund"", ""ground_truth_anomaly"": false}",False
TXN-20260721-002337,4,,,2026-07-21 12:50:03,500.00,CASH_OUT,NORMAL_WALLET,,,Cash Out,COMPLETED,,Agent Cash Out Withdrawal,130028.55,129528.55,,,,,"{""agent_code"": ""AGT-7712"", ""ground_truth_anomaly"": false}",False
TXN-20260721-002332,22,,17,2026-07-21 13:21:33,4609.32,MERCHANT_PAYMENT,PURPOSE_FUND,67,,Education,COMPLETED,,Payment to Mastermind School via Nafis's Education Fund,290958.17,290958.17,46599.31,41989.99,,,"{""merchant"": ""Mastermind School"", ""fund"": ""Nafis's Education Fund"", ""ground_truth_anomaly"": false}",False
TXN-20260721-002327,12,,,2026-07-21 13:41:58,500.00,MOBILE_RECHARGE,NORMAL_WALLET,,,Recharge,COMPLETED,,Mobile Recharge to 01710000012,16133.28,15633.28,,,,,"{""operator"": ""Grameenphone"", ""ground_truth_anomaly"": false}",False
TXN-20260721-002325,21,,6,2026-07-21 13:53:40,745.89,MERCHANT_PAYMENT,PURPOSE_FUND,61,,Grocery,COMPLETED,,Payment to Karwan Bazar Wholesale via Tanzeem's Grocery Fund,416453.92,416453.92,123376.12,122630.23,,,"{""merchant"": ""Karwan Bazar Wholesale"", ""fund"": ""Tanzeem's Grocery Fund"", ""ground_truth_anomaly"": false}",False
TXN-20260721-002323,24,,26,2026-07-21 15:14:03,563.55,MERCHANT_PAYMENT,NORMAL_WALLET,,,Transport,COMPLETED,,Payment to Uber Bangladesh Mobility from Normal Wallet,120289.74,119726.19,,,,,"{""merchant"": ""Uber Bangladesh Mobility"", ""ground_truth_anomaly"": false}",False
TXN-20260721-002339,3,,18,2026-07-21 15:43:23,289.22,MERCHANT_PAYMENT,PURPOSE_FUND,11,,Electricity,COMPLETED,,Payment to DESCO Prepaid Utility via Farhan's Electricity Fund,84078.01,84078.01,4012.63,3723.41,,,"{""merchant"": ""DESCO Prepaid Utility"", ""fund"": ""Farhan's Electricity Fund"", ""ground_truth_anomaly"": false}",False
TXN-20260721-002320,14,,22,2026-07-21 15:47:03,331.82,MERCHANT_PAYMENT,FAMILY_PASS,,8,Restaurant/Food,COMPLETED,,FamilyPass spending by Sakib Chowdhury at Star Kabab & Restaurant,330151.68,329819.86,,,2770.31,2438.49,"{""owner_id"": 20, ""member_id"": 14, ""merchant"": ""Star Kabab & Restaurant"", ""ground_truth_anomaly"": false}",False
TXN-REJ-20260721-003272,22,,19,2026-07-21 16:39:00,1829.00,MERCHANT_PAYMENT,PURPOSE_FUND,67,,Electricity,REJECTED,"Category Restriction Mismatch: Merchant 'DPDC Electricity Payment' is registered as 'Electricity', but 'Nafis's Education Fund' can ONLY be used for 'Education' payments.",Attempted payment to DPDC Electricity Payment via Nafis's Education Fund,366306.75,366306.75,103601.75,103601.75,,,"{""ground_truth_anomaly"": false, ""policy_violation"": ""CATEGORY_RESTRICTION_ERROR""}",False
TXN-20260721-002333,8,,,2026-07-21 17:01:17,200.00,MOBILE_RECHARGE,NORMAL_WALLET,,,Recharge,COMPLETED,,Mobile Recharge to 01710000008,161981.14,161781.14,,,,,"{""operator"": ""Grameenphone"", ""ground_truth_anomaly"": false}",False
TXN-20260721-002319,14,,21,2026-07-21 17:20:17,781.07,MERCHANT_PAYMENT,PURPOSE_FUND,45,,Restaurant/Food,COMPLETED,,Payment to Sultan's Dine Kacchi via Sakib's Restaurant/Food Fund,21132.08,21132.08,5643.16,4862.09,,,"{""merchant"": ""Sultan's Dine Kacchi"", ""fund"": ""Sakib's Restaurant/Food Fund"", ""ground_truth_anomaly"": false}",False
TXN-20260721-002334,8,,20,2026-07-21 19:44:49,1031.21,MERCHANT_PAYMENT,PURPOSE_FUND,31,,Electricity,COMPLETED,,Payment to Link3 Internet Utilities via Saifur's Electricity Fund,161781.14,161781.14,3155.00,2123.79,,,"{""merchant"": ""Link3 Internet Utilities"", ""fund"": ""Saifur's Electricity Fund"", ""ground_truth_anomaly"": false}",False
TXN-20260721-002324,23,,30,2026-07-21 19:44:52,2124.79,MERCHANT_PAYMENT,PURPOSE_FUND,70,,Shopping,COMPLETED,,Payment to Aarong Lifestyle Retail via Shafiqul's Shopping Fund,137868.36,137868.36,21880.55,19755.76,,,"{""merchant"": ""Aarong Lifestyle Retail"", ""fund"": ""Shafiqul's Shopping Fund"", ""ground_truth_anomaly"": false}",False
TXN-20260721-002321,18,,5,2026-07-21 19:49:37,513.79,MERCHANT_PAYMENT,FAMILY_PASS,,6,Grocery,COMPLETED,,FamilyPass spending by Rumana Alam at Chaldal Grocery Express,131042.34,130528.55,,,9266.74,8752.95,"{""owner_id"": 4, ""member_id"": 18, ""merchant"": ""Chaldal Grocery Express"", ""ground_truth_anomaly"": false}",True
TXN-20260721-002335,17,,2,2026-07-21 21:25:49,843.43,MERCHANT_PAYMENT,PURPOSE_FUND,51,,Grocery,COMPLETED,,Payment to Shwapno Superstore via Farzana's Grocery Fund,25775.81,25775.81,27330.14,26486.71,,,"{""merchant"": ""Shwapno Superstore"", ""fund"": ""Farzana's Grocery Fund"", ""ground_truth_anomaly"": false}",False
TXN-20260721-002326,12,,25,2026-07-21 21:38:35,294.05,MERCHANT_PAYMENT,FAMILY_PASS,,5,Transport,COMPLETED,,FamilyPass spending by Rafid Kabir at Shohoz Interdistrict Ride,83872.06,83578.01,,,1072.92,778.87,"{""owner_id"": 3, ""member_id"": 12, ""merchant"": ""Shohoz Interdistrict Ride"", ""ground_truth_anomaly"": false}",False
TXN-20260721-002322,24,,27,2026-07-21 21:52:32,222.29,MERCHANT_PAYMENT,NORMAL_WALLET,,,Transport,COMPLETED,,Payment to Pathao Transportation from Normal Wallet,120512.03,120289.74,,,,,"{""merchant"": ""Pathao Transportation"", ""ground_truth_anomaly"": false}",False
TXN-20260721-002330,16,,4,2026-07-21 22:06:11,571.23,MERCHANT_PAYMENT,FAMILY_PASS,,2,Grocery,COMPLETED,,FamilyPass spending by Nasrin Rahman at Meena Bazar,86302.85,85731.62,,,5298.10,4726.87,"{""owner_id"": 1, ""member_id"": 16, ""merchant"": ""Meena Bazar"", ""ground_truth_anomaly"": false}",False
TXN-20260721-002331,25,,,2026-07-21 23:20:48,500.00,MOBILE_RECHARGE,NORMAL_WALLET,,,Recharge,COMPLETED,,Mobile Recharge to 01710000025,136392.26,135892.26,,,,,"{""operator"": ""Grameenphone"", ""ground_truth_anomaly"": false}",False
TXN-20260722-002356,25,,24,2026-07-22 09:28:44,1462.95,MERCHANT_PAYMENT,PURPOSE_FUND,75,,Restaurant/Food,COMPLETED,,Payment to Takeout Gourmet Burgers via Arif's Restaurant/Food Fund,135892.26,135892.26,36040.55,34577.60,,,"{""merchant"": ""Takeout Gourmet Burgers"", ""fund"": ""Arif's Restaurant/Food Fund"", ""ground_truth_anomaly"": false}",False
TXN-20260722-002347,11,,,2026-07-22 11:50:58,500.00,MOBILE_RECHARGE,NORMAL_WALLET,,,Recharge,COMPLETED,,Mobile Recharge to 01710000011,11499.32,10999.32,,,,,"{""operator"": ""Grameenphone"", ""ground_truth_anomaly"": false}",False
TXN-20260722-002341,16,,5,2026-07-22 13:02:43,380.04,MERCHANT_PAYMENT,FAMILY_PASS,,2,Grocery,COMPLETED,,FamilyPass spending by Nasrin Rahman at Chaldal Grocery Express,85731.62,85351.58,,,4726.87,4346.83,"{""owner_id"": 1, ""member_id"": 16, ""merchant"": ""Chaldal Grocery Express"", ""ground_truth_anomaly"": false}",False
TXN-20260722-002352,21,,28,2026-07-22 13:54:07,551.12,MERCHANT_PAYMENT,PURPOSE_FUND,62,,Rent,COMPLETED,,Payment to Eastern Housing Rental via Tanzeem's Rent Fund,416453.92,416453.92,82842.72,82291.60,,,"{""merchant"": ""Eastern Housing Rental"", ""fund"": ""Tanzeem's Rent Fund"", ""ground_truth_anomaly"": false}",False
TXN-20260722-002342,24,,,2026-07-22 14:29:11,100.00,MOBILE_RECHARGE,NORMAL_WALLET,,,Recharge,COMPLETED,,Mobile Recharge to 01710000024,119726.19,119626.19,,,,,"{""operator"": ""Grameenphone"", ""ground_truth_anomaly"": false}",False
TXN-20260722-002355,14,,21,2026-07-22 14:41:01,399.75,MERCHANT_PAYMENT,FAMILY_PASS,,8,Restaurant/Food,COMPLETED,,FamilyPass spending by Sakib Chowdhury at Sultan's Dine Kacchi,329819.86,329420.11,,,2438.49,2038.74,"{""owner_id"": 20, ""member_id"": 14, ""merchant"": ""Sultan's Dine Kacchi"", ""ground_truth_anomaly"": false}",True
TXN-20260722-002345,17,,9,2026-07-22 15:36:20,286.74,MERCHANT_PAYMENT,PURPOSE_FUND,52,,Medicine,COMPLETED,,Payment to Green Life Model Pharmacy via Farzana's Medicine Fund,25775.81,25775.81,11578.76,11292.02,,,"{""merchant"": ""Green Life Model Pharmacy"", ""fund"": ""Farzana's Medicine Fund"", ""ground_truth_anomaly"": false}",False
TXN-20260722-002351,23,,22,2026-07-22 15:49:20,793.37,MERCHANT_PAYMENT,PURPOSE_FUND,69,,Restaurant/Food,COMPLETED,,Payment to Star Kabab & Restaurant via Shafiqul's Restaurant/Food Fund,137818.36,137818.36,36530.99,35737.62,,,"{""merchant"": ""Star Kabab & Restaurant"", ""fund"": ""Shafiqul's Restaurant/Food Fund"", ""ground_truth_anomaly"": false}",False
TXN-ANOM-20260722-003119,19,,30,2026-07-22 16:03:00,17966.00,MERCHANT_PAYMENT,NORMAL_WALLET,,,Shopping,COMPLETED,,High value purchase at Aarong Lifestyle Retail,64796.04,46830.04,,,,,"{""ground_truth_anomaly"": true, ""anomaly_type"": ""LARGE_AMOUNT""}",True
TXN-20260722-002348,2,3,,2026-07-22 17:05:42,1500.00,SEND_MONEY,NORMAL_WALLET,,,Transfer,COMPLETED,,Sent money to Farhan Kabir,156074.09,154574.09,,,,,"{""recipient_phone"": ""01710000003"", ""ground_truth_anomaly"": false}",False
TXN-20260722-002346,17,2,,2026-07-22 18:50:22,300.00,SEND_MONEY,NORMAL_WALLET,,,Transfer,COMPLETED,,Sent money to Anisul Haque,25775.81,25475.81,,,,,"{""recipient_phone"": ""01710000002"", ""ground_truth_anomaly"": false}",False
TXN-20260722-002340,19,,5,2026-07-22 18:55:26,1107.11,MERCHANT_PAYMENT,PURPOSE_FUND,55,,Grocery,COMPLETED,,Payment to Chaldal Grocery Express via Sadia's Grocery Fund,41319.15,41319.15,34310.02,33202.91,,,"{""merchant"": ""Chaldal Grocery Express"", ""fund"": ""Sadia's Grocery Fund"", ""ground_truth_anomaly"": false}",False
TXN-20260722-002349,10,,26,2026-07-22 19:02:18,201.26,MERCHANT_PAYMENT,PURPOSE_FUND,38,,Transport,COMPLETED,,Payment to Uber Bangladesh Mobility via Samiul's Transport Fund,10824.06,10824.06,6251.38,6050.12,,,"{""merchant"": ""Uber Bangladesh Mobility"", ""fund"": ""Samiul's Transport Fund"", ""ground_truth_anomaly"": false}",False
TXN-20260722-002350,23,,,2026-07-22 19:23:55,50.00,MOBILE_RECHARGE,NORMAL_WALLET,,,Recharge,COMPLETED,,Mobile Recharge to 01710000023,137868.36,137818.36,,,,,"{""operator"": ""Grameenphone"", ""ground_truth_anomaly"": false}",False
TXN-20260722-002343,24,,30,2026-07-22 20:03:54,2370.94,MERCHANT_PAYMENT,PURPOSE_FUND,73,,Shopping,COMPLETED,,Payment to Aarong Lifestyle Retail via Emon's Shopping Fund,119626.19,119626.19,24765.35,22394.41,,,"{""merchant"": ""Aarong Lifestyle Retail"", ""fund"": ""Emon's Shopping Fund"", ""ground_truth_anomaly"": false}",False
TXN-20260722-002354,13,,17,2026-07-22 20:10:37,149.52,MERCHANT_PAYMENT,FAMILY_PASS,,7,Education,COMPLETED,,FamilyPass spending by Nahian Hasan at Mastermind School,79525.68,79376.16,,,149.52,0.00,"{""owner_id"": 5, ""member_id"": 13, ""merchant"": ""Mastermind School"", ""ground_truth_anomaly"": false}",False
TXN-20260722-002353,21,,30,2026-07-22 21:54:33,1915.37,MERCHANT_PAYMENT,PURPOSE_FUND,64,,Shopping,COMPLETED,,Payment to Aarong Lifestyle Retail via Tanzeem's Shopping Fund,416453.92,416453.92,69274.13,67358.76,,,"{""merchant"": ""Aarong Lifestyle Retail"", ""fund"": ""Tanzeem's Shopping Fund"", ""ground_truth_anomaly"": false}",True
TXN-20260722-002344,12,,25,2026-07-22 22:07:36,203.18,MERCHANT_PAYMENT,PURPOSE_FUND,42,,Transport,COMPLETED,,Payment to Shohoz Interdistrict Ride via Rafid's Transport Fund,15633.28,15633.28,3531.06,3327.88,,,"{""merchant"": ""Shohoz Interdistrict Ride"", ""fund"": ""Rafid's Transport Fund"", ""ground_truth_anomaly"": false}",False
TXN-20260723-002373,19,,1,2026-07-23 13:03:20,662.33,MERCHANT_PAYMENT,PURPOSE_FUND,55,,Grocery,COMPLETED,,Payment to Agora Super Shop via Sadia's Grocery Fund,41319.15,41319.15,33202.91,32540.58,,,"{""merchant"": ""Agora Super Shop"", ""fund"": ""Sadia's Grocery Fund"", ""ground_truth_anomaly"": false}",True
TXN-20260723-002368,2,14,,2026-07-23 13:39:42,1500.00,SEND_MONEY,NORMAL_WALLET,,,Transfer,COMPLETED,,Sent money to Sakib Chowdhury,153949.47,152449.47,,,,,"{""recipient_phone"": ""01710000014"", ""ground_truth_anomaly"": false}",False
TXN-20260723-002363,20,,30,2026-07-23 14:22:54,3144.48,MERCHANT_PAYMENT,PURPOSE_FUND,59,,Shopping,COMPLETED,,Payment to Aarong Lifestyle Retail via Asif's Shopping Fund,329420.11,329420.11,63706.90,60562.42,,,"{""merchant"": ""Aarong Lifestyle Retail"", ""fund"": ""Asif's Shopping Fund"", ""ground_truth_anomaly"": false}",False
TXN-20260723-002370,4,,,2026-07-23 14:30:49,200.00,MOBILE_RECHARGE,NORMAL_WALLET,,,Recharge,COMPLETED,,Mobile Recharge to 01710000004,129528.55,129328.55,,,,,"{""operator"": ""Grameenphone"", ""ground_truth_anomaly"": false}",False
TXN-20260723-002364,22,,,2026-07-23 15:23:48,200.00,MOBILE_RECHARGE,NORMAL_WALLET,,,Recharge,COMPLETED,,Mobile Recharge to 01710000022,290958.17,290758.17,,,,,"{""operator"": ""Grameenphone"", ""ground_truth_anomaly"": false}",False
TXN-20260723-002374,21,10,,2026-07-23 15:58:56,1500.00,SEND_MONEY,NORMAL_WALLET,,,Transfer,COMPLETED,,Sent money to Samiul Tariq,416453.92,414953.92,,,,,"{""recipient_phone"": ""01710000010"", ""ground_truth_anomaly"": false}",False
TXN-20260723-002357,11,,24,2026-07-23 16:02:00,466.76,MERCHANT_PAYMENT,NORMAL_WALLET,,,Restaurant/Food,COMPLETED,,Payment to Takeout Gourmet Burgers from Normal Wallet,10999.32,10532.56,,,,,"{""merchant"": ""Takeout Gourmet Burgers"", ""ground_truth_anomaly"": false}",False
TXN-20260723-002369,23,,23,2026-07-23 16:38:59,319.28,MERCHANT_PAYMENT,NORMAL_WALLET,,,Restaurant/Food,COMPLETED,,Payment to Kacchi Bhai Biryani from Normal Wallet,137818.36,137499.08,,,,,"{""merchant"": ""Kacchi Bhai Biryani"", ""ground_truth_anomaly"": false}",False
TXN-20260723-002361,16,,9,2026-07-23 16:52:32,283.61,MERCHANT_PAYMENT,PURPOSE_FUND,50,,Medicine,COMPLETED,,Payment to Green Life Model Pharmacy via Nasrin's Medicine Fund,18118.70,18118.70,12797.59,12513.98,,,"{""merchant"": ""Green Life Model Pharmacy"", ""fund"": ""Nasrin's Medicine Fund"", ""ground_truth_anomaly"": false}",False
TXN-20260723-002360,15,,27,2026-07-23 17:02:58,292.51,MERCHANT_PAYMENT,NORMAL_WALLET,,,Transport,COMPLETED,,Payment to Pathao Transportation from Normal Wallet,13335.05,13042.54,,,,,"{""merchant"": ""Pathao Transportation"", ""ground_truth_anomaly"": false}",False
TXN-REJ-20260723-003266,5,,24,2026-07-23 18:04:00,1197.00,MERCHANT_PAYMENT,PURPOSE_FUND,19,,Restaurant/Food,REJECTED,"Category Restriction Mismatch: Merchant 'Takeout Gourmet Burgers' is registered as 'Restaurant/Food', but 'Kamrul's Medicine Fund' can ONLY be used for 'Medicine' payments.",Attempted payment to Takeout Gourmet Burgers via Kamrul's Medicine Fund,66638.03,66638.03,34943.97,34943.97,,,"{""ground_truth_anomaly"": false, ""policy_violation"": ""CATEGORY_RESTRICTION_ERROR""}",False
TXN-20260723-002372,25,,,2026-07-23 18:05:46,100.00,MOBILE_RECHARGE,NORMAL_WALLET,,,Recharge,COMPLETED,,Mobile Recharge to 01710000025,135892.26,135792.26,,,,,"{""operator"": ""Grameenphone"", ""ground_truth_anomaly"": false}",False
TXN-20260723-002362,20,,29,2026-07-23 18:07:08,550.74,MERCHANT_PAYMENT,PURPOSE_FUND,58,,Rent,COMPLETED,,Payment to Rangs Living Rent via Asif's Rent Fund,329420.11,329420.11,77226.57,76675.83,,,"{""merchant"": ""Rangs Living Rent"", ""fund"": ""Asif's Rent Fund"", ""ground_truth_anomaly"": false}",False
TXN-20260723-002359,24,,25,2026-07-23 18:23:06,260.17,MERCHANT_PAYMENT,PURPOSE_FUND,74,,Transport,COMPLETED,,Payment to Shohoz Interdistrict Ride via Emon's Transport Fund,119626.19,119626.19,16011.90,15751.73,,,"{""merchant"": ""Shohoz Interdistrict Ride"", ""fund"": ""Emon's Transport Fund"", ""ground_truth_anomaly"": false}",False
TXN-20260723-002366,10,,26,2026-07-23 18:26:37,131.50,MERCHANT_PAYMENT,PURPOSE_FUND,38,,Transport,COMPLETED,,Payment to Uber Bangladesh Mobility via Samiul's Transport Fund,10824.06,10824.06,6050.12,5918.62,,,"{""merchant"": ""Uber Bangladesh Mobility"", ""fund"": ""Samiul's Transport Fund"", ""ground_truth_anomaly"": false}",False
TXN-20260723-002367,2,,10,2026-07-23 18:28:37,251.18,MERCHANT_PAYMENT,PURPOSE_FUND,8,,Medicine,COMPLETED,,Payment to Square Hospital Pharmacy via Anisul's Medicine Fund,153949.47,153949.47,13620.35,13369.17,,,"{""merchant"": ""Square Hospital Pharmacy"", ""fund"": ""Anisul's Medicine Fund"", ""ground_truth_anomaly"": false}",False
TXN-20260723-002375,12,,,2026-07-23 18:36:46,100.00,MOBILE_RECHARGE,NORMAL_WALLET,,,Recharge,COMPLETED,,Mobile Recharge to 01710000012,15633.28,15533.28,,,,,"{""operator"": ""Grameenphone"", ""ground_truth_anomaly"": false}",False
TXN-20260723-002365,17,,5,2026-07-23 19:41:37,624.62,MERCHANT_PAYMENT,FAMILY_PASS,,4,Grocery,COMPLETED,,FamilyPass spending by Farzana Haque at Chaldal Grocery Express,154574.09,153949.47,,,5369.79,4745.17,"{""owner_id"": 2, ""member_id"": 17, ""merchant"": ""Chaldal Grocery Express"", ""ground_truth_anomaly"": false}",False
TXN-20260723-002358,6,,28,2026-07-23 20:42:58,403.03,MERCHANT_PAYMENT,PURPOSE_FUND,22,,Rent,COMPLETED,,Payment to Eastern Housing Rental via Zahid's Rent Fund,163015.77,163015.77,31201.43,30798.40,,,"{""merchant"": ""Eastern Housing Rental"", ""fund"": ""Zahid's Rent Fund"", ""ground_truth_anomaly"": false}",False
TXN-20260723-002371,14,,22,2026-07-23 21:02:33,310.97,MERCHANT_PAYMENT,PURPOSE_FUND,45,,Restaurant/Food,COMPLETED,,Payment to Star Kabab & Restaurant via Sakib's Restaurant/Food Fund,22632.08,22632.08,4862.09,4551.12,,,"{""merchant"": ""Star Kabab & Restaurant"", ""fund"": ""Sakib's Restaurant/Food Fund"", ""ground_truth_anomaly"": false}",False
TXN-20260724-002387,22,,11,2026-07-24 09:27:17,3606.76,MERCHANT_PAYMENT,PURPOSE_FUND,66,,Treatment,COMPLETED,,Payment to Square Hospital Diagnostic via Nafis's Treatment Fund,290758.17,290758.17,53971.17,50364.41,,,"{""merchant"": ""Square Hospital Diagnostic"", ""fund"": ""Nafis's Treatment Fund"", ""ground_truth_anomaly"": false}",False
TXN-20260724-002384,14,,24,2026-07-24 11:16:26,467.33,MERCHANT_PAYMENT,FAMILY_PASS,,8,Restaurant/Food,COMPLETED,,FamilyPass spending by Sakib Chowdhury at Takeout Gourmet Burgers,329420.11,328952.78,,,2038.74,1571.41,"{""owner_id"": 20, ""member_id"": 14, ""merchant"": ""Takeout Gourmet Burgers"", ""ground_truth_anomaly"": false}",False
TXN-20260724-002382,21,,,2026-07-24 12:13:28,500.00,MOBILE_RECHARGE,NORMAL_WALLET,,,Recharge,COMPLETED,,Mobile Recharge to 01710000021,414953.92,414453.92,,,,,"{""operator"": ""Grameenphone"", ""ground_truth_anomaly"": false}",False
TXN-20260724-002381,23,,,2026-07-24 13:25:10,2000.00,CASH_OUT,NORMAL_WALLET,,,Cash Out,COMPLETED,,Agent Cash Out Withdrawal,137499.08,135499.08,,,,,"{""agent_code"": ""AGT-7712"", ""ground_truth_anomaly"": false}",False
TXN-20260724-002386,13,,27,2026-07-24 14:05:15,310.64,MERCHANT_PAYMENT,PURPOSE_FUND,44,,Transport,COMPLETED,,Payment to Pathao Transportation via Nahian's Transport Fund,8509.25,8509.25,968.17,657.53,,,"{""merchant"": ""Pathao Transportation"", ""fund"": ""Nahian's Transport Fund"", ""ground_truth_anomaly"": false}",False
TXN-20260724-002383,19,,9,2026-07-24 14:46:09,684.56,MERCHANT_PAYMENT,PURPOSE_FUND,56,,Medicine,COMPLETED,,Payment to Green Life Model Pharmacy via Sadia's Medicine Fund,41319.15,41319.15,13994.45,13309.89,,,"{""merchant"": ""Green Life Model Pharmacy"", ""fund"": ""Sadia's Medicine Fund"", ""ground_truth_anomaly"": false}",False
TXN-20260724-002377,4,,7,2026-07-24 15:39:47,402.30,MERCHANT_PAYMENT,PURPOSE_FUND,16,,Medicine,COMPLETED,,Payment to Labaid Pharmacy via Mahbub's Medicine Fund,129028.55,129028.55,27996.47,27594.17,,,"{""merchant"": ""Labaid Pharmacy"", ""fund"": ""Mahbub's Medicine Fund"", ""ground_truth_anomaly"": false}",False
TXN-20260724-002389,17,,1,2026-07-24 16:20:10,735.14,MERCHANT_PAYMENT,FAMILY_PASS,,4,Grocery,COMPLETED,,FamilyPass spending by Farzana Haque at Agora Super Shop,151656.72,150921.58,,,3952.42,3217.28,"{""owner_id"": 2, ""member_id"": 17, ""merchant"": ""Agora Super Shop"", ""ground_truth_anomaly"": false}",False
TXN-20260724-002391,11,13,,2026-07-24 17:08:25,1500.00,SEND_MONEY,NORMAL_WALLET,,,Transfer,COMPLETED,,Sent money to Nahian Hasan,10532.56,9032.56,,,,,"{""recipient_phone"": ""01710000013"", ""ground_truth_anomaly"": false}",False
TXN-20260724-002388,17,,2,2026-07-24 19:08:23,792.75,MERCHANT_PAYMENT,FAMILY_PASS,,4,Grocery,COMPLETED,,FamilyPass spending by Farzana Haque at Shwapno Superstore,152449.47,151656.72,,,4745.17,3952.42,"{""owner_id"": 2, ""member_id"": 17, ""merchant"": ""Shwapno Superstore"", ""ground_truth_anomaly"": false}",False
TXN-REJ-20260724-003274,15,,22,2026-07-24 19:15:00,1154.00,MERCHANT_PAYMENT,PURPOSE_FUND,47,,Restaurant/Food,REJECTED,"Category Restriction Mismatch: Merchant 'Star Kabab & Restaurant' is registered as 'Restaurant/Food', but 'Zubair's Education Fund' can ONLY be used for 'Education' payments.",Attempted payment to Star Kabab & Restaurant via Zubair's Education Fund,9168.74,9168.74,9000.00,9000.00,,,"{""ground_truth_anomaly"": false, ""policy_violation"": ""CATEGORY_RESTRICTION_ERROR""}",False
TXN-20260724-002380,24,,25,2026-07-24 19:52:39,563.09,MERCHANT_PAYMENT,PURPOSE_FUND,74,,Transport,COMPLETED,,Payment to Shohoz Interdistrict Ride via Emon's Transport Fund,119626.19,119626.19,15751.73,15188.64,,,"{""merchant"": ""Shohoz Interdistrict Ride"", ""fund"": ""Emon's Transport Fund"", ""ground_truth_anomaly"": false}",False
TXN-ANOM-20260724-003241,14,,30,2026-07-24 20:05:00,13382.00,MERCHANT_PAYMENT,NORMAL_WALLET,,,Shopping,COMPLETED,,High value purchase at Aarong Lifestyle Retail,24006.380,10624.380,,,,,"{""ground_truth_anomaly"": true, ""anomaly_type"": ""LARGE_AMOUNT""}",True
TXN-20260724-002378,3,,26,2026-07-24 20:05:06,507.48,MERCHANT_PAYMENT,NORMAL_WALLET,,,Transport,COMPLETED,,Payment to Uber Bangladesh Mobility from Normal Wallet,85578.01,85070.53,,,,,"{""merchant"": ""Uber Bangladesh Mobility"", ""ground_truth_anomaly"": false}",False
TXN-20260724-002376,4,,,2026-07-24 20:27:16,300.00,MOBILE_RECHARGE,NORMAL_WALLET,,,Recharge,COMPLETED,,Mobile Recharge to 01710000004,129328.55,129028.55,,,,,"{""operator"": ""Grameenphone"", ""ground_truth_anomaly"": false}",False
TXN-20260724-002390,15,,26,2026-07-24 21:10:04,215.61,MERCHANT_PAYMENT,FAMILY_PASS,,10,Transport,COMPLETED,,FamilyPass spending by Zubair Ahmed at Uber Bangladesh Mobility,135499.08,135283.47,,,1478.85,1263.24,"{""owner_id"": 23, ""member_id"": 15, ""merchant"": ""Uber Bangladesh Mobility"", ""ground_truth_anomaly"": false}",False
TXN-20260724-002379,8,,,2026-07-24 21:14:03,2000.00,CASH_OUT,NORMAL_WALLET,,,Cash Out,COMPLETED,,Agent Cash Out Withdrawal,161781.14,159781.14,,,,,"{""agent_code"": ""AGT-7712"", ""ground_truth_anomaly"": false}",False
TXN-20260724-002385,13,,25,2026-07-24 22:31:33,239.45,MERCHANT_PAYMENT,PURPOSE_FUND,44,,Transport,COMPLETED,,Payment to Shohoz Interdistrict Ride via Nahian's Transport Fund,8509.25,8509.25,1207.62,968.17,,,"{""merchant"": ""Shohoz Interdistrict Ride"", ""fund"": ""Nahian's Transport Fund"", ""ground_truth_anomaly"": false}",False
TXN-ANOM-20260725-003149,19,,26,2026-07-25 04:23:00,1671.00,MERCHANT_PAYMENT,NORMAL_WALLET,,,Transport,COMPLETED,,Late night inter-district transport fare via Uber Bangladesh Mobility,46830.04,45159.04,,,,,"{""ground_truth_anomaly"": true, ""anomaly_type"": ""UNUSUAL_TIME""}",False
TXN-20260725-002393,18,,30,2026-07-25 08:32:50,410.99,MERCHANT_PAYMENT,NORMAL_WALLET,,,Shopping,COMPLETED,,Payment to Aarong Lifestyle Retail from Normal Wallet,35697.32,35286.33,,,,,"{""merchant"": ""Aarong Lifestyle Retail"", ""ground_truth_anomaly"": false}",False
TXN-20260725-002392,21,,1,2026-07-25 09:43:29,876.28,MERCHANT_PAYMENT,PURPOSE_FUND,61,,Grocery,COMPLETED,,Payment to Agora Super Shop via Tanzeem's Grocery Fund,414453.92,414453.92,122630.23,121753.95,,,"{""merchant"": ""Agora Super Shop"", ""fund"": ""Tanzeem's Grocery Fund"", ""ground_truth_anomaly"": false}",True
TXN-20260725-002405,15,,26,2026-07-25 11:14:25,283.44,MERCHANT_PAYMENT,FAMILY_PASS,,10,Transport,COMPLETED,,FamilyPass spending by Zubair Ahmed at Uber Bangladesh Mobility,135283.47,135000.03,,,1263.24,979.80,"{""owner_id"": 23, ""member_id"": 15, ""merchant"": ""Uber Bangladesh Mobility"", ""ground_truth_anomaly"": false}",False
TXN-20260725-002394,2,,20,2026-07-25 11:28:10,532.04,MERCHANT_PAYMENT,PURPOSE_FUND,7,,Electricity,COMPLETED,,Payment to Link3 Internet Utilities via Anisul's Electricity Fund,150921.58,150921.58,532.04,0.00,,,"{""merchant"": ""Link3 Internet Utilities"", ""fund"": ""Anisul's Electricity Fund"", ""ground_truth_anomaly"": false}",False
TXN-20260725-002401,8,,6,2026-07-25 11:55:20,798.82,MERCHANT_PAYMENT,PURPOSE_FUND,29,,Grocery,COMPLETED,,Payment to Karwan Bazar Wholesale via Saifur's Grocery Fund,159781.14,159781.14,70581.31,69782.49,,,"{""merchant"": ""Karwan Bazar Wholesale"", ""fund"": ""Saifur's Grocery Fund"", ""ground_truth_anomaly"": false}",False
TXN-20260725-002395,10,,27,2026-07-25 13:16:54,378.08,MERCHANT_PAYMENT,PURPOSE_FUND,38,,Transport,COMPLETED,,Payment to Pathao Transportation via Samiul's Transport Fund,12324.06,12324.06,5918.62,5540.54,,,"{""merchant"": ""Pathao Transportation"", ""fund"": ""Samiul's Transport Fund"", ""ground_truth_anomaly"": false}",False
TXN-20260725-002402,17,,1,2026-07-25 14:11:11,589.71,MERCHANT_PAYMENT,FAMILY_PASS,,4,Grocery,COMPLETED,,FamilyPass spending by Farzana Haque at Agora Super Shop,150921.58,150331.87,,,3217.28,2627.57,"{""owner_id"": 2, ""member_id"": 17, ""merchant"": ""Agora Super Shop"", ""ground_truth_anomaly"": false}",False
TXN-20260725-002404,4,,7,2026-07-25 17:34:40,327.82,MERCHANT_PAYMENT,PURPOSE_FUND,16,,Medicine,COMPLETED,,Payment to Labaid Pharmacy via Mahbub's Medicine Fund,129028.55,129028.55,27594.17,27266.35,,,"{""merchant"": ""Labaid Pharmacy"", ""fund"": ""Mahbub's Medicine Fund"", ""ground_truth_anomaly"": false}",False
TXN-20260725-002407,3,,,2026-07-25 18:37:39,300.00,MOBILE_RECHARGE,NORMAL_WALLET,,,Recharge,COMPLETED,,Mobile Recharge to 01710000003,85070.53,84770.53,,,,,"{""operator"": ""Grameenphone"", ""ground_truth_anomaly"": false}",False
TXN-20260725-002396,10,12,,2026-07-25 19:56:49,1500.00,SEND_MONEY,NORMAL_WALLET,,,Transfer,COMPLETED,,Sent money to Rafid Kabir,12324.06,10824.06,,,,,"{""recipient_phone"": ""01710000012"", ""ground_truth_anomaly"": false}",False
TXN-20260725-002397,24,,,2026-07-25 20:04:07,300.00,MOBILE_RECHARGE,NORMAL_WALLET,,,Recharge,COMPLETED,,Mobile Recharge to 01710000024,119626.19,119326.19,,,,,"{""operator"": ""Grameenphone"", ""ground_truth_anomaly"": false}",False
TXN-20260725-002399,22,,,2026-07-25 20:05:13,500.00,MOBILE_RECHARGE,NORMAL_WALLET,,,Recharge,COMPLETED,,Mobile Recharge to 01710000022,290177.01,289677.01,,,,,"{""operator"": ""Grameenphone"", ""ground_truth_anomaly"": false}",False
TXN-20260725-002403,17,,,2026-07-25 20:56:00,500.00,MOBILE_RECHARGE,NORMAL_WALLET,,,Recharge,COMPLETED,,Mobile Recharge to 01710000017,25475.81,24975.81,,,,,"{""operator"": ""Grameenphone"", ""ground_truth_anomaly"": false}",False
TXN-20260725-002398,22,,30,2026-07-25 21:12:58,581.16,MERCHANT_PAYMENT,NORMAL_WALLET,,,Shopping,COMPLETED,,Payment to Aarong Lifestyle Retail from Normal Wallet,290758.17,290177.01,,,,,"{""merchant"": ""Aarong Lifestyle Retail"", ""ground_truth_anomaly"": false}",False
TXN-20260725-002406,19,,10,2026-07-25 22:32:24,438.14,MERCHANT_PAYMENT,PURPOSE_FUND,56,,Medicine,COMPLETED,,Payment to Square Hospital Pharmacy via Sadia's Medicine Fund,41319.15,41319.15,13309.89,12871.75,,,"{""merchant"": ""Square Hospital Pharmacy"", ""fund"": ""Sadia's Medicine Fund"", ""ground_truth_anomaly"": false}",False
TXN-20260725-002400,8,,12,2026-07-25 22:40:06,3553.76,MERCHANT_PAYMENT,PURPOSE_FUND,32,,Treatment,COMPLETED,,Payment to Evercare Hospital Lab via Saifur's Treatment Fund,159781.14,159781.14,9531.14,5977.38,,,"{""merchant"": ""Evercare Hospital Lab"", ""fund"": ""Saifur's Treatment Fund"", ""ground_truth_anomaly"": false}",False
TXN-ANOM-20260726-003117,13,,25,2026-07-26 01:07:00,2239.00,MERCHANT_PAYMENT,NORMAL_WALLET,,,Transport,COMPLETED,,Late night inter-district transport fare via Shohoz Interdistrict Ride,23469.53,21230.53,,,,,"{""ground_truth_anomaly"": true, ""anomaly_type"": ""UNUSUAL_TIME""}",False
TXN-20260726-002418,14,,21,2026-07-26 08:00:15,359.10,MERCHANT_PAYMENT,PURPOSE_FUND,45,,Restaurant/Food,COMPLETED,,Payment to Sultan's Dine Kacchi via Sakib's Restaurant/Food Fund,22632.08,22632.08,4551.12,4192.02,,,"{""merchant"": ""Sultan's Dine Kacchi"", ""fund"": ""Sakib's Restaurant/Food Fund"", ""ground_truth_anomaly"": false}",False
TXN-20260726-002422,4,,5,2026-07-26 08:13:12,738.92,MERCHANT_PAYMENT,PURPOSE_FUND,13,,Grocery,COMPLETED,,Payment to Chaldal Grocery Express via Mahbub's Grocery Fund,128184.53,128184.53,81938.47,81199.55,,,"{""merchant"": ""Chaldal Grocery Express"", ""fund"": ""Mahbub's Grocery Fund"", ""ground_truth_anomaly"": false}",False
TXN-20260726-002419,22,,11,2026-07-26 10:05:13,3058.68,MERCHANT_PAYMENT,PURPOSE_FUND,66,,Treatment,COMPLETED,,Payment to Square Hospital Diagnostic via Nafis's Treatment Fund,289677.01,289677.01,50364.41,47305.73,,,"{""merchant"": ""Square Hospital Diagnostic"", ""fund"": ""Nafis's Treatment Fund"", ""ground_truth_anomaly"": false}",False
TXN-20260726-002416,6,,6,2026-07-26 10:37:17,1091.09,MERCHANT_PAYMENT,PURPOSE_FUND,21,,Grocery,COMPLETED,,Payment to Karwan Bazar Wholesale via Zahid's Grocery Fund,163015.77,163015.77,64612.98,63521.89,,,"{""merchant"": ""Karwan Bazar Wholesale"", ""fund"": ""Zahid's Grocery Fund"", ""ground_truth_anomaly"": false}",False
TXN-20260726-002414,25,3,,2026-07-26 12:28:53,1500.00,SEND_MONEY,NORMAL_WALLET,,,Transfer,COMPLETED,,Sent money to Farhan Kabir,135792.26,134292.26,,,,,"{""recipient_phone"": ""01710000003"", ""ground_truth_anomaly"": false}",False
TXN-20260726-002411,23,10,,2026-07-26 13:18:24,1000.00,SEND_MONEY,NORMAL_WALLET,,,Transfer,COMPLETED,,Sent money to Samiul Tariq,134800.03,133800.03,,,,,"{""recipient_phone"": ""01710000010"", ""ground_truth_anomaly"": false}",False
TXN-20260726-002415,12,,26,2026-07-26 13:34:15,443.06,MERCHANT_PAYMENT,PURPOSE_FUND,42,,Transport,COMPLETED,,Payment to Uber Bangladesh Mobility via Rafid's Transport Fund,17033.28,17033.28,3327.88,2884.82,,,"{""merchant"": ""Uber Bangladesh Mobility"", ""fund"": ""Rafid's Transport Fund"", ""ground_truth_anomaly"": false}",False
TXN-20260726-002412,20,,23,2026-07-26 14:32:00,193.00,MERCHANT_PAYMENT,NORMAL_WALLET,,,Restaurant/Food,COMPLETED,,Payment to Kacchi Bhai Biryani from Normal Wallet,328952.78,328759.78,,,,,"{""merchant"": ""Kacchi Bhai Biryani"", ""ground_truth_anomaly"": false}",False
TXN-20260726-002408,18,,8,2026-07-26 16:09:16,844.02,MERCHANT_PAYMENT,FAMILY_PASS,,6,Medicine,COMPLETED,,FamilyPass spending by Rumana Alam at Tamanna Pharmacy,129028.55,128184.53,,,8752.95,7908.93,"{""owner_id"": 4, ""member_id"": 18, ""merchant"": ""Tamanna Pharmacy"", ""ground_truth_anomaly"": false}",False
TXN-20260726-002409,18,,,2026-07-26 16:46:22,100.00,MOBILE_RECHARGE,NORMAL_WALLET,,,Recharge,COMPLETED,,Mobile Recharge to 01710000018,35286.33,35186.33,,,,,"{""operator"": ""Grameenphone"", ""ground_truth_anomaly"": false}",False
TXN-20260726-002410,23,,,2026-07-26 17:04:35,200.00,MOBILE_RECHARGE,NORMAL_WALLET,,,Recharge,COMPLETED,,Mobile Recharge to 01710000023,135000.03,134800.03,,,,,"{""operator"": ""Grameenphone"", ""ground_truth_anomaly"": false}",False
TXN-20260726-002421,10,,,2026-07-26 17:10:03,100.00,MOBILE_RECHARGE,NORMAL_WALLET,,,Recharge,COMPLETED,,Mobile Recharge to 01710000010,11824.06,11724.06,,,,,"{""operator"": ""Grameenphone"", ""ground_truth_anomaly"": false}",False
TXN-REJ-20260726-003257,6,,30,2026-07-26 18:32:00,858.00,MERCHANT_PAYMENT,PURPOSE_FUND,21,,Shopping,REJECTED,"Category Restriction Mismatch: Merchant 'Aarong Lifestyle Retail' is registered as 'Shopping', but 'Zahid's Grocery Fund' can ONLY be used for 'Grocery' payments.",Attempted payment to Aarong Lifestyle Retail via Zahid's Grocery Fund,214215.37,214215.37,116123.34,116123.34,,,"{""ground_truth_anomaly"": false, ""policy_violation"": ""CATEGORY_RESTRICTION_ERROR""}",False
TXN-20260726-002417,6,,28,2026-07-26 19:18:26,523.24,MERCHANT_PAYMENT,PURPOSE_FUND,22,,Rent,COMPLETED,,Payment to Eastern Housing Rental via Zahid's Rent Fund,163015.77,163015.77,30798.40,30275.16,,,"{""merchant"": ""Eastern Housing Rental"", ""fund"": ""Zahid's Rent Fund"", ""ground_truth_anomaly"": false}",False
TXN-20260726-002413,25,,30,2026-07-26 20:15:45,2056.88,MERCHANT_PAYMENT,PURPOSE_FUND,76,,Shopping,COMPLETED,,Payment to Aarong Lifestyle Retail via Arif's Shopping Fund,135792.26,135792.26,37019.89,34963.01,,,"{""merchant"": ""Aarong Lifestyle Retail"", ""fund"": ""Arif's Shopping Fund"", ""ground_truth_anomaly"": false}",True
TXN-20260726-002420,10,,26,2026-07-26 20:27:18,398.79,MERCHANT_PAYMENT,PURPOSE_FUND,38,,Transport,COMPLETED,,Payment to Uber Bangladesh Mobility via Samiul's Transport Fund,11824.06,11824.06,5540.54,5141.75,,,"{""merchant"": ""Uber Bangladesh Mobility"", ""fund"": ""Samiul's Transport Fund"", ""ground_truth_anomaly"": false}",False
TXN-20260727-002430,6,,1,2026-07-27 08:40:27,880.16,MERCHANT_PAYMENT,PURPOSE_FUND,21,,Grocery,COMPLETED,,Payment to Agora Super Shop via Zahid's Grocery Fund,162536.34,162536.34,63521.89,62641.73,,,"{""merchant"": ""Agora Super Shop"", ""fund"": ""Zahid's Grocery Fund"", ""ground_truth_anomaly"": false}",False
TXN-20260727-002433,16,24,,2026-07-27 08:49:59,300.00,SEND_MONEY,NORMAL_WALLET,,,Transfer,COMPLETED,,Sent money to Emon Khandaker,18118.70,17818.70,,,,,"{""recipient_phone"": ""01710000024"", ""ground_truth_anomaly"": false}",False
TXN-20260727-002431,2,,22,2026-07-27 09:44:05,310.77,MERCHANT_PAYMENT,NORMAL_WALLET,,,Restaurant/Food,COMPLETED,,Payment to Star Kabab & Restaurant from Normal Wallet,150331.87,150021.10,,,,,"{""merchant"": ""Star Kabab & Restaurant"", ""ground_truth_anomaly"": false}",False
TXN-20260727-002432,8,,16,2026-07-27 09:54:39,4710.64,MERCHANT_PAYMENT,PURPOSE_FUND,30,,Education,COMPLETED,,Payment to Daffodil University Tuition via Saifur's Education Fund,159781.14,159781.14,16157.97,11447.33,,,"{""merchant"": ""Daffodil University Tuition"", ""fund"": ""Saifur's Education Fund"", ""ground_truth_anomaly"": false}",False
TXN-20260727-002426,5,,9,2026-07-27 11:33:26,493.95,MERCHANT_PAYMENT,PURPOSE_FUND,19,,Medicine,COMPLETED,,Payment to Green Life Model Pharmacy via Kamrul's Medicine Fund,79376.16,79376.16,17968.36,17474.41,,,"{""merchant"": ""Green Life Model Pharmacy"", ""fund"": ""Kamrul's Medicine Fund"", ""ground_truth_anomaly"": false}",False
TXN-20260727-002437,19,,8,2026-07-27 13:29:26,365.87,MERCHANT_PAYMENT,PURPOSE_FUND,56,,Medicine,COMPLETED,,Payment to Tamanna Pharmacy via Sadia's Medicine Fund,41319.15,41319.15,12871.75,12505.88,,,"{""merchant"": ""Tamanna Pharmacy"", ""fund"": ""Sadia's Medicine Fund"", ""ground_truth_anomaly"": false}",False
TXN-20260727-002425,5,,7,2026-07-27 16:16:19,440.51,MERCHANT_PAYMENT,PURPOSE_FUND,19,,Medicine,COMPLETED,,Payment to Labaid Pharmacy via Kamrul's Medicine Fund,79376.16,79376.16,18408.87,17968.36,,,"{""merchant"": ""Labaid Pharmacy"", ""fund"": ""Kamrul's Medicine Fund"", ""ground_truth_anomaly"": false}",False
TXN-ANOM-20260727-003224,12,,12,2026-07-27 17:28:00,11334.00,MERCHANT_PAYMENT,NORMAL_WALLET,,,Treatment,COMPLETED,,Emergency diagnostic package at Evercare Hospital Lab,25297.870,13963.870,,,,,"{""ground_truth_anomaly"": true, ""anomaly_type"": ""UNUSUAL_CATEGORY""}",True
TXN-20260727-002428,17,,,2026-07-27 18:11:54,50.00,MOBILE_RECHARGE,NORMAL_WALLET,,,Recharge,COMPLETED,,Mobile Recharge to 01710000017,24975.81,24925.81,,,,,"{""operator"": ""Grameenphone"", ""ground_truth_anomaly"": false}",False
TXN-20260727-002423,13,,26,2026-07-27 18:58:27,355.54,MERCHANT_PAYMENT,PURPOSE_FUND,44,,Transport,COMPLETED,,Payment to Uber Bangladesh Mobility via Nahian's Transport Fund,10009.25,10009.25,657.53,301.99,,,"{""merchant"": ""Uber Bangladesh Mobility"", ""fund"": ""Nahian's Transport Fund"", ""ground_truth_anomaly"": false}",False
TXN-20260727-002424,13,,25,2026-07-27 20:00:05,278.40,MERCHANT_PAYMENT,PURPOSE_FUND,44,,Transport,COMPLETED,,Payment to Shohoz Interdistrict Ride via Nahian's Transport Fund,10009.25,10009.25,301.99,23.59,,,"{""merchant"": ""Shohoz Interdistrict Ride"", ""fund"": ""Nahian's Transport Fund"", ""ground_truth_anomaly"": false}",False
TXN-20260727-002434,10,,27,2026-07-27 20:09:54,406.63,MERCHANT_PAYMENT,NORMAL_WALLET,,,Transport,COMPLETED,,Payment to Pathao Transportation from Normal Wallet,11724.06,11317.43,,,,,"{""merchant"": ""Pathao Transportation"", ""ground_truth_anomaly"": false}",False
TXN-20260727-002427,14,,21,2026-07-27 20:21:08,975.88,MERCHANT_PAYMENT,PURPOSE_FUND,45,,Restaurant/Food,COMPLETED,,Payment to Sultan's Dine Kacchi via Sakib's Restaurant/Food Fund,22632.08,22632.08,4192.02,3216.14,,,"{""merchant"": ""Sultan's Dine Kacchi"", ""fund"": ""Sakib's Restaurant/Food Fund"", ""ground_truth_anomaly"": false}",False
TXN-20260727-002435,10,24,,2026-07-27 21:06:00,1500.00,SEND_MONEY,NORMAL_WALLET,,,Transfer,COMPLETED,,Sent money to Emon Khandaker,11317.43,9817.43,,,,,"{""recipient_phone"": ""01710000024"", ""ground_truth_anomaly"": false}",False
TXN-20260727-002429,6,,30,2026-07-27 21:20:00,479.43,MERCHANT_PAYMENT,NORMAL_WALLET,,,Shopping,COMPLETED,,Payment to Aarong Lifestyle Retail from Normal Wallet,163015.77,162536.34,,,,,"{""merchant"": ""Aarong Lifestyle Retail"", ""ground_truth_anomaly"": false}",False
TXN-20260727-002436,15,,27,2026-07-27 22:18:42,251.93,MERCHANT_PAYMENT,PURPOSE_FUND,48,,Transport,COMPLETED,,Payment to Pathao Transportation via Zubair's Transport Fund,13042.54,13042.54,5283.32,5031.39,,,"{""merchant"": ""Pathao Transportation"", ""fund"": ""Zubair's Transport Fund"", ""ground_truth_anomaly"": false}",False
TXN-ANOM-20260728-003192,20,,25,2026-07-28 01:09:00,2775.00,MERCHANT_PAYMENT,NORMAL_WALLET,,,Transport,COMPLETED,,Late night inter-district transport fare via Shohoz Interdistrict Ride,512874.88,510099.88,,,,,"{""ground_truth_anomaly"": true, ""anomaly_type"": ""UNUSUAL_TIME""}",False
TXN-20260728-002447,22,,2,2026-07-28 08:40:09,482.61,MERCHANT_PAYMENT,PURPOSE_FUND,65,,Grocery,COMPLETED,,Payment to Shwapno Superstore via Nafis's Grocery Fund,289237.52,289237.52,93950.64,93468.03,,,"{""merchant"": ""Shwapno Superstore"", ""fund"": ""Nafis's Grocery Fund"", ""ground_truth_anomaly"": false}",True
TXN-20260728-002443,24,,30,2026-07-28 09:18:57,1379.42,MERCHANT_PAYMENT,PURPOSE_FUND,73,,Shopping,COMPLETED,,Payment to Aarong Lifestyle Retail via Emon's Shopping Fund,121126.19,121126.19,22394.41,21014.99,,,"{""merchant"": ""Aarong Lifestyle Retail"", ""fund"": ""Emon's Shopping Fund"", ""ground_truth_anomaly"": false}",False
TXN-20260728-002445,8,,20,2026-07-28 09:36:34,777.97,MERCHANT_PAYMENT,PURPOSE_FUND,31,,Electricity,COMPLETED,,Payment to Link3 Internet Utilities via Saifur's Electricity Fund,159781.14,159781.14,2123.79,1345.82,,,"{""merchant"": ""Link3 Internet Utilities"", ""fund"": ""Saifur's Electricity Fund"", ""ground_truth_anomaly"": false}",False
TXN-20260728-002449,2,,9,2026-07-28 10:09:35,506.38,MERCHANT_PAYMENT,PURPOSE_FUND,8,,Medicine,COMPLETED,,Payment to Green Life Model Pharmacy via Anisul's Medicine Fund,150021.10,150021.10,13369.17,12862.79,,,"{""merchant"": ""Green Life Model Pharmacy"", ""fund"": ""Anisul's Medicine Fund"", ""ground_truth_anomaly"": false}",False
TXN-20260728-002442,20,3,,2026-07-28 11:34:33,300.00,SEND_MONEY,NORMAL_WALLET,,,Transfer,COMPLETED,,Sent money to Farhan Kabir,328759.78,328459.78,,,,,"{""recipient_phone"": ""01710000003"", ""ground_truth_anomaly"": false}",False
TXN-20260728-002441,20,,11,2026-07-28 12:08:37,2515.17,MERCHANT_PAYMENT,PURPOSE_FUND,60,,Treatment,COMPLETED,,Payment to Square Hospital Diagnostic via Asif's Treatment Fund,328759.78,328759.78,28827.20,26312.03,,,"{""merchant"": ""Square Hospital Diagnostic"", ""fund"": ""Asif's Treatment Fund"", ""ground_truth_anomaly"": false}",False
TXN-20260728-002438,19,,,2026-07-28 16:37:19,500.00,CASH_OUT,NORMAL_WALLET,,,Cash Out,COMPLETED,,Agent Cash Out Withdrawal,41319.15,40819.15,,,,,"{""agent_code"": ""AGT-7712"", ""ground_truth_anomaly"": false}",False
TXN-20260728-002446,22,,30,2026-07-28 16:47:10,439.49,MERCHANT_PAYMENT,NORMAL_WALLET,,,Shopping,COMPLETED,,Payment to Aarong Lifestyle Retail from Normal Wallet,289677.01,289237.52,,,,,"{""merchant"": ""Aarong Lifestyle Retail"", ""ground_truth_anomaly"": false}",False
TXN-20260728-002440,23,,22,2026-07-28 17:43:32,1195.82,MERCHANT_PAYMENT,PURPOSE_FUND,69,,Restaurant/Food,COMPLETED,,Payment to Star Kabab & Restaurant via Shafiqul's Restaurant/Food Fund,133800.03,133800.03,35737.62,34541.80,,,"{""merchant"": ""Star Kabab & Restaurant"", ""fund"": ""Shafiqul's Restaurant/Food Fund"", ""ground_truth_anomaly"": false}",False
TXN-20260728-002444,12,,24,2026-07-28 20:51:03,503.43,MERCHANT_PAYMENT,NORMAL_WALLET,,,Restaurant/Food,COMPLETED,,Payment to Takeout Gourmet Burgers from Normal Wallet,17033.28,16529.85,,,,,"{""merchant"": ""Takeout Gourmet Burgers"", ""ground_truth_anomaly"": false}",False
TXN-20260728-002439,18,,,2026-07-28 22:33:34,500.00,MOBILE_RECHARGE,NORMAL_WALLET,,,Recharge,COMPLETED,,Mobile Recharge to 01710000018,35186.33,34686.33,,,,,"{""operator"": ""Grameenphone"", ""ground_truth_anomaly"": false}",False
TXN-20260728-002448,16,,4,2026-07-28 22:35:15,503.41,MERCHANT_PAYMENT,FAMILY_PASS,,2,Grocery,COMPLETED,,FamilyPass spending by Nasrin Rahman at Meena Bazar,85351.58,84848.17,,,4346.83,3843.42,"{""owner_id"": 1, ""member_id"": 16, ""merchant"": ""Meena Bazar"", ""ground_truth_anomaly"": false}",False
TXN-20260729-002455,19,,25,2026-07-29 10:42:09,329.02,MERCHANT_PAYMENT,NORMAL_WALLET,,,Transport,COMPLETED,,Payment to Shohoz Interdistrict Ride from Normal Wallet,40819.15,40490.13,,,,,"{""merchant"": ""Shohoz Interdistrict Ride"", ""ground_truth_anomaly"": false}",False
TXN-20260729-002456,19,,6,2026-07-29 10:52:04,818.80,MERCHANT_PAYMENT,FAMILY_PASS,,9,Grocery,COMPLETED,,FamilyPass spending by Sadia Chowdhury at Karwan Bazar Wholesale,328459.78,327640.98,,,9162.04,8343.24,"{""owner_id"": 20, ""member_id"": 19, ""merchant"": ""Karwan Bazar Wholesale"", ""ground_truth_anomaly"": false}",True
TXN-REJ-20260729-003256,19,,3,2026-07-29 13:53:00,15870.00,MERCHANT_PAYMENT,FAMILY_PASS,,9,Grocery,REJECTED,"FamilyPass spending limit exceeded. Remaining allowance: ৳15,000.00, requested: ৳15,870.00",Attempted FamilyPass spending exceeding allowance,481695.88,481695.88,,,15000.00,15000.00,"{""ground_truth_anomaly"": false, ""policy_violation"": ""FAMILYPASS_LIMIT_EXCEEDED""}",False
TXN-20260729-002458,15,,26,2026-07-29 15:42:31,366.41,MERCHANT_PAYMENT,PURPOSE_FUND,48,,Transport,COMPLETED,,Payment to Uber Bangladesh Mobility via Zubair's Transport Fund,13042.54,13042.54,5031.39,4664.98,,,"{""merchant"": ""Uber Bangladesh Mobility"", ""fund"": ""Zubair's Transport Fund"", ""ground_truth_anomaly"": false}",False
TXN-20260729-002450,12,22,,2026-07-29 16:04:06,500.00,SEND_MONEY,NORMAL_WALLET,,,Transfer,COMPLETED,,Sent money to Nafis Fuad,16529.85,16029.85,,,,,"{""recipient_phone"": ""01710000022"", ""ground_truth_anomaly"": false}",False
TXN-20260729-002460,8,,,2026-07-29 16:21:31,1000.00,CASH_OUT,NORMAL_WALLET,,,Cash Out,COMPLETED,,Agent Cash Out Withdrawal,159781.14,158781.14,,,,,"{""agent_code"": ""AGT-7712"", ""ground_truth_anomaly"": false}",False
TXN-20260729-002454,21,5,,2026-07-29 17:33:10,1500.00,SEND_MONEY,NORMAL_WALLET,,,Transfer,COMPLETED,,Sent money to Kamrul Hasan,413851.84,412351.84,,,,,"{""recipient_phone"": ""01710000005"", ""ground_truth_anomaly"": false}",False
TXN-20260729-002461,20,,29,2026-07-29 19:24:43,822.66,MERCHANT_PAYMENT,PURPOSE_FUND,58,,Rent,COMPLETED,,Payment to Rangs Living Rent via Asif's Rent Fund,327640.98,327640.98,76675.83,75853.17,,,"{""merchant"": ""Rangs Living Rent"", ""fund"": ""Asif's Rent Fund"", ""ground_truth_anomaly"": false}",False
TXN-20260729-002451,18,,8,2026-07-29 20:00:44,383.32,MERCHANT_PAYMENT,FAMILY_PASS,,6,Medicine,COMPLETED,,FamilyPass spending by Rumana Alam at Tamanna Pharmacy,128184.53,127801.21,,,7908.93,7525.61,"{""owner_id"": 4, ""member_id"": 18, ""merchant"": ""Tamanna Pharmacy"", ""ground_truth_anomaly"": false}",False
TXN-20260729-002453,21,,30,2026-07-29 20:12:35,602.08,MERCHANT_PAYMENT,NORMAL_WALLET,,,Shopping,COMPLETED,,Payment to Aarong Lifestyle Retail from Normal Wallet,414453.92,413851.84,,,,,"{""merchant"": ""Aarong Lifestyle Retail"", ""ground_truth_anomaly"": false}",False
TXN-20260729-002457,24,,30,2026-07-29 20:27:40,1367.27,MERCHANT_PAYMENT,PURPOSE_FUND,73,,Shopping,COMPLETED,,Payment to Aarong Lifestyle Retail via Emon's Shopping Fund,121126.19,121126.19,21014.99,19647.72,,,"{""merchant"": ""Aarong Lifestyle Retail"", ""fund"": ""Emon's Shopping Fund"", ""ground_truth_anomaly"": false}",False
TXN-20260729-002452,13,,,2026-07-29 20:37:37,300.00,MOBILE_RECHARGE,NORMAL_WALLET,,,Recharge,COMPLETED,,Mobile Recharge to 01710000013,10009.25,9709.25,,,,,"{""operator"": ""Grameenphone"", ""ground_truth_anomaly"": false}",False
TXN-20260729-002459,16,,4,2026-07-29 20:59:41,728.40,MERCHANT_PAYMENT,PURPOSE_FUND,49,,Grocery,COMPLETED,,Payment to Meena Bazar via Nasrin's Grocery Fund,17818.70,17818.70,23529.58,22801.18,,,"{""merchant"": ""Meena Bazar"", ""fund"": ""Nasrin's Grocery Fund"", ""ground_truth_anomaly"": false}",True
TXN-ANOM-20260729-003234,5,,24,2026-07-29 21:13:00,3800.00,MERCHANT_PAYMENT,NORMAL_WALLET,,,Restaurant/Food,COMPLETED,,Large banquet charge at Takeout Gourmet Burgers,70438.03,66638.03,,,,,"{""ground_truth_anomaly"": true, ""anomaly_type"": ""SPENDING_BURST""}",True
TXN-ANOM-20260730-003180,16,,25,2026-07-30 04:22:00,2195.00,MERCHANT_PAYMENT,NORMAL_WALLET,,,Transport,COMPLETED,,Late night inter-district transport fare via Shohoz Interdistrict Ride,2722.51,527.51,,,,,"{""ground_truth_anomaly"": true, ""anomaly_type"": ""UNUSUAL_TIME""}",False
TXN-20260730-002476,12,,,2026-07-30 08:30:16,200.00,MOBILE_RECHARGE,NORMAL_WALLET,,,Recharge,COMPLETED,,Mobile Recharge to 01710000012,15979.85,15779.85,,,,,"{""operator"": ""Grameenphone"", ""ground_truth_anomaly"": false}",False
TXN-20260730-002463,4,,8,2026-07-30 09:08:30,544.33,MERCHANT_PAYMENT,PURPOSE_FUND,16,,Medicine,COMPLETED,,Payment to Tamanna Pharmacy via Mahbub's Medicine Fund,127801.21,127801.21,27266.35,26722.02,,,"{""merchant"": ""Tamanna Pharmacy"", ""fund"": ""Mahbub's Medicine Fund"", ""ground_truth_anomaly"": false}",False
TXN-20260730-002462,20,,,2026-07-30 10:22:47,100.00,MOBILE_RECHARGE,NORMAL_WALLET,,,Recharge,COMPLETED,,Mobile Recharge to 01710000020,327640.98,327540.98,,,,,"{""operator"": ""Grameenphone"", ""ground_truth_anomaly"": false}",False
TXN-20260730-002474,2,,28,2026-07-30 11:01:51,343.18,MERCHANT_PAYMENT,PURPOSE_FUND,6,,Rent,COMPLETED,,Payment to Eastern Housing Rental via Anisul's Rent Fund,149239.53,149239.53,32256.22,31913.04,,,"{""merchant"": ""Eastern Housing Rental"", ""fund"": ""Anisul's Rent Fund"", ""ground_truth_anomaly"": false}",False
TXN-20260730-002472,10,,27,2026-07-30 11:23:56,381.55,MERCHANT_PAYMENT,PURPOSE_FUND,38,,Transport,COMPLETED,,Payment to Pathao Transportation via Samiul's Transport Fund,9817.43,9817.43,5141.75,4760.20,,,"{""merchant"": ""Pathao Transportation"", ""fund"": ""Samiul's Transport Fund"", ""ground_truth_anomaly"": false}",False
TXN-20260730-002464,16,,,2026-07-30 11:38:36,100.00,MOBILE_RECHARGE,NORMAL_WALLET,,,Recharge,COMPLETED,,Mobile Recharge to 01710000016,17818.70,17718.70,,,,,"{""operator"": ""Grameenphone"", ""ground_truth_anomaly"": false}",False
TXN-20260730-002466,14,,24,2026-07-30 13:58:29,431.61,MERCHANT_PAYMENT,FAMILY_PASS,,8,Restaurant/Food,COMPLETED,,FamilyPass spending by Sakib Chowdhury at Takeout Gourmet Burgers,327540.98,327109.37,,,1571.41,1139.80,"{""owner_id"": 20, ""member_id"": 14, ""merchant"": ""Takeout Gourmet Burgers"", ""ground_truth_anomaly"": false}",False
TXN-20260730-002470,17,,3,2026-07-30 16:05:32,781.57,MERCHANT_PAYMENT,FAMILY_PASS,,4,Grocery,COMPLETED,,FamilyPass spending by Farzana Haque at Unimart Hypermarket,150021.10,149239.53,,,2627.57,1846.00,"{""owner_id"": 2, ""member_id"": 17, ""merchant"": ""Unimart Hypermarket"", ""ground_truth_anomaly"": false}",True
TXN-20260730-002468,18,,30,2026-07-30 16:47:21,422.65,MERCHANT_PAYMENT,PURPOSE_FUND,54,,Shopping,COMPLETED,,Payment to Aarong Lifestyle Retail via Rumana's Shopping Fund,34686.33,34686.33,422.65,0.00,,,"{""merchant"": ""Aarong Lifestyle Retail"", ""fund"": ""Rumana's Shopping Fund"", ""ground_truth_anomaly"": false}",False
TXN-20260730-002473,6,,,2026-07-30 16:54:26,200.00,MOBILE_RECHARGE,NORMAL_WALLET,,,Recharge,COMPLETED,,Mobile Recharge to 01710000006,162536.34,162336.34,,,,,"{""operator"": ""Grameenphone"", ""ground_truth_anomaly"": false}",False
TXN-20260730-002475,12,,,2026-07-30 17:50:55,50.00,MOBILE_RECHARGE,NORMAL_WALLET,,,Recharge,COMPLETED,,Mobile Recharge to 01710000012,16029.85,15979.85,,,,,"{""operator"": ""Grameenphone"", ""ground_truth_anomaly"": false}",False
TXN-20260730-002467,13,,,2026-07-30 19:23:00,200.00,MOBILE_RECHARGE,NORMAL_WALLET,,,Recharge,COMPLETED,,Mobile Recharge to 01710000013,9709.25,9509.25,,,,,"{""operator"": ""Grameenphone"", ""ground_truth_anomaly"": false}",False
TXN-20260730-002465,22,,16,2026-07-30 19:35:37,4388.24,MERCHANT_PAYMENT,PURPOSE_FUND,67,,Education,COMPLETED,,Payment to Daffodil University Tuition via Nafis's Education Fund,289737.52,289737.52,41989.99,37601.75,,,"{""merchant"": ""Daffodil University Tuition"", ""fund"": ""Nafis's Education Fund"", ""ground_truth_anomaly"": false}",False
TXN-20260730-002471,5,,7,2026-07-30 21:02:59,530.44,MERCHANT_PAYMENT,PURPOSE_FUND,19,,Medicine,COMPLETED,,Payment to Labaid Pharmacy via Kamrul's Medicine Fund,80876.16,80876.16,17474.41,16943.97,,,"{""merchant"": ""Labaid Pharmacy"", ""fund"": ""Kamrul's Medicine Fund"", ""ground_truth_anomaly"": false}",False
TXN-20260730-002469,18,,,2026-07-30 21:53:48,1000.00,CASH_OUT,NORMAL_WALLET,,,Cash Out,COMPLETED,,Agent Cash Out Withdrawal,34686.33,33686.33,,,,,"{""agent_code"": ""AGT-7712"", ""ground_truth_anomaly"": false}",False
TXN-20260731-002479,22,,30,2026-07-31 09:26:23,2358.95,MERCHANT_PAYMENT,PURPOSE_FUND,68,,Shopping,COMPLETED,,Payment to Aarong Lifestyle Retail via Nafis's Shopping Fund,289737.52,289737.52,41660.04,39301.09,,,"{""merchant"": ""Aarong Lifestyle Retail"", ""fund"": ""Nafis's Shopping Fund"", ""ground_truth_anomaly"": false}",False
TXN-20260731-002478,16,4,,2026-07-31 10:37:49,1000.00,SEND_MONEY,NORMAL_WALLET,,,Transfer,COMPLETED,,Sent money to Mahbub Alam,17718.70,16718.70,,,,,"{""recipient_phone"": ""01710000004"", ""ground_truth_anomaly"": false}",False
TXN-ANOM-20260731-003190,12,,12,2026-07-31 10:55:00,14240.00,MERCHANT_PAYMENT,NORMAL_WALLET,,,Treatment,COMPLETED,,Emergency diagnostic package at Evercare Hospital Lab,14393.37,153.37,,,,,"{""ground_truth_anomaly"": true, ""anomaly_type"": ""UNUSUAL_CATEGORY""}",True
TXN-20260731-002489,15,,27,2026-07-31 11:13:34,204.92,MERCHANT_PAYMENT,FAMILY_PASS,,10,Transport,COMPLETED,,FamilyPass spending by Zubair Ahmed at Pathao Transportation,133300.03,133095.11,,,979.80,774.88,"{""owner_id"": 23, ""member_id"": 15, ""merchant"": ""Pathao Transportation"", ""ground_truth_anomaly"": false}",False
TXN-20260731-002480,22,,13,2026-07-31 11:22:39,2573.30,MERCHANT_PAYMENT,PURPOSE_FUND,66,,Treatment,COMPLETED,,Payment to Popular Diagnostic Centre via Nafis's Treatment Fund,289737.52,289737.52,47305.73,44732.43,,,"{""merchant"": ""Popular Diagnostic Centre"", ""fund"": ""Nafis's Treatment Fund"", ""ground_truth_anomaly"": false}",False
TXN-20260731-002481,23,,,2026-07-31 12:13:57,500.00,MOBILE_RECHARGE,NORMAL_WALLET,,,Recharge,COMPLETED,,Mobile Recharge to 01710000023,133800.03,133300.03,,,,,"{""operator"": ""Grameenphone"", ""ground_truth_anomaly"": false}",False
TXN-20260731-002484,8,,15,2026-07-31 12:22:50,3445.40,MERCHANT_PAYMENT,PURPOSE_FUND,30,,Education,COMPLETED,,Payment to Sunnydale Academy via Saifur's Education Fund,158281.14,158281.14,11447.33,8001.93,,,"{""merchant"": ""Sunnydale Academy"", ""fund"": ""Saifur's Education Fund"", ""ground_truth_anomaly"": false}",False
TXN-20260731-002485,10,,26,2026-07-31 14:46:27,399.77,MERCHANT_PAYMENT,PURPOSE_FUND,38,,Transport,COMPLETED,,Payment to Uber Bangladesh Mobility via Samiul's Transport Fund,9817.43,9817.43,4760.20,4360.43,,,"{""merchant"": ""Uber Bangladesh Mobility"", ""fund"": ""Samiul's Transport Fund"", ""ground_truth_anomaly"": false}",False
TXN-20260731-002495,5,,6,2026-07-31 16:09:58,1401.55,MERCHANT_PAYMENT,PURPOSE_FUND,17,,Grocery,COMPLETED,,Payment to Karwan Bazar Wholesale via Kamrul's Grocery Fund,80576.16,80576.16,44258.17,42856.62,,,"{""merchant"": ""Karwan Bazar Wholesale"", ""fund"": ""Kamrul's Grocery Fund"", ""ground_truth_anomaly"": false}",True
TXN-20260731-002482,25,,24,2026-07-31 16:35:08,381.04,MERCHANT_PAYMENT,PURPOSE_FUND,75,,Restaurant/Food,COMPLETED,,Payment to Takeout Gourmet Burgers via Arif's Restaurant/Food Fund,134292.26,134292.26,34577.60,34196.56,,,"{""merchant"": ""Takeout Gourmet Burgers"", ""fund"": ""Arif's Restaurant/Food Fund"", ""ground_truth_anomaly"": false}",False
TXN-20260731-002494,5,,,2026-07-31 17:02:58,300.00,MOBILE_RECHARGE,NORMAL_WALLET,,,Recharge,COMPLETED,,Mobile Recharge to 01710000005,80876.16,80576.16,,,,,"{""operator"": ""Grameenphone"", ""ground_truth_anomaly"": false}",False
TXN-20260731-002491,6,2,,2026-07-31 17:16:06,300.00,SEND_MONEY,NORMAL_WALLET,,,Transfer,COMPLETED,,Sent money to Anisul Haque,162336.34,162036.34,,,,,"{""recipient_phone"": ""01710000002"", ""ground_truth_anomaly"": false}",False
TXN-20260731-002483,8,,,2026-07-31 18:35:22,500.00,MOBILE_RECHARGE,NORMAL_WALLET,,,Recharge,COMPLETED,,Mobile Recharge to 01710000008,158781.14,158281.14,,,,,"{""operator"": ""Grameenphone"", ""ground_truth_anomaly"": false}",False
TXN-20260731-002477,19,,1,2026-07-31 18:58:02,924.59,MERCHANT_PAYMENT,PURPOSE_FUND,55,,Grocery,COMPLETED,,Payment to Agora Super Shop via Sadia's Grocery Fund,40490.13,40490.13,32540.58,31615.99,,,"{""merchant"": ""Agora Super Shop"", ""fund"": ""Sadia's Grocery Fund"", ""ground_truth_anomaly"": false}",True
TXN-20260731-002493,18,,3,2026-07-31 19:14:40,749.18,MERCHANT_PAYMENT,FAMILY_PASS,,6,Grocery,COMPLETED,,FamilyPass spending by Rumana Alam at Unimart Hypermarket,128801.21,128052.03,,,7525.61,6776.43,"{""owner_id"": 4, ""member_id"": 18, ""merchant"": ""Unimart Hypermarket"", ""ground_truth_anomaly"": false}",False
TXN-20260731-002496,12,,27,2026-07-31 19:50:55,399.52,MERCHANT_PAYMENT,PURPOSE_FUND,42,,Transport,COMPLETED,,Payment to Pathao Transportation via Rafid's Transport Fund,15779.85,15779.85,2884.82,2485.30,,,"{""merchant"": ""Pathao Transportation"", ""fund"": ""Rafid's Transport Fund"", ""ground_truth_anomaly"": false}",False
TXN-20260731-002487,17,,7,2026-07-31 20:04:45,510.28,MERCHANT_PAYMENT,PURPOSE_FUND,52,,Medicine,COMPLETED,,Payment to Labaid Pharmacy via Farzana's Medicine Fund,24925.81,24925.81,11292.02,10781.74,,,"{""merchant"": ""Labaid Pharmacy"", ""fund"": ""Farzana's Medicine Fund"", ""ground_truth_anomaly"": false}",False
TXN-20260731-002490,6,,30,2026-07-31 20:59:37,2051.86,MERCHANT_PAYMENT,PURPOSE_FUND,24,,Shopping,COMPLETED,,Payment to Aarong Lifestyle Retail via Zahid's Shopping Fund,162336.34,162336.34,7469.92,5418.06,,,"{""merchant"": ""Aarong Lifestyle Retail"", ""fund"": ""Zahid's Shopping Fund"", ""ground_truth_anomaly"": false}",False
TXN-20260731-002492,18,,3,2026-07-31 21:07:45,827.77,MERCHANT_PAYMENT,PURPOSE_FUND,53,,Grocery,COMPLETED,,Payment to Unimart Hypermarket via Rumana's Grocery Fund,33686.33,33686.33,28665.12,27837.35,,,"{""merchant"": ""Unimart Hypermarket"", ""fund"": ""Rumana's Grocery Fund"", ""ground_truth_anomaly"": false}",False
TXN-20260731-002486,21,,30,2026-07-31 22:33:00,2462.83,MERCHANT_PAYMENT,PURPOSE_FUND,64,,Shopping,COMPLETED,,Payment to Aarong Lifestyle Retail via Tanzeem's Shopping Fund,412351.84,412351.84,67358.76,64895.93,,,"{""merchant"": ""Aarong Lifestyle Retail"", ""fund"": ""Tanzeem's Shopping Fund"", ""ground_truth_anomaly"": false}",True
TXN-20260731-002488,17,,4,2026-07-31 22:44:36,615.96,MERCHANT_PAYMENT,FAMILY_PASS,,4,Grocery,COMPLETED,,FamilyPass spending by Farzana Haque at Meena Bazar,149239.53,148623.57,,,1846.00,1230.04,"{""owner_id"": 2, ""member_id"": 17, ""merchant"": ""Meena Bazar"", ""ground_truth_anomaly"": false}",False
TXN-20260801-002502,2,2,,2026-08-01 09:03:00,93439.98,CASH_IN,NORMAL_WALLET,,,Deposit,COMPLETED,,Monthly Salary / Bank Add Money,148923.57,242363.55,,,,,"{""source"": ""Bank Deposit"", ""ground_truth_anomaly"": false}",False
TXN-20260801-002604,17,,21,2026-08-01 09:03:20,454.87,MERCHANT_PAYMENT,NORMAL_WALLET,,,Restaurant/Food,COMPLETED,,Payment to Sultan's Dine Kacchi from Normal Wallet,33653.98,33199.11,,,,,"{""merchant"": ""Sultan's Dine Kacchi"", ""ground_truth_anomaly"": false}",False
TXN-20260801-002537,9,9,,2026-08-01 09:06:00,91189.08,CASH_IN,NORMAL_WALLET,,,Deposit,COMPLETED,,Monthly Salary / Bank Add Money,172869.14,264058.22,,,,,"{""source"": ""Bank Deposit"", ""ground_truth_anomaly"": false}",False
TXN-20260801-002554,14,14,,2026-08-01 09:08:00,14274.08,CASH_IN,NORMAL_WALLET,,,Deposit,COMPLETED,,Monthly Salary / Bank Add Money,22632.08,36906.16,,,,,"{""source"": ""Bank Deposit"", ""ground_truth_anomaly"": false}",False
TXN-20260801-002503,2,,,2026-08-01 09:09:00,20000.00,FUND_ALLOCATION,NORMAL_WALLET,5,,Grocery,COMPLETED,,Allocated ৳20000.00 to Anisul's Grocery Fund,242363.55,222363.55,72119.03,92119.03,,,"{""fund_name"": ""Anisul's Grocery Fund"", ""ground_truth_anomaly"": false}",False
TXN-20260801-002539,9,,,2026-08-01 09:11:00,22000.00,FUND_ALLOCATION,NORMAL_WALLET,34,,Rent,COMPLETED,,Allocated ৳22000.00 to Shahidul's Rent Fund,245058.22,223058.22,18276.36,40276.36,,,"{""fund_name"": ""Shahidul's Rent Fund"", ""ground_truth_anomaly"": false}",False
TXN-20260801-002540,9,,,2026-08-01 09:11:00,4000.00,FUND_ALLOCATION,NORMAL_WALLET,35,,Electricity,COMPLETED,,Allocated ৳4000.00 to Shahidul's Electricity Fund,223058.22,219058.22,3295.77,7295.77,,,"{""fund_name"": ""Shahidul's Electricity Fund"", ""ground_truth_anomaly"": false}",False
TXN-20260801-002572,20,20,,2026-08-01 09:12:00,180944.34,CASH_IN,NORMAL_WALLET,,,Deposit,COMPLETED,,Monthly Salary / Bank Add Money,327109.37,508053.71,,,,,"{""source"": ""Bank Deposit"", ""ground_truth_anomaly"": false}",False
TXN-20260801-002555,14,,,2026-08-01 09:14:00,5000.00,FUND_ALLOCATION,NORMAL_WALLET,45,,Restaurant/Food,COMPLETED,,Allocated ৳5000.00 to Sakib's Restaurant/Food Fund,36906.16,31906.16,3216.14,8216.14,,,"{""fund_name"": ""Sakib's Restaurant/Food Fund"", ""ground_truth_anomaly"": false}",False
TXN-20260801-002557,15,15,,2026-08-01 09:14:00,10287.16,CASH_IN,NORMAL_WALLET,,,Deposit,COMPLETED,,Monthly Salary / Bank Add Money,13042.54,23329.70,,,,,"{""source"": ""Bank Deposit"", ""ground_truth_anomaly"": false}",False
TXN-20260801-002574,20,,,2026-08-01 09:18:00,40000.00,FUND_ALLOCATION,NORMAL_WALLET,58,,Rent,COMPLETED,,Allocated ৳40000.00 to Asif's Rent Fund,480053.71,440053.71,75853.17,115853.17,,,"{""fund_name"": ""Asif's Rent Fund"", ""ground_truth_anomaly"": false}",False
TXN-20260801-002505,2,,,2026-08-01 09:20:00,5000.00,FUND_ALLOCATION,NORMAL_WALLET,7,,Electricity,COMPLETED,,Allocated ৳5000.00 to Anisul's Electricity Fund,197363.55,192363.55,0.00,5000.00,,,"{""fund_name"": ""Anisul's Electricity Fund"", ""ground_truth_anomaly"": false}",False
TXN-20260801-002541,9,,,2026-08-01 09:21:00,6000.00,FUND_ALLOCATION,NORMAL_WALLET,36,,Medicine,COMPLETED,,Allocated ৳6000.00 to Shahidul's Medicine Fund,219058.22,213058.22,15819.86,21819.86,,,"{""fund_name"": ""Shahidul's Medicine Fund"", ""ground_truth_anomaly"": false}",False
TXN-20260801-002504,2,,,2026-08-01 09:23:00,25000.00,FUND_ALLOCATION,NORMAL_WALLET,6,,Rent,COMPLETED,,Allocated ৳25000.00 to Anisul's Rent Fund,222363.55,197363.55,31913.04,56913.04,,,"{""fund_name"": ""Anisul's Rent Fund"", ""ground_truth_anomaly"": false}",False
TXN-20260801-002558,15,,,2026-08-01 09:25:00,4500.00,FUND_ALLOCATION,NORMAL_WALLET,47,,Education,COMPLETED,,Allocated ৳4500.00 to Zubair's Education Fund,23329.70,18829.70,0.00,4500.00,,,"{""fund_name"": ""Zubair's Education Fund"", ""ground_truth_anomaly"": false}",False
TXN-20260801-002559,15,,,2026-08-01 09:26:00,2500.00,FUND_ALLOCATION,NORMAL_WALLET,48,,Transport,COMPLETED,,Allocated ৳2500.00 to Zubair's Transport Fund,18829.70,16329.70,4664.98,7164.98,,,"{""fund_name"": ""Zubair's Transport Fund"", ""ground_truth_anomaly"": false}",False
TXN-20260801-002506,2,,,2026-08-01 09:27:00,5000.00,FUND_ALLOCATION,NORMAL_WALLET,8,,Medicine,COMPLETED,,Allocated ৳5000.00 to Anisul's Medicine Fund,192363.55,187363.55,12862.79,17862.79,,,"{""fund_name"": ""Anisul's Medicine Fund"", ""ground_truth_anomaly"": false}",False
TXN-20260801-002527,7,7,,2026-08-01 09:27:00,66582.66,CASH_IN,NORMAL_WALLET,,,Deposit,COMPLETED,,Monthly Salary / Bank Add Money,99451.89,166034.55,,,,,"{""source"": ""Bank Deposit"", ""ground_truth_anomaly"": false}",False
TXN-20260801-002538,9,,,2026-08-01 09:29:00,19000.00,FUND_ALLOCATION,NORMAL_WALLET,33,,Grocery,COMPLETED,,Allocated ৳19000.00 to Shahidul's Grocery Fund,264058.22,245058.22,66986.70,85986.70,,,"{""fund_name"": ""Shahidul's Grocery Fund"", ""ground_truth_anomaly"": false}",False
TXN-20260801-002531,7,,,2026-08-01 09:36:00,4000.00,FUND_ALLOCATION,NORMAL_WALLET,28,,Transport,COMPLETED,,Allocated ৳4000.00 to Delwar's Transport Fund,142234.55,138234.55,11519.51,15519.51,,,"{""fund_name"": ""Delwar's Transport Fund"", ""ground_truth_anomaly"": false}",False
TXN-20260801-002556,14,,,2026-08-01 09:36:00,4000.00,FUND_ALLOCATION,NORMAL_WALLET,46,,Shopping,COMPLETED,,Allocated ৳4000.00 to Sakib's Shopping Fund,31906.16,27906.16,0.00,4000.00,,,"{""fund_name"": ""Sakib's Shopping Fund"", ""ground_truth_anomaly"": false}",False
TXN-20260801-002573,20,,,2026-08-01 09:37:00,28000.00,FUND_ALLOCATION,NORMAL_WALLET,57,,Grocery,COMPLETED,,Allocated ৳28000.00 to Asif's Grocery Fund,508053.71,480053.71,101963.32,129963.32,,,"{""fund_name"": ""Asif's Grocery Fund"", ""ground_truth_anomaly"": false}",False
TXN-20260801-002575,20,,,2026-08-01 09:38:00,20000.00,FUND_ALLOCATION,NORMAL_WALLET,59,,Shopping,COMPLETED,,Allocated ৳20000.00 to Asif's Shopping Fund,440053.71,420053.71,60562.42,80562.42,,,"{""fund_name"": ""Asif's Shopping Fund"", ""ground_truth_anomaly"": false}",False
TXN-20260801-002576,20,,,2026-08-01 09:42:00,15000.00,FUND_ALLOCATION,NORMAL_WALLET,60,,Treatment,COMPLETED,,Allocated ৳15000.00 to Asif's Treatment Fund,420053.71,405053.71,26312.03,41312.03,,,"{""fund_name"": ""Asif's Treatment Fund"", ""ground_truth_anomaly"": false}",False
TXN-20260801-002530,7,,,2026-08-01 09:44:00,5000.00,FUND_ALLOCATION,NORMAL_WALLET,27,,Medicine,COMPLETED,,Allocated ৳5000.00 to Delwar's Medicine Fund,147234.55,142234.55,16061.11,21061.11,,,"{""fund_name"": ""Delwar's Medicine Fund"", ""ground_truth_anomaly"": false}",False
TXN-20260801-002517,5,5,,2026-08-01 09:45:00,73532.97,CASH_IN,NORMAL_WALLET,,,Deposit,COMPLETED,,Monthly Salary / Bank Add Money,80576.16,154109.13,,,,,"{""source"": ""Bank Deposit"", ""ground_truth_anomaly"": false}",False
TXN-20260801-002528,7,,,2026-08-01 09:47:00,15000.00,FUND_ALLOCATION,NORMAL_WALLET,25,,Grocery,COMPLETED,,Allocated ৳15000.00 to Delwar's Grocery Fund,166034.55,151034.55,47668.82,62668.82,,,"{""fund_name"": ""Delwar's Grocery Fund"", ""ground_truth_anomaly"": false}",False
TXN-20260801-002529,7,,,2026-08-01 09:52:00,3800.00,FUND_ALLOCATION,NORMAL_WALLET,26,,Electricity,COMPLETED,,Allocated ৳3800.00 to Delwar's Electricity Fund,151034.55,147234.55,2426.51,6226.51,,,"{""fund_name"": ""Delwar's Electricity Fund"", ""ground_truth_anomaly"": false}",False
TXN-20260801-002563,17,17,,2026-08-01 09:55:00,22228.17,CASH_IN,NORMAL_WALLET,,,Deposit,COMPLETED,,Monthly Salary / Bank Add Money,24925.81,47153.98,,,,,"{""source"": ""Bank Deposit"", ""ground_truth_anomaly"": false}",False
TXN-20260801-002518,5,,,2026-08-01 09:56:00,15000.00,FUND_ALLOCATION,NORMAL_WALLET,17,,Grocery,COMPLETED,,Allocated ৳15000.00 to Kamrul's Grocery Fund,154109.13,139109.13,42856.62,57856.62,,,"{""fund_name"": ""Kamrul's Grocery Fund"", ""ground_truth_anomaly"": false}",False
TXN-20260801-002566,18,18,,2026-08-01 10:05:00,24340.21,CASH_IN,NORMAL_WALLET,,,Deposit,COMPLETED,,Monthly Salary / Bank Add Money,33686.33,58026.54,,,,,"{""source"": ""Bank Deposit"", ""ground_truth_anomaly"": false}",False
TXN-20260801-002521,5,,,2026-08-01 10:07:00,10000.00,FUND_ALLOCATION,NORMAL_WALLET,20,,Education,COMPLETED,,Allocated ৳10000.00 to Kamrul's Education Fund,128909.13,118909.13,0.00,10000.00,,,"{""fund_name"": ""Kamrul's Education Fund"", ""ground_truth_anomaly"": false}",False
TXN-20260801-002519,5,,,2026-08-01 10:10:00,4200.00,FUND_ALLOCATION,NORMAL_WALLET,18,,Electricity,COMPLETED,,Allocated ৳4200.00 to Kamrul's Electricity Fund,139109.13,134909.13,1807.98,6007.98,,,"{""fund_name"": ""Kamrul's Electricity Fund"", ""ground_truth_anomaly"": false}",False
TXN-20260801-002520,5,,,2026-08-01 10:13:00,6000.00,FUND_ALLOCATION,NORMAL_WALLET,19,,Medicine,COMPLETED,,Allocated ৳6000.00 to Kamrul's Medicine Fund,134909.13,128909.13,16943.97,22943.97,,,"{""fund_name"": ""Kamrul's Medicine Fund"", ""ground_truth_anomaly"": false}",False
TXN-20260801-002564,17,,,2026-08-01 10:19:00,9000.00,FUND_ALLOCATION,NORMAL_WALLET,51,,Grocery,COMPLETED,,Allocated ৳9000.00 to Farzana's Grocery Fund,47153.98,38153.98,26486.71,35486.71,,,"{""fund_name"": ""Farzana's Grocery Fund"", ""ground_truth_anomaly"": false}",False
TXN-20260801-002512,4,4,,2026-08-01 10:20:00,109416.95,CASH_IN,NORMAL_WALLET,,,Deposit,COMPLETED,,Monthly Salary / Bank Add Money,128052.03,237468.98,,,,,"{""source"": ""Bank Deposit"", ""ground_truth_anomaly"": false}",False
TXN-20260801-002565,17,,,2026-08-01 10:21:00,4500.00,FUND_ALLOCATION,NORMAL_WALLET,52,,Medicine,COMPLETED,,Allocated ৳4500.00 to Farzana's Medicine Fund,38153.98,33653.98,10781.74,15281.74,,,"{""fund_name"": ""Farzana's Medicine Fund"", ""ground_truth_anomaly"": false}",False
TXN-20260801-002568,18,,,2026-08-01 10:23:00,5000.00,FUND_ALLOCATION,NORMAL_WALLET,54,,Shopping,COMPLETED,,Allocated ৳5000.00 to Rumana's Shopping Fund,48026.54,43026.54,0.00,5000.00,,,"{""fund_name"": ""Rumana's Shopping Fund"", ""ground_truth_anomaly"": false}",False
TXN-20260801-002514,4,,,2026-08-01 10:25:00,30000.00,FUND_ALLOCATION,NORMAL_WALLET,14,,Rent,COMPLETED,,Allocated ৳30000.00 to Mahbub's Rent Fund,215468.98,185468.98,51926.26,81926.26,,,"{""fund_name"": ""Mahbub's Rent Fund"", ""ground_truth_anomaly"": false}",False
TXN-20260801-002607,15,,27,2026-08-01 10:26:15,391.14,MERCHANT_PAYMENT,FAMILY_PASS,,10,Transport,COMPLETED,,FamilyPass spending by Zubair Ahmed at Pathao Transportation,164328.89,163937.75,,,3500.00,3108.86,"{""owner_id"": 23, ""member_id"": 15, ""merchant"": ""Pathao Transportation"", ""ground_truth_anomaly"": false}",False
TXN-20260801-002567,18,,,2026-08-01 10:27:00,10000.00,FUND_ALLOCATION,NORMAL_WALLET,53,,Grocery,COMPLETED,,Allocated ৳10000.00 to Rumana's Grocery Fund,58026.54,48026.54,27837.35,37837.35,,,"{""fund_name"": ""Rumana's Grocery Fund"", ""ground_truth_anomaly"": false}",False
TXN-20260801-002577,21,21,,2026-08-01 10:27:00,206250.66,CASH_IN,NORMAL_WALLET,,,Deposit,COMPLETED,,Monthly Salary / Bank Add Money,412351.84,618602.50,,,,,"{""source"": ""Bank Deposit"", ""ground_truth_anomaly"": false}",False
TXN-20260801-002591,24,24,,2026-08-01 10:27:00,54011.15,CASH_IN,NORMAL_WALLET,,,Deposit,COMPLETED,,Monthly Salary / Bank Add Money,121126.19,175137.34,,,,,"{""source"": ""Bank Deposit"", ""ground_truth_anomaly"": false}",False
TXN-20260801-002507,3,3,,2026-08-01 10:33:00,79655.13,CASH_IN,NORMAL_WALLET,,,Deposit,COMPLETED,,Monthly Salary / Bank Add Money,86570.53,166225.66,,,,,"{""source"": ""Bank Deposit"", ""ground_truth_anomaly"": false}",False
TXN-20260801-002515,4,,,2026-08-01 10:33:00,16000.00,FUND_ALLOCATION,NORMAL_WALLET,15,,Education,COMPLETED,,Allocated ৳16000.00 to Mahbub's Education Fund,185468.98,169468.98,20983.94,36983.94,,,"{""fund_name"": ""Mahbub's Education Fund"", ""ground_truth_anomaly"": false}",False
TXN-20260801-002545,11,11,,2026-08-01 10:33:00,10153.14,CASH_IN,NORMAL_WALLET,,,Deposit,COMPLETED,,Monthly Salary / Bank Add Money,9032.56,19185.70,,,,,"{""source"": ""Bank Deposit"", ""ground_truth_anomaly"": false}",False
TXN-20260801-002569,19,19,,2026-08-01 10:33:00,28242.44,CASH_IN,NORMAL_WALLET,,,Deposit,COMPLETED,,Monthly Salary / Bank Add Money,40490.13,68732.57,,,,,"{""source"": ""Bank Deposit"", ""ground_truth_anomaly"": false}",False
TXN-20260801-002578,21,,,2026-08-01 10:36:00,32000.00,FUND_ALLOCATION,NORMAL_WALLET,61,,Grocery,COMPLETED,,Allocated ৳32000.00 to Tanzeem's Grocery Fund,618602.50,586602.50,121753.95,153753.95,,,"{""fund_name"": ""Tanzeem's Grocery Fund"", ""ground_truth_anomaly"": false}",False
TXN-20260801-002516,4,,,2026-08-01 10:37:00,8000.00,FUND_ALLOCATION,NORMAL_WALLET,16,,Medicine,COMPLETED,,Allocated ৳8000.00 to Mahbub's Medicine Fund,169468.98,161468.98,26722.02,34722.02,,,"{""fund_name"": ""Mahbub's Medicine Fund"", ""ground_truth_anomaly"": false}",False
TXN-20260801-002587,23,23,,2026-08-01 10:39:00,63233.78,CASH_IN,NORMAL_WALLET,,,Deposit,COMPLETED,,Monthly Salary / Bank Add Money,133095.11,196328.89,,,,,"{""source"": ""Bank Deposit"", ""ground_truth_anomaly"": false}",False
TXN-20260801-002546,11,,,2026-08-01 10:41:00,4000.00,FUND_ALLOCATION,NORMAL_WALLET,39,,Education,COMPLETED,,Allocated ৳4000.00 to Tanvir's Education Fund,19185.70,15185.70,0.00,4000.00,,,"{""fund_name"": ""Tanvir's Education Fund"", ""ground_truth_anomaly"": false}",False
TXN-20260801-002594,24,,,2026-08-01 10:41:00,5000.00,FUND_ALLOCATION,NORMAL_WALLET,74,,Transport,COMPLETED,,Allocated ৳5000.00 to Emon's Transport Fund,154137.34,149137.34,15188.64,20188.64,,,"{""fund_name"": ""Emon's Transport Fund"", ""ground_truth_anomaly"": false}",False
TXN-20260801-002510,3,,,2026-08-01 10:42:00,4000.00,FUND_ALLOCATION,NORMAL_WALLET,11,,Electricity,COMPLETED,,Allocated ৳4000.00 to Farhan's Electricity Fund,136225.66,132225.66,3723.41,7723.41,,,"{""fund_name"": ""Farhan's Electricity Fund"", ""ground_truth_anomaly"": false}",False
TXN-20260801-002580,21,,,2026-08-01 10:42:00,18000.00,FUND_ALLOCATION,NORMAL_WALLET,63,,Restaurant/Food,COMPLETED,,Allocated ৳18000.00 to Tanzeem's Restaurant/Food Fund,541602.50,523602.50,59614.91,77614.91,,,"{""fund_name"": ""Tanzeem's Restaurant/Food Fund"", ""ground_truth_anomaly"": false}",False
TXN-20260801-002589,23,,,2026-08-01 10:45:00,14000.00,FUND_ALLOCATION,NORMAL_WALLET,70,,Shopping,COMPLETED,,Allocated ৳14000.00 to Shafiqul's Shopping Fund,184328.89,170328.89,19755.76,33755.76,,,"{""fund_name"": ""Shafiqul's Shopping Fund"", ""ground_truth_anomaly"": false}",False
TXN-20260801-002612,12,,26,2026-08-01 10:45:33,250.10,MERCHANT_PAYMENT,FAMILY_PASS,,5,Transport,COMPLETED,,FamilyPass spending by Rafid Kabir at Uber Bangladesh Mobility,127225.66,126975.56,,,4000.00,3749.90,"{""owner_id"": 3, ""member_id"": 12, ""merchant"": ""Uber Bangladesh Mobility"", ""ground_truth_anomaly"": false}",False
TXN-20260801-002571,19,,,2026-08-01 10:47:00,5000.00,FUND_ALLOCATION,NORMAL_WALLET,56,,Medicine,COMPLETED,,Allocated ৳5000.00 to Sadia's Medicine Fund,56732.57,51732.57,12505.88,17505.88,,,"{""fund_name"": ""Sadia's Medicine Fund"", ""ground_truth_anomaly"": false}",False
TXN-20260801-002593,24,,,2026-08-01 10:47:00,11000.00,FUND_ALLOCATION,NORMAL_WALLET,73,,Shopping,COMPLETED,,Allocated ৳11000.00 to Emon's Shopping Fund,165137.34,154137.34,19647.72,30647.72,,,"{""fund_name"": ""Emon's Shopping Fund"", ""ground_truth_anomaly"": false}",False
TXN-20260801-002581,21,,,2026-08-01 10:48:00,22000.00,FUND_ALLOCATION,NORMAL_WALLET,64,,Shopping,COMPLETED,,Allocated ৳22000.00 to Tanzeem's Shopping Fund,523602.50,501602.50,64895.93,86895.93,,,"{""fund_name"": ""Tanzeem's Shopping Fund"", ""ground_truth_anomaly"": false}",False
TXN-20260801-002513,4,,,2026-08-01 10:50:00,22000.00,FUND_ALLOCATION,NORMAL_WALLET,13,,Grocery,COMPLETED,,Allocated ৳22000.00 to Mahbub's Grocery Fund,237468.98,215468.98,81199.55,103199.55,,,"{""fund_name"": ""Mahbub's Grocery Fund"", ""ground_truth_anomaly"": false}",False
TXN-20260801-002570,19,,,2026-08-01 10:52:00,12000.00,FUND_ALLOCATION,NORMAL_WALLET,55,,Grocery,COMPLETED,,Allocated ৳12000.00 to Sadia's Grocery Fund,68732.57,56732.57,31615.99,43615.99,,,"{""fund_name"": ""Sadia's Grocery Fund"", ""ground_truth_anomaly"": false}",False
TXN-20260801-002509,3,,,2026-08-01 10:53:00,14000.00,FUND_ALLOCATION,NORMAL_WALLET,10,,Education,COMPLETED,,Allocated ৳14000.00 to Farhan's Education Fund,150225.66,136225.66,6833.08,20833.08,,,"{""fund_name"": ""Farhan's Education Fund"", ""ground_truth_anomaly"": false}",False
TXN-20260801-002511,3,,,2026-08-01 10:54:00,5000.00,FUND_ALLOCATION,NORMAL_WALLET,12,,Transport,COMPLETED,,Allocated ৳5000.00 to Farhan's Transport Fund,132225.66,127225.66,14843.30,19843.30,,,"{""fund_name"": ""Farhan's Transport Fund"", ""ground_truth_anomaly"": false}",False
TXN-20260801-002590,23,,,2026-08-01 10:56:00,6000.00,FUND_ALLOCATION,NORMAL_WALLET,71,,Transport,COMPLETED,,Allocated ৳6000.00 to Shafiqul's Transport Fund,170328.89,164328.89,18365.16,24365.16,,,"{""fund_name"": ""Shafiqul's Transport Fund"", ""ground_truth_anomaly"": false}",False
TXN-20260801-002579,21,,,2026-08-01 10:57:00,45000.00,FUND_ALLOCATION,NORMAL_WALLET,62,,Rent,COMPLETED,,Allocated ৳45000.00 to Tanzeem's Rent Fund,586602.50,541602.50,82291.60,127291.60,,,"{""fund_name"": ""Tanzeem's Rent Fund"", ""ground_truth_anomaly"": false}",False
TXN-20260801-002592,24,,,2026-08-01 10:57:00,10000.00,FUND_ALLOCATION,NORMAL_WALLET,72,,Restaurant/Food,COMPLETED,,Allocated ৳10000.00 to Emon's Restaurant/Food Fund,175137.34,165137.34,20457.38,30457.38,,,"{""fund_name"": ""Emon's Restaurant/Food Fund"", ""ground_truth_anomaly"": false}",False
TXN-20260801-002606,25,,,2026-08-01 10:57:01,50.00,MOBILE_RECHARGE,NORMAL_WALLET,,,Recharge,COMPLETED,,Mobile Recharge to 01710000025,167883.05,167833.05,,,,,"{""operator"": ""Grameenphone"", ""ground_truth_anomaly"": false}",False
TXN-20260801-002582,22,22,,2026-08-01 10:58:00,164720.08,CASH_IN,NORMAL_WALLET,,,Deposit,COMPLETED,,Monthly Salary / Bank Add Money,289737.52,454457.60,,,,,"{""source"": ""Bank Deposit"", ""ground_truth_anomaly"": false}",False
TXN-20260801-002508,3,,,2026-08-01 11:00:00,16000.00,FUND_ALLOCATION,NORMAL_WALLET,9,,Grocery,COMPLETED,,Allocated ৳16000.00 to Farhan's Grocery Fund,166225.66,150225.66,50764.05,66764.05,,,"{""fund_name"": ""Farhan's Grocery Fund"", ""ground_truth_anomaly"": false}",False
TXN-20260801-002547,11,,,2026-08-01 11:00:00,3000.00,FUND_ALLOCATION,NORMAL_WALLET,40,,Restaurant/Food,COMPLETED,,Allocated ৳3000.00 to Tanvir's Restaurant/Food Fund,15185.70,12185.70,59.66,3059.66,,,"{""fund_name"": ""Tanvir's Restaurant/Food Fund"", ""ground_truth_anomaly"": false}",False
TXN-20260801-002548,12,12,,2026-08-01 11:00:00,10812.88,CASH_IN,NORMAL_WALLET,,,Deposit,COMPLETED,,Monthly Salary / Bank Add Money,15779.85,26592.73,,,,,"{""source"": ""Bank Deposit"", ""ground_truth_anomaly"": false}",False
TXN-20260801-002585,22,,,2026-08-01 11:04:00,22000.00,FUND_ALLOCATION,NORMAL_WALLET,67,,Education,COMPLETED,,Allocated ৳22000.00 to Nafis's Education Fund,409457.60,387457.60,37601.75,59601.75,,,"{""fund_name"": ""Nafis's Education Fund"", ""ground_truth_anomaly"": false}",False
TXN-20260801-002588,23,,,2026-08-01 11:08:00,12000.00,FUND_ALLOCATION,NORMAL_WALLET,69,,Restaurant/Food,COMPLETED,,Allocated ৳12000.00 to Shafiqul's Restaurant/Food Fund,196328.89,184328.89,34541.80,46541.80,,,"{""fund_name"": ""Shafiqul's Restaurant/Food Fund"", ""ground_truth_anomaly"": false}",False
TXN-20260801-002584,22,,,2026-08-01 11:10:00,20000.00,FUND_ALLOCATION,NORMAL_WALLET,66,,Treatment,COMPLETED,,Allocated ৳20000.00 to Nafis's Treatment Fund,429457.60,409457.60,44732.43,64732.43,,,"{""fund_name"": ""Nafis's Treatment Fund"", ""ground_truth_anomaly"": false}",False
TXN-20260801-002586,22,,,2026-08-01 11:13:00,15000.00,FUND_ALLOCATION,NORMAL_WALLET,68,,Shopping,COMPLETED,,Allocated ৳15000.00 to Nafis's Shopping Fund,387457.60,372457.60,39301.09,54301.09,,,"{""fund_name"": ""Nafis's Shopping Fund"", ""ground_truth_anomaly"": false}",False
TXN-20260801-002583,22,,,2026-08-01 11:14:00,25000.00,FUND_ALLOCATION,NORMAL_WALLET,65,,Grocery,COMPLETED,,Allocated ৳25000.00 to Nafis's Grocery Fund,454457.60,429457.60,93468.03,118468.03,,,"{""fund_name"": ""Nafis's Grocery Fund"", ""ground_truth_anomaly"": false}",False
TXN-20260801-002532,8,8,,2026-08-01 11:18:00,105578.95,CASH_IN,NORMAL_WALLET,,,Deposit,COMPLETED,,Monthly Salary / Bank Add Money,158281.14,263860.09,,,,,"{""source"": ""Bank Deposit"", ""ground_truth_anomaly"": false}",False
TXN-20260801-002595,25,25,,2026-08-01 11:20:00,71590.79,CASH_IN,NORMAL_WALLET,,,Deposit,COMPLETED,,Monthly Salary / Bank Add Money,134292.26,205883.05,,,,,"{""source"": ""Bank Deposit"", ""ground_truth_anomaly"": false}",False
TXN-20260801-002549,12,,,2026-08-01 11:21:00,4500.00,FUND_ALLOCATION,NORMAL_WALLET,41,,Education,COMPLETED,,Allocated ৳4500.00 to Rafid's Education Fund,26592.73,22092.73,0.00,4500.00,,,"{""fund_name"": ""Rafid's Education Fund"", ""ground_truth_anomaly"": false}",False
TXN-20260801-002550,12,,,2026-08-01 11:24:00,2500.00,FUND_ALLOCATION,NORMAL_WALLET,42,,Transport,COMPLETED,,Allocated ৳2500.00 to Rafid's Transport Fund,22092.73,19592.73,2485.30,4985.30,,,"{""fund_name"": ""Rafid's Transport Fund"", ""ground_truth_anomaly"": false}",False
TXN-20260801-002597,25,,,2026-08-01 11:25:00,15000.00,FUND_ALLOCATION,NORMAL_WALLET,76,,Shopping,COMPLETED,,Allocated ৳15000.00 to Arif's Shopping Fund,192883.05,177883.05,34963.01,49963.01,,,"{""fund_name"": ""Arif's Shopping Fund"", ""ground_truth_anomaly"": false}",False
TXN-20260801-002542,10,10,,2026-08-01 11:35:00,12052.69,CASH_IN,NORMAL_WALLET,,,Deposit,COMPLETED,,Monthly Salary / Bank Add Money,9817.43,21870.12,,,,,"{""source"": ""Bank Deposit"", ""ground_truth_anomaly"": false}",False
TXN-20260801-002533,8,,,2026-08-01 11:36:00,20000.00,FUND_ALLOCATION,NORMAL_WALLET,29,,Grocery,COMPLETED,,Allocated ৳20000.00 to Saifur's Grocery Fund,263860.09,243860.09,69782.49,89782.49,,,"{""fund_name"": ""Saifur's Grocery Fund"", ""ground_truth_anomaly"": false}",False
TXN-20260801-002534,8,,,2026-08-01 11:38:00,18000.00,FUND_ALLOCATION,NORMAL_WALLET,30,,Education,COMPLETED,,Allocated ৳18000.00 to Saifur's Education Fund,243860.09,225860.09,8001.93,26001.93,,,"{""fund_name"": ""Saifur's Education Fund"", ""ground_truth_anomaly"": false}",False
TXN-20260801-002497,1,1,,2026-08-01 11:42:00,83053.85,CASH_IN,NORMAL_WALLET,,,Deposit,COMPLETED,,Monthly Salary / Bank Add Money,84848.17,167902.02,,,,,"{""source"": ""Bank Deposit"", ""ground_truth_anomaly"": false}",False
TXN-20260801-002536,8,,,2026-08-01 11:42:00,10000.00,FUND_ALLOCATION,NORMAL_WALLET,32,,Treatment,COMPLETED,,Allocated ৳10000.00 to Saifur's Treatment Fund,220360.09,210360.09,5977.38,15977.38,,,"{""fund_name"": ""Saifur's Treatment Fund"", ""ground_truth_anomaly"": false}",False
TXN-20260801-002543,10,,,2026-08-01 11:44:00,5000.00,FUND_ALLOCATION,NORMAL_WALLET,37,,Education,COMPLETED,,Allocated ৳5000.00 to Samiul's Education Fund,21870.12,16870.12,0.00,5000.00,,,"{""fund_name"": ""Samiul's Education Fund"", ""ground_truth_anomaly"": false}",False
TXN-20260801-002535,8,,,2026-08-01 11:45:00,5500.00,FUND_ALLOCATION,NORMAL_WALLET,31,,Electricity,COMPLETED,,Allocated ৳5500.00 to Saifur's Electricity Fund,225860.09,220360.09,1345.82,6845.82,,,"{""fund_name"": ""Saifur's Electricity Fund"", ""ground_truth_anomaly"": false}",False
TXN-20260801-002551,13,13,,2026-08-01 11:45:00,9028.73,CASH_IN,NORMAL_WALLET,,,Deposit,COMPLETED,,Monthly Salary / Bank Add Money,9509.25,18537.98,,,,,"{""source"": ""Bank Deposit"", ""ground_truth_anomaly"": false}",False
TXN-20260801-002596,25,,,2026-08-01 11:46:00,13000.00,FUND_ALLOCATION,NORMAL_WALLET,75,,Restaurant/Food,COMPLETED,,Allocated ৳13000.00 to Arif's Restaurant/Food Fund,205883.05,192883.05,34196.56,47196.56,,,"{""fund_name"": ""Arif's Restaurant/Food Fund"", ""ground_truth_anomaly"": false}",False
TXN-20260801-002500,1,,,2026-08-01 11:49:00,12000.00,FUND_ALLOCATION,NORMAL_WALLET,3,,Education,COMPLETED,,Allocated ৳12000.00 to Tariq's Education Fund,145402.02,133402.02,8961.14,20961.14,,,"{""fund_name"": ""Tariq's Education Fund"", ""ground_truth_anomaly"": false}",False
TXN-20260801-002498,1,,,2026-08-01 11:50:00,18000.00,FUND_ALLOCATION,NORMAL_WALLET,1,,Grocery,COMPLETED,,Allocated ৳18000.00 to Tariq's Grocery Fund,167902.02,149902.02,64490.41,82490.41,,,"{""fund_name"": ""Tariq's Grocery Fund"", ""ground_truth_anomaly"": false}",False
TXN-20260801-002598,25,,,2026-08-01 11:50:00,10000.00,FUND_ALLOCATION,NORMAL_WALLET,77,,Grocery,COMPLETED,,Allocated ৳10000.00 to Arif's Grocery Fund,177883.05,167883.05,21333.02,31333.02,,,"{""fund_name"": ""Arif's Grocery Fund"", ""ground_truth_anomaly"": false}",False
TXN-20260801-002544,10,,,2026-08-01 11:54:00,3000.00,FUND_ALLOCATION,NORMAL_WALLET,38,,Transport,COMPLETED,,Allocated ৳3000.00 to Samiul's Transport Fund,16870.12,13870.12,4360.43,7360.43,,,"{""fund_name"": ""Samiul's Transport Fund"", ""ground_truth_anomaly"": false}",False
TXN-20260801-002522,6,6,,2026-08-01 11:55:00,89908.86,CASH_IN,NORMAL_WALLET,,,Deposit,COMPLETED,,Monthly Salary / Bank Add Money,162036.34,251945.20,,,,,"{""source"": ""Bank Deposit"", ""ground_truth_anomaly"": false}",False
TXN-20260801-002499,1,,,2026-08-01 11:59:00,4500.00,FUND_ALLOCATION,NORMAL_WALLET,2,,Electricity,COMPLETED,,Allocated ৳4500.00 to Tariq's Electricity Fund,149902.02,145402.02,2290.32,6790.32,,,"{""fund_name"": ""Tariq's Electricity Fund"", ""ground_truth_anomaly"": false}",False
TXN-20260801-002560,16,16,,2026-08-01 11:59:00,20163.18,CASH_IN,NORMAL_WALLET,,,Deposit,COMPLETED,,Monthly Salary / Bank Add Money,16718.70,36881.88,,,,,"{""source"": ""Bank Deposit"", ""ground_truth_anomaly"": false}",False
TXN-20260801-002552,13,,,2026-08-01 12:00:00,4000.00,FUND_ALLOCATION,NORMAL_WALLET,43,,Education,COMPLETED,,Allocated ৳4000.00 to Nahian's Education Fund,18537.98,14537.98,0.00,4000.00,,,"{""fund_name"": ""Nahian's Education Fund"", ""ground_truth_anomaly"": false}",False
TXN-20260801-002553,13,,,2026-08-01 12:01:00,2000.00,FUND_ALLOCATION,NORMAL_WALLET,44,,Transport,COMPLETED,,Allocated ৳2000.00 to Nahian's Transport Fund,14537.98,12537.98,23.59,2023.59,,,"{""fund_name"": ""Nahian's Transport Fund"", ""ground_truth_anomaly"": false}",False
TXN-20260801-002599,8,,5,2026-08-01 12:01:31,853.79,MERCHANT_PAYMENT,PURPOSE_FUND,29,,Grocery,COMPLETED,,Payment to Chaldal Grocery Express via Saifur's Grocery Fund,210360.09,210360.09,89782.49,88928.70,,,"{""merchant"": ""Chaldal Grocery Express"", ""fund"": ""Saifur's Grocery Fund"", ""ground_truth_anomaly"": false}",True
TXN-20260801-002501,1,,,2026-08-01 12:03:00,6000.00,FUND_ALLOCATION,NORMAL_WALLET,4,,Medicine,COMPLETED,,Allocated ৳6000.00 to Tariq's Medicine Fund,133402.02,127402.02,17987.70,23987.70,,,"{""fund_name"": ""Tariq's Medicine Fund"", ""ground_truth_anomaly"": false}",False
TXN-20260801-002561,16,,,2026-08-01 12:10:00,8000.00,FUND_ALLOCATION,NORMAL_WALLET,49,,Grocery,COMPLETED,,Allocated ৳8000.00 to Nasrin's Grocery Fund,36881.88,28881.88,22801.18,30801.18,,,"{""fund_name"": ""Nasrin's Grocery Fund"", ""ground_truth_anomaly"": false}",False
TXN-20260801-002526,6,,,2026-08-01 12:14:00,6000.00,FUND_ALLOCATION,NORMAL_WALLET,24,,Shopping,COMPLETED,,Allocated ৳6000.00 to Zahid's Shopping Fund,205445.20,199445.20,5418.06,11418.06,,,"{""fund_name"": ""Zahid's Shopping Fund"", ""ground_truth_anomaly"": false}",False
TXN-20260801-002524,6,,,2026-08-01 12:15:00,24000.00,FUND_ALLOCATION,NORMAL_WALLET,22,,Rent,COMPLETED,,Allocated ৳24000.00 to Zahid's Rent Fund,233945.20,209945.20,30275.16,54275.16,,,"{""fund_name"": ""Zahid's Rent Fund"", ""ground_truth_anomaly"": false}",False
TXN-20260801-002523,6,,,2026-08-01 12:21:00,18000.00,FUND_ALLOCATION,NORMAL_WALLET,21,,Grocery,COMPLETED,,Allocated ৳18000.00 to Zahid's Grocery Fund,251945.20,233945.20,62641.73,80641.73,,,"{""fund_name"": ""Zahid's Grocery Fund"", ""ground_truth_anomaly"": false}",False
TXN-20260801-002562,16,,,2026-08-01 12:21:00,4000.00,FUND_ALLOCATION,NORMAL_WALLET,50,,Medicine,COMPLETED,,Allocated ৳4000.00 to Nasrin's Medicine Fund,28881.88,24881.88,12513.98,16513.98,,,"{""fund_name"": ""Nasrin's Medicine Fund"", ""ground_truth_anomaly"": false}",False
TXN-20260801-002525,6,,,2026-08-01 12:22:00,4500.00,FUND_ALLOCATION,NORMAL_WALLET,23,,Electricity,COMPLETED,,Allocated ৳4500.00 to Zahid's Electricity Fund,209945.20,205445.20,0.00,4500.00,,,"{""fund_name"": ""Zahid's Electricity Fund"", ""ground_truth_anomaly"": false}",False
TXN-20260801-002603,18,,30,2026-08-01 13:33:30,1415.87,MERCHANT_PAYMENT,PURPOSE_FUND,54,,Shopping,COMPLETED,,Payment to Aarong Lifestyle Retail via Rumana's Shopping Fund,43026.54,43026.54,5000.00,3584.13,,,"{""merchant"": ""Aarong Lifestyle Retail"", ""fund"": ""Rumana's Shopping Fund"", ""ground_truth_anomaly"": false}",True
TXN-20260801-002614,16,,4,2026-08-01 14:19:42,646.60,MERCHANT_PAYMENT,FAMILY_PASS,,2,Grocery,COMPLETED,,FamilyPass spending by Nasrin Rahman at Meena Bazar,127402.02,126755.42,,,9000.00,8353.40,"{""owner_id"": 1, ""member_id"": 16, ""merchant"": ""Meena Bazar"", ""ground_truth_anomaly"": false}",True
TXN-20260801-002611,10,,,2026-08-01 15:24:46,500.00,CASH_OUT,NORMAL_WALLET,,,Cash Out,COMPLETED,,Agent Cash Out Withdrawal,13870.12,13370.12,,,,,"{""agent_code"": ""AGT-7712"", ""ground_truth_anomaly"": false}",False
TXN-20260801-002601,11,15,,2026-08-01 15:32:01,1500.00,SEND_MONEY,NORMAL_WALLET,,,Transfer,COMPLETED,,Sent money to Zubair Ahmed,12185.70,10685.70,,,,,"{""recipient_phone"": ""01710000015"", ""ground_truth_anomaly"": false}",False
TXN-20260801-002602,11,,15,2026-08-01 15:44:12,3457.70,MERCHANT_PAYMENT,PURPOSE_FUND,39,,Education,COMPLETED,,Payment to Sunnydale Academy via Tanvir's Education Fund,10685.70,10685.70,4000.00,542.30,,,"{""merchant"": ""Sunnydale Academy"", ""fund"": ""Tanvir's Education Fund"", ""ground_truth_anomaly"": false}",False
TXN-20260801-002613,14,,21,2026-08-01 16:27:18,235.37,MERCHANT_PAYMENT,FAMILY_PASS,,8,Restaurant/Food,COMPLETED,,FamilyPass spending by Sakib Chowdhury at Sultan's Dine Kacchi,405053.71,404818.34,,,6000.00,5764.63,"{""owner_id"": 20, ""member_id"": 14, ""merchant"": ""Sultan's Dine Kacchi"", ""ground_truth_anomaly"": false}",False
TXN-20260801-002600,13,,14,2026-08-01 17:42:26,1252.33,MERCHANT_PAYMENT,FAMILY_PASS,,7,Education,COMPLETED,,FamilyPass spending by Nahian Hasan at Scholastica School,118909.13,117656.80,,,3000.00,1747.67,"{""owner_id"": 5, ""member_id"": 13, ""merchant"": ""Scholastica School"", ""ground_truth_anomaly"": false}",False
TXN-20260801-002608,15,,30,2026-08-01 18:57:35,625.64,MERCHANT_PAYMENT,NORMAL_WALLET,,,Shopping,COMPLETED,,Payment to Aarong Lifestyle Retail from Normal Wallet,17829.70,17204.06,,,,,"{""merchant"": ""Aarong Lifestyle Retail"", ""ground_truth_anomaly"": false}",False
TXN-20260801-002609,4,,29,2026-08-01 19:12:03,630.28,MERCHANT_PAYMENT,PURPOSE_FUND,14,,Rent,COMPLETED,,Payment to Rangs Living Rent via Mahbub's Rent Fund,161468.98,161468.98,81926.26,81295.98,,,"{""merchant"": ""Rangs Living Rent"", ""fund"": ""Mahbub's Rent Fund"", ""ground_truth_anomaly"": false}",False
TXN-20260801-002610,22,,25,2026-08-01 20:20:59,413.56,MERCHANT_PAYMENT,NORMAL_WALLET,,,Transport,COMPLETED,,Payment to Shohoz Interdistrict Ride from Normal Wallet,372457.60,372044.04,,,,,"{""merchant"": ""Shohoz Interdistrict Ride"", ""ground_truth_anomaly"": false}",False
TXN-20260801-002605,25,,3,2026-08-01 21:11:05,832.92,MERCHANT_PAYMENT,PURPOSE_FUND,77,,Grocery,COMPLETED,,Payment to Unimart Hypermarket via Arif's Grocery Fund,167883.05,167883.05,31333.02,30500.10,,,"{""merchant"": ""Unimart Hypermarket"", ""fund"": ""Arif's Grocery Fund"", ""ground_truth_anomaly"": false}",False
TXN-ANOM-20260801-003182,4,,21,2026-08-01 21:25:00,3571.00,MERCHANT_PAYMENT,NORMAL_WALLET,,,Restaurant/Food,COMPLETED,,Large banquet charge at Sultan's Dine Kacchi,201423.00,197852.00,,,,,"{""ground_truth_anomaly"": true, ""anomaly_type"": ""SPENDING_BURST""}",True
TXN-20260802-002628,8,,12,2026-08-02 08:19:33,2113.98,MERCHANT_PAYMENT,PURPOSE_FUND,32,,Treatment,COMPLETED,,Payment to Evercare Hospital Lab via Saifur's Treatment Fund,210360.09,210360.09,15977.38,13863.40,,,"{""merchant"": ""Evercare Hospital Lab"", ""fund"": ""Saifur's Treatment Fund"", ""ground_truth_anomaly"": false}",False
TXN-20260802-002626,2,,,2026-08-02 09:09:59,1000.00,CASH_OUT,NORMAL_WALLET,,,Cash Out,COMPLETED,,Agent Cash Out Withdrawal,185790.90,184790.90,,,,,"{""agent_code"": ""AGT-7712"", ""ground_truth_anomaly"": false}",False
TXN-20260802-002617,17,,1,2026-08-02 09:27:50,703.24,MERCHANT_PAYMENT,FAMILY_PASS,,4,Grocery,COMPLETED,,FamilyPass spending by Farzana Haque at Agora Super Shop,187363.55,186660.31,,,10000.00,9296.76,"{""owner_id"": 2, ""member_id"": 17, ""merchant"": ""Agora Super Shop"", ""ground_truth_anomaly"": false}",False
TXN-20260802-002625,2,,27,2026-08-02 10:00:37,457.65,MERCHANT_PAYMENT,NORMAL_WALLET,,,Transport,COMPLETED,,Payment to Pathao Transportation from Normal Wallet,186248.55,185790.90,,,,,"{""merchant"": ""Pathao Transportation"", ""ground_truth_anomaly"": false}",False
TXN-20260802-002616,6,,30,2026-08-02 11:09:14,1492.76,MERCHANT_PAYMENT,PURPOSE_FUND,24,,Shopping,COMPLETED,,Payment to Aarong Lifestyle Retail via Zahid's Shopping Fund,198945.20,198945.20,11418.06,9925.30,,,"{""merchant"": ""Aarong Lifestyle Retail"", ""fund"": ""Zahid's Shopping Fund"", ""ground_truth_anomaly"": false}",False
TXN-20260802-002623,20,,30,2026-08-02 11:18:25,1925.73,MERCHANT_PAYMENT,PURPOSE_FUND,59,,Shopping,COMPLETED,,Payment to Aarong Lifestyle Retail via Asif's Shopping Fund,404318.34,404318.34,80562.42,78636.69,,,"{""merchant"": ""Aarong Lifestyle Retail"", ""fund"": ""Asif's Shopping Fund"", ""ground_truth_anomaly"": false}",True
TXN-20260802-002629,14,,23,2026-08-02 12:19:07,558.70,MERCHANT_PAYMENT,FAMILY_PASS,,8,Restaurant/Food,COMPLETED,,FamilyPass spending by Sakib Chowdhury at Kacchi Bhai Biryani,404318.34,403759.64,,,5764.63,5205.93,"{""owner_id"": 20, ""member_id"": 14, ""merchant"": ""Kacchi Bhai Biryani"", ""ground_truth_anomaly"": false}",False
TXN-20260802-002619,24,,30,2026-08-02 15:44:23,1265.97,MERCHANT_PAYMENT,PURPOSE_FUND,73,,Shopping,COMPLETED,,Payment to Aarong Lifestyle Retail via Emon's Shopping Fund,149137.34,149137.34,30647.72,29381.75,,,"{""merchant"": ""Aarong Lifestyle Retail"", ""fund"": ""Emon's Shopping Fund"", ""ground_truth_anomaly"": false}",False
TXN-20260802-002631,13,,22,2026-08-02 16:56:29,491.61,MERCHANT_PAYMENT,NORMAL_WALLET,,,Restaurant/Food,COMPLETED,,Payment to Star Kabab & Restaurant from Normal Wallet,12537.98,12046.37,,,,,"{""merchant"": ""Star Kabab & Restaurant"", ""ground_truth_anomaly"": false}",False
TXN-ANOM-20260802-003144,6,,13,2026-08-02 17:17:00,12803.00,MERCHANT_PAYMENT,NORMAL_WALLET,,,Treatment,COMPLETED,,Emergency diagnostic package at Popular Diagnostic Centre,259182.37,246379.37,,,,,"{""ground_truth_anomaly"": true, ""anomaly_type"": ""UNUSUAL_CATEGORY""}",True
TXN-20260802-002618,22,,11,2026-08-02 18:42:21,2411.85,MERCHANT_PAYMENT,PURPOSE_FUND,66,,Treatment,COMPLETED,,Payment to Square Hospital Diagnostic via Nafis's Treatment Fund,372044.04,372044.04,64732.43,62320.58,,,"{""merchant"": ""Square Hospital Diagnostic"", ""fund"": ""Nafis's Treatment Fund"", ""ground_truth_anomaly"": false}",False
TXN-20260802-002627,4,,,2026-08-02 18:46:21,300.00,MOBILE_RECHARGE,NORMAL_WALLET,,,Recharge,COMPLETED,,Mobile Recharge to 01710000004,161468.98,161168.98,,,,,"{""operator"": ""Grameenphone"", ""ground_truth_anomaly"": false}",False
TXN-20260802-002630,14,,24,2026-08-02 19:16:13,478.96,MERCHANT_PAYMENT,FAMILY_PASS,,8,Restaurant/Food,COMPLETED,,FamilyPass spending by Sakib Chowdhury at Takeout Gourmet Burgers,403759.64,403280.68,,,5205.93,4726.97,"{""owner_id"": 20, ""member_id"": 14, ""merchant"": ""Takeout Gourmet Burgers"", ""ground_truth_anomaly"": false}",True
TXN-20260802-002615,6,,,2026-08-02 19:51:11,500.00,MOBILE_RECHARGE,NORMAL_WALLET,,,Recharge,COMPLETED,,Mobile Recharge to 01710000006,199445.20,198945.20,,,,,"{""operator"": ""Grameenphone"", ""ground_truth_anomaly"": false}",False
TXN-20260802-002621,11,,24,2026-08-02 19:56:08,411.76,MERCHANT_PAYMENT,FAMILY_PASS,,3,Restaurant/Food,COMPLETED,,FamilyPass spending by Tanvir Haque at Takeout Gourmet Burgers,186660.31,186248.55,,,3500.00,3088.24,"{""owner_id"": 2, ""member_id"": 11, ""merchant"": ""Takeout Gourmet Burgers"", ""ground_truth_anomaly"": false}",True
TXN-20260802-002620,24,,21,2026-08-02 19:58:10,246.97,MERCHANT_PAYMENT,PURPOSE_FUND,72,,Restaurant/Food,COMPLETED,,Payment to Sultan's Dine Kacchi via Emon's Restaurant/Food Fund,149137.34,149137.34,30457.38,30210.41,,,"{""merchant"": ""Sultan's Dine Kacchi"", ""fund"": ""Emon's Restaurant/Food Fund"", ""ground_truth_anomaly"": false}",False
TXN-20260802-002622,20,,,2026-08-02 21:11:01,500.00,MOBILE_RECHARGE,NORMAL_WALLET,,,Recharge,COMPLETED,,Mobile Recharge to 01710000020,404818.34,404318.34,,,,,"{""operator"": ""Grameenphone"", ""ground_truth_anomaly"": false}",False
TXN-20260802-002624,10,,26,2026-08-02 21:40:01,745.02,MERCHANT_PAYMENT,NORMAL_WALLET,,,Transport,COMPLETED,,Payment to Uber Bangladesh Mobility from Normal Wallet,13370.12,12625.10,,,,,"{""merchant"": ""Uber Bangladesh Mobility"", ""ground_truth_anomaly"": false}",False
TXN-ANOM-20260803-003229,24,,27,2026-08-03 04:42:00,2974.00,MERCHANT_PAYMENT,NORMAL_WALLET,,,Transport,COMPLETED,,Late night inter-district transport fare via Pathao Transportation,201091.75,198117.75,,,,,"{""ground_truth_anomaly"": true, ""anomaly_type"": ""UNUSUAL_TIME""}",False
TXN-20260803-002648,12,,25,2026-08-03 08:30:11,161.72,MERCHANT_PAYMENT,FAMILY_PASS,,5,Transport,COMPLETED,,FamilyPass spending by Rafid Kabir at Shohoz Interdistrict Ride,126975.56,126813.84,,,3749.90,3588.18,"{""owner_id"": 3, ""member_id"": 12, ""merchant"": ""Shohoz Interdistrict Ride"", ""ground_truth_anomaly"": false}",False
TXN-20260803-002638,6,,28,2026-08-03 10:49:42,479.49,MERCHANT_PAYMENT,PURPOSE_FUND,22,,Rent,COMPLETED,,Payment to Eastern Housing Rental via Zahid's Rent Fund,198945.20,198945.20,54275.16,53795.67,,,"{""merchant"": ""Eastern Housing Rental"", ""fund"": ""Zahid's Rent Fund"", ""ground_truth_anomaly"": false}",False
TXN-20260803-002642,19,,6,2026-08-03 11:33:45,775.21,MERCHANT_PAYMENT,FAMILY_PASS,,9,Grocery,COMPLETED,,FamilyPass spending by Sadia Chowdhury at Karwan Bazar Wholesale,403280.68,402505.47,,,15000.00,14224.79,"{""owner_id"": 20, ""member_id"": 19, ""merchant"": ""Karwan Bazar Wholesale"", ""ground_truth_anomaly"": false}",True
TXN-20260803-002645,17,,3,2026-08-03 12:50:26,903.19,MERCHANT_PAYMENT,PURPOSE_FUND,51,,Grocery,COMPLETED,,Payment to Unimart Hypermarket via Farzana's Grocery Fund,33199.11,33199.11,35486.71,34583.52,,,"{""merchant"": ""Unimart Hypermarket"", ""fund"": ""Farzana's Grocery Fund"", ""ground_truth_anomaly"": false}",True
TXN-20260803-002639,6,,19,2026-08-03 13:21:54,814.98,MERCHANT_PAYMENT,PURPOSE_FUND,23,,Electricity,COMPLETED,,Payment to DPDC Electricity Payment via Zahid's Electricity Fund,198945.20,198945.20,4500.00,3685.02,,,"{""merchant"": ""DPDC Electricity Payment"", ""fund"": ""Zahid's Electricity Fund"", ""ground_truth_anomaly"": false}",False
TXN-REJ-20260803-003285,19,,30,2026-08-03 13:31:00,1251.00,MERCHANT_PAYMENT,FAMILY_PASS,,9,Shopping,REJECTED,Category Restriction Mismatch: Merchant 'Aarong Lifestyle Retail' category 'Shopping' is not allowed for this FamilyPass.,Attempted FamilyPass spending at Aarong Lifestyle Retail,481695.88,481695.88,,,15000.00,15000.00,"{""ground_truth_anomaly"": false, ""policy_violation"": ""FAMILYPASS_CATEGORY_MISMATCH""}",False
TXN-20260803-002635,18,,24,2026-08-03 13:58:30,280.88,MERCHANT_PAYMENT,NORMAL_WALLET,,,Restaurant/Food,COMPLETED,,Payment to Takeout Gourmet Burgers from Normal Wallet,43026.54,42745.66,,,,,"{""merchant"": ""Takeout Gourmet Burgers"", ""ground_truth_anomaly"": false}",False
TXN-20260803-002651,10,,16,2026-08-03 15:23:37,5000.00,MERCHANT_PAYMENT,PURPOSE_FUND,37,,Education,COMPLETED,,Payment to Daffodil University Tuition via Samiul's Education Fund,12625.10,12625.10,5000.00,0.00,,,"{""merchant"": ""Daffodil University Tuition"", ""fund"": ""Samiul's Education Fund"", ""ground_truth_anomaly"": false}",False
TXN-20260803-002632,2,,,2026-08-03 17:21:18,300.00,MOBILE_RECHARGE,NORMAL_WALLET,,,Recharge,COMPLETED,,Mobile Recharge to 01710000002,184790.90,184490.90,,,,,"{""operator"": ""Grameenphone"", ""ground_truth_anomaly"": false}",False
TXN-20260803-002634,18,,1,2026-08-03 17:26:27,958.77,MERCHANT_PAYMENT,PURPOSE_FUND,53,,Grocery,COMPLETED,,Payment to Agora Super Shop via Rumana's Grocery Fund,43026.54,43026.54,37837.35,36878.58,,,"{""merchant"": ""Agora Super Shop"", ""fund"": ""Rumana's Grocery Fund"", ""ground_truth_anomaly"": false}",True
TXN-20260803-002647,12,,,2026-08-03 17:28:11,100.00,MOBILE_RECHARGE,NORMAL_WALLET,,,Recharge,COMPLETED,,Mobile Recharge to 01710000012,19592.73,19492.73,,,,,"{""operator"": ""Grameenphone"", ""ground_truth_anomaly"": false}",False
TXN-20260803-002649,8,,,2026-08-03 18:01:41,50.00,MOBILE_RECHARGE,NORMAL_WALLET,,,Recharge,COMPLETED,,Mobile Recharge to 01710000008,210360.09,210310.09,,,,,"{""operator"": ""Grameenphone"", ""ground_truth_anomaly"": false}",False
TXN-20260803-002640,20,,29,2026-08-03 18:49:35,571.84,MERCHANT_PAYMENT,PURPOSE_FUND,58,,Rent,COMPLETED,,Payment to Rangs Living Rent via Asif's Rent Fund,403280.68,403280.68,115853.17,115281.33,,,"{""merchant"": ""Rangs Living Rent"", ""fund"": ""Asif's Rent Fund"", ""ground_truth_anomaly"": false}",False
TXN-20260803-002633,2,,27,2026-08-03 19:17:54,408.14,MERCHANT_PAYMENT,NORMAL_WALLET,,,Transport,COMPLETED,,Payment to Pathao Transportation from Normal Wallet,184490.90,184082.76,,,,,"{""merchant"": ""Pathao Transportation"", ""ground_truth_anomaly"": false}",False
TXN-20260803-002636,25,,,2026-08-03 19:23:18,2000.00,CASH_OUT,NORMAL_WALLET,,,Cash Out,COMPLETED,,Agent Cash Out Withdrawal,167833.05,165833.05,,,,,"{""agent_code"": ""AGT-7712"", ""ground_truth_anomaly"": false}",False
TXN-20260803-002650,10,,25,2026-08-03 19:44:38,330.95,MERCHANT_PAYMENT,PURPOSE_FUND,38,,Transport,COMPLETED,,Payment to Shohoz Interdistrict Ride via Samiul's Transport Fund,12625.10,12625.10,7360.43,7029.48,,,"{""merchant"": ""Shohoz Interdistrict Ride"", ""fund"": ""Samiul's Transport Fund"", ""ground_truth_anomaly"": false}",False
TXN-20260803-002637,25,,,2026-08-03 19:48:29,200.00,MOBILE_RECHARGE,NORMAL_WALLET,,,Recharge,COMPLETED,,Mobile Recharge to 01710000025,165833.05,165633.05,,,,,"{""operator"": ""Grameenphone"", ""ground_truth_anomaly"": false}",False
TXN-20260803-002643,15,,16,2026-08-03 19:59:36,2411.33,MERCHANT_PAYMENT,PURPOSE_FUND,47,,Education,COMPLETED,,Payment to Daffodil University Tuition via Zubair's Education Fund,17204.06,17204.06,4500.00,2088.67,,,"{""merchant"": ""Daffodil University Tuition"", ""fund"": ""Zubair's Education Fund"", ""ground_truth_anomaly"": false}",False
TXN-20260803-002644,17,,4,2026-08-03 20:14:06,465.53,MERCHANT_PAYMENT,FAMILY_PASS,,4,Grocery,COMPLETED,,FamilyPass spending by Farzana Haque at Meena Bazar,184082.76,183617.23,,,9296.76,8831.23,"{""owner_id"": 2, ""member_id"": 17, ""merchant"": ""Meena Bazar"", ""ground_truth_anomaly"": false}",False
TXN-20260803-002646,23,,,2026-08-03 21:08:57,50.00,MOBILE_RECHARGE,NORMAL_WALLET,,,Recharge,COMPLETED,,Mobile Recharge to 01710000023,163937.75,163887.75,,,,,"{""operator"": ""Grameenphone"", ""ground_truth_anomaly"": false}",False
TXN-20260803-002641,4,,17,2026-08-03 22:24:57,5389.03,MERCHANT_PAYMENT,PURPOSE_FUND,15,,Education,COMPLETED,,Payment to Mastermind School via Mahbub's Education Fund,161168.98,161168.98,36983.94,31594.91,,,"{""merchant"": ""Mastermind School"", ""fund"": ""Mahbub's Education Fund"", ""ground_truth_anomaly"": false}",False
TXN-20260804-002654,25,,30,2026-08-04 10:26:38,1884.97,MERCHANT_PAYMENT,PURPOSE_FUND,76,,Shopping,COMPLETED,,Payment to Aarong Lifestyle Retail via Arif's Shopping Fund,165633.05,165633.05,49963.01,48078.04,,,"{""merchant"": ""Aarong Lifestyle Retail"", ""fund"": ""Arif's Shopping Fund"", ""ground_truth_anomaly"": false}",True
TXN-20260804-002659,12,,25,2026-08-04 11:17:57,219.05,MERCHANT_PAYMENT,FAMILY_PASS,,5,Transport,COMPLETED,,FamilyPass spending by Rafid Kabir at Shohoz Interdistrict Ride,126813.84,126594.79,,,3588.18,3369.13,"{""owner_id"": 3, ""member_id"": 12, ""merchant"": ""Shohoz Interdistrict Ride"", ""ground_truth_anomaly"": false}",False
TXN-20260804-002661,8,,14,2026-08-04 11:32:19,5711.39,MERCHANT_PAYMENT,PURPOSE_FUND,30,,Education,COMPLETED,,Payment to Scholastica School via Saifur's Education Fund,210310.09,210310.09,26001.93,20290.54,,,"{""merchant"": ""Scholastica School"", ""fund"": ""Saifur's Education Fund"", ""ground_truth_anomaly"": false}",False
TXN-20260804-002653,25,,1,2026-08-04 13:12:15,1033.37,MERCHANT_PAYMENT,PURPOSE_FUND,77,,Grocery,COMPLETED,,Payment to Agora Super Shop via Arif's Grocery Fund,165633.05,165633.05,30500.10,29466.73,,,"{""merchant"": ""Agora Super Shop"", ""fund"": ""Arif's Grocery Fund"", ""ground_truth_anomaly"": false}",False
TXN-20260804-002657,17,,4,2026-08-04 14:16:25,845.12,MERCHANT_PAYMENT,FAMILY_PASS,,4,Grocery,COMPLETED,,FamilyPass spending by Farzana Haque at Meena Bazar,183617.23,182772.11,,,8831.23,7986.11,"{""owner_id"": 2, ""member_id"": 17, ""merchant"": ""Meena Bazar"", ""ground_truth_anomaly"": false}",False
TXN-20260804-002658,16,,9,2026-08-04 14:56:23,528.08,MERCHANT_PAYMENT,PURPOSE_FUND,50,,Medicine,COMPLETED,,Payment to Green Life Model Pharmacy via Nasrin's Medicine Fund,24881.88,24881.88,16513.98,15985.90,,,"{""merchant"": ""Green Life Model Pharmacy"", ""fund"": ""Nasrin's Medicine Fund"", ""ground_truth_anomaly"": false}",False
TXN-20260804-002655,18,,10,2026-08-04 17:58:46,596.95,MERCHANT_PAYMENT,FAMILY_PASS,,6,Medicine,COMPLETED,,FamilyPass spending by Rumana Alam at Square Hospital Pharmacy,161168.98,160572.03,,,12000.00,11403.05,"{""owner_id"": 4, ""member_id"": 18, ""merchant"": ""Square Hospital Pharmacy"", ""ground_truth_anomaly"": false}",False
TXN-20260804-002656,24,,21,2026-08-04 18:44:26,100.00,MERCHANT_PAYMENT,PURPOSE_FUND,72,,Restaurant/Food,COMPLETED,,Payment to Sultan's Dine Kacchi via Emon's Restaurant/Food Fund,149137.34,149137.34,30210.41,30110.41,,,"{""merchant"": ""Sultan's Dine Kacchi"", ""fund"": ""Emon's Restaurant/Food Fund"", ""ground_truth_anomaly"": false}",False
TXN-20260804-002660,8,,5,2026-08-04 19:09:19,972.43,MERCHANT_PAYMENT,PURPOSE_FUND,29,,Grocery,COMPLETED,,Payment to Chaldal Grocery Express via Saifur's Grocery Fund,210310.09,210310.09,88928.70,87956.27,,,"{""merchant"": ""Chaldal Grocery Express"", ""fund"": ""Saifur's Grocery Fund"", ""ground_truth_anomaly"": false}",True
TXN-ANOM-20260804-003109,19,,23,2026-08-04 21:17:00,2370.00,MERCHANT_PAYMENT,NORMAL_WALLET,,,Restaurant/Food,COMPLETED,,Large banquet charge at Kacchi Bhai Biryani,67166.04,64796.04,,,,,"{""ground_truth_anomaly"": true, ""anomaly_type"": ""SPENDING_BURST""}",True
TXN-20260804-002652,23,,,2026-08-04 21:45:35,200.00,MOBILE_RECHARGE,NORMAL_WALLET,,,Recharge,COMPLETED,,Mobile Recharge to 01710000023,163887.75,163687.75,,,,,"{""operator"": ""Grameenphone"", ""ground_truth_anomaly"": false}",False
TXN-20260805-002672,21,,29,2026-08-05 11:03:00,21802.00,MERCHANT_PAYMENT,PURPOSE_FUND,62,,Rent,COMPLETED,,Monthly Apartment Rent to Rangs Living Rent,501602.50,501602.50,127291.60,105489.60,,,"{""merchant"": ""Rangs Living Rent"", ""ground_truth_anomaly"": false}",False
TXN-20260805-002673,22,,,2026-08-05 11:05:00,28623.00,BILL_PAYMENT,NORMAL_WALLET,,,Rent,COMPLETED,,Monthly Housing Rental Bill Payment,372044.04,343421.04,,,,,"{""provider"": ""Eastern Housing Rental"", ""bill_type"": ""Housing"", ""account_number"": ""EHR-88219"", ""ground_truth_anomaly"": false}",False
TXN-20260805-002670,9,,29,2026-08-05 11:20:00,21524.00,MERCHANT_PAYMENT,PURPOSE_FUND,34,,Rent,COMPLETED,,Monthly Apartment Rent to Rangs Living Rent,213058.22,213058.22,40276.36,18752.36,,,"{""merchant"": ""Rangs Living Rent"", ""ground_truth_anomaly"": false}",False
TXN-20260805-002679,11,,21,2026-08-05 11:29:01,472.08,MERCHANT_PAYMENT,FAMILY_PASS,,3,Restaurant/Food,COMPLETED,,FamilyPass spending by Tanvir Haque at Sultan's Dine Kacchi,182772.11,182300.03,,,3088.24,2616.16,"{""owner_id"": 2, ""member_id"": 11, ""merchant"": ""Sultan's Dine Kacchi"", ""ground_truth_anomaly"": false}",True
TXN-20260805-002664,3,,,2026-08-05 11:36:00,22799.00,BILL_PAYMENT,NORMAL_WALLET,,,Rent,COMPLETED,,Monthly Housing Rental Bill Payment,126594.79,103795.79,,,,,"{""provider"": ""Eastern Housing Rental"", ""bill_type"": ""Housing"", ""account_number"": ""EHR-88219"", ""ground_truth_anomaly"": false}",False
TXN-20260805-002662,1,,,2026-08-05 12:06:00,18226.00,BILL_PAYMENT,NORMAL_WALLET,,,Rent,COMPLETED,,Monthly Housing Rental Bill Payment,126755.42,108529.42,,,,,"{""provider"": ""Eastern Housing Rental"", ""bill_type"": ""Housing"", ""account_number"": ""EHR-88219"", ""ground_truth_anomaly"": false}",False
TXN-20260805-002666,5,,,2026-08-05 12:30:00,24807.00,BILL_PAYMENT,NORMAL_WALLET,,,Rent,COMPLETED,,Monthly Housing Rental Bill Payment,117656.80,92849.80,,,,,"{""provider"": ""Eastern Housing Rental"", ""bill_type"": ""Housing"", ""account_number"": ""EHR-88219"", ""ground_truth_anomaly"": false}",False
TXN-20260805-002671,20,,29,2026-08-05 13:12:00,22805.00,MERCHANT_PAYMENT,PURPOSE_FUND,58,,Rent,COMPLETED,,Monthly Apartment Rent to Rangs Living Rent,402505.47,402505.47,115281.33,92476.33,,,"{""merchant"": ""Rangs Living Rent"", ""ground_truth_anomaly"": false}",False
TXN-REJ-20260805-003275,17,,2,2026-08-05 13:24:00,11530.00,MERCHANT_PAYMENT,FAMILY_PASS,,4,Grocery,REJECTED,"FamilyPass spending limit exceeded. Remaining allowance: ৳10,000.00, requested: ৳11,530.00",Attempted FamilyPass spending exceeding allowance,206213.36,206213.36,,,10000.00,10000.00,"{""ground_truth_anomaly"": false, ""policy_violation"": ""FAMILYPASS_LIMIT_EXCEEDED""}",False
TXN-20260805-002667,6,,29,2026-08-05 13:28:00,21318.00,MERCHANT_PAYMENT,PURPOSE_FUND,22,,Rent,COMPLETED,,Monthly Apartment Rent to Rangs Living Rent,198945.20,198945.20,53795.67,32477.67,,,"{""merchant"": ""Rangs Living Rent"", ""ground_truth_anomaly"": false}",False
TXN-20260805-002677,23,,30,2026-08-05 13:45:13,601.72,MERCHANT_PAYMENT,NORMAL_WALLET,,,Shopping,COMPLETED,,Payment to Aarong Lifestyle Retail from Normal Wallet,163687.75,163086.03,,,,,"{""merchant"": ""Aarong Lifestyle Retail"", ""ground_truth_anomaly"": false}",False
TXN-20260805-002665,4,,29,2026-08-05 13:54:00,20794.00,MERCHANT_PAYMENT,PURPOSE_FUND,14,,Rent,COMPLETED,,Monthly Apartment Rent to Rangs Living Rent,160572.03,160572.03,81295.98,60501.98,,,"{""merchant"": ""Rangs Living Rent"", ""ground_truth_anomaly"": false}",False
TXN-20260805-002680,14,,30,2026-08-05 14:35:36,861.85,MERCHANT_PAYMENT,NORMAL_WALLET,,,Shopping,COMPLETED,,Payment to Aarong Lifestyle Retail from Normal Wallet,27906.16,27044.31,,,,,"{""merchant"": ""Aarong Lifestyle Retail"", ""ground_truth_anomaly"": false}",False
TXN-20260805-002668,7,,,2026-08-05 15:11:00,18771.00,BILL_PAYMENT,NORMAL_WALLET,,,Rent,COMPLETED,,Monthly Housing Rental Bill Payment,138234.55,119463.55,,,,,"{""provider"": ""Eastern Housing Rental"", ""bill_type"": ""Housing"", ""account_number"": ""EHR-88219"", ""ground_truth_anomaly"": false}",False
TXN-20260805-002676,23,,25,2026-08-05 15:16:07,409.81,MERCHANT_PAYMENT,PURPOSE_FUND,71,,Transport,COMPLETED,,Payment to Shohoz Interdistrict Ride via Shafiqul's Transport Fund,163687.75,163687.75,24365.16,23955.35,,,"{""merchant"": ""Shohoz Interdistrict Ride"", ""fund"": ""Shafiqul's Transport Fund"", ""ground_truth_anomaly"": false}",False
TXN-20260805-002669,8,,,2026-08-05 15:26:00,18625.00,BILL_PAYMENT,NORMAL_WALLET,,,Rent,COMPLETED,,Monthly Housing Rental Bill Payment,210310.09,191685.09,,,,,"{""provider"": ""Eastern Housing Rental"", ""bill_type"": ""Housing"", ""account_number"": ""EHR-88219"", ""ground_truth_anomaly"": false}",False
TXN-20260805-002683,6,,5,2026-08-05 15:52:31,518.39,MERCHANT_PAYMENT,PURPOSE_FUND,21,,Grocery,COMPLETED,,Payment to Chaldal Grocery Express via Zahid's Grocery Fund,198945.20,198945.20,80641.73,80123.34,,,"{""merchant"": ""Chaldal Grocery Express"", ""fund"": ""Zahid's Grocery Fund"", ""ground_truth_anomaly"": false}",True
TXN-20260805-002678,11,,,2026-08-05 15:54:15,2000.00,CASH_OUT,NORMAL_WALLET,,,Cash Out,COMPLETED,,Agent Cash Out Withdrawal,10685.70,8685.70,,,,,"{""agent_code"": ""AGT-7712"", ""ground_truth_anomaly"": false}",False
TXN-20260805-002682,6,,29,2026-08-05 16:11:37,879.81,MERCHANT_PAYMENT,PURPOSE_FUND,22,,Rent,COMPLETED,,Payment to Rangs Living Rent via Zahid's Rent Fund,198945.20,198945.20,32477.67,31597.86,,,"{""merchant"": ""Rangs Living Rent"", ""fund"": ""Zahid's Rent Fund"", ""ground_truth_anomaly"": false}",False
TXN-20260805-002663,2,,28,2026-08-05 16:57:00,23335.00,MERCHANT_PAYMENT,PURPOSE_FUND,6,,Rent,COMPLETED,,Monthly Apartment Rent to Eastern Housing Rental,182772.11,182772.11,56913.04,33578.04,,,"{""merchant"": ""Eastern Housing Rental"", ""ground_truth_anomaly"": false}",False
TXN-20260805-002681,14,,,2026-08-05 18:28:12,200.00,MOBILE_RECHARGE,NORMAL_WALLET,,,Recharge,COMPLETED,,Mobile Recharge to 01710000014,27044.31,26844.31,,,,,"{""operator"": ""Grameenphone"", ""ground_truth_anomaly"": false}",False
TXN-20260805-002675,8,,22,2026-08-05 19:51:04,345.37,MERCHANT_PAYMENT,NORMAL_WALLET,,,Restaurant/Food,COMPLETED,,Payment to Star Kabab & Restaurant from Normal Wallet,191685.09,191339.72,,,,,"{""merchant"": ""Star Kabab & Restaurant"", ""ground_truth_anomaly"": false}",False
TXN-ANOM-20260805-003150,23,,23,2026-08-05 21:16:00,2954.00,MERCHANT_PAYMENT,NORMAL_WALLET,,,Restaurant/Food,COMPLETED,,Large banquet charge at Kacchi Bhai Biryani,222534.73,219580.73,,,,,"{""ground_truth_anomaly"": true, ""anomaly_type"": ""SPENDING_BURST""}",True
TXN-20260805-002674,16,,9,2026-08-05 21:27:49,355.27,MERCHANT_PAYMENT,PURPOSE_FUND,50,,Medicine,COMPLETED,,Payment to Green Life Model Pharmacy via Nasrin's Medicine Fund,24881.88,24881.88,15985.90,15630.63,,,"{""merchant"": ""Green Life Model Pharmacy"", ""fund"": ""Nasrin's Medicine Fund"", ""ground_truth_anomaly"": false}",False
TXN-20260806-002696,24,,27,2026-08-06 09:20:30,256.97,MERCHANT_PAYMENT,PURPOSE_FUND,74,,Transport,COMPLETED,,Payment to Pathao Transportation via Emon's Transport Fund,149137.34,149137.34,20188.64,19931.67,,,"{""merchant"": ""Pathao Transportation"", ""fund"": ""Emon's Transport Fund"", ""ground_truth_anomaly"": false}",False
TXN-20260806-002693,8,,,2026-08-06 09:53:17,500.00,MOBILE_RECHARGE,NORMAL_WALLET,,,Recharge,COMPLETED,,Mobile Recharge to 01710000008,191339.72,190839.72,,,,,"{""operator"": ""Grameenphone"", ""ground_truth_anomaly"": false}",False
TXN-20260806-002692,13,,14,2026-08-06 09:59:51,4000.00,MERCHANT_PAYMENT,PURPOSE_FUND,43,,Education,COMPLETED,,Payment to Scholastica School via Nahian's Education Fund,12046.37,12046.37,4000.00,0.00,,,"{""merchant"": ""Scholastica School"", ""fund"": ""Nahian's Education Fund"", ""ground_truth_anomaly"": false}",False
TXN-20260806-002690,11,,21,2026-08-06 10:07:46,312.58,MERCHANT_PAYMENT,FAMILY_PASS,,3,Restaurant/Food,COMPLETED,,FamilyPass spending by Tanvir Haque at Sultan's Dine Kacchi,182300.03,181987.45,,,2616.16,2303.58,"{""owner_id"": 2, ""member_id"": 11, ""merchant"": ""Sultan's Dine Kacchi"", ""ground_truth_anomaly"": false}",False
TXN-20260806-002689,25,22,,2026-08-06 10:16:06,500.00,SEND_MONEY,NORMAL_WALLET,,,Transfer,COMPLETED,,Sent money to Nafis Fuad,165633.05,165133.05,,,,,"{""recipient_phone"": ""01710000022"", ""ground_truth_anomaly"": false}",False
TXN-20260806-002688,17,,6,2026-08-06 11:18:11,1036.83,MERCHANT_PAYMENT,PURPOSE_FUND,51,,Grocery,COMPLETED,,Payment to Karwan Bazar Wholesale via Farzana's Grocery Fund,32454.36,32454.36,34583.52,33546.69,,,"{""merchant"": ""Karwan Bazar Wholesale"", ""fund"": ""Farzana's Grocery Fund"", ""ground_truth_anomaly"": false}",True
TXN-20260806-002686,18,,,2026-08-06 12:28:21,300.00,MOBILE_RECHARGE,NORMAL_WALLET,,,Recharge,COMPLETED,,Mobile Recharge to 01710000018,42745.66,42445.66,,,,,"{""operator"": ""Grameenphone"", ""ground_truth_anomaly"": false}",False
TXN-20260806-002694,23,,,2026-08-06 13:44:06,200.00,MOBILE_RECHARGE,NORMAL_WALLET,,,Recharge,COMPLETED,,Mobile Recharge to 01710000023,162938.66,162738.66,,,,,"{""operator"": ""Grameenphone"", ""ground_truth_anomaly"": false}",False
TXN-20260806-002685,18,,4,2026-08-06 15:07:01,435.58,MERCHANT_PAYMENT,FAMILY_PASS,,6,Grocery,COMPLETED,,FamilyPass spending by Rumana Alam at Meena Bazar,160572.03,160136.45,,,11403.05,10967.47,"{""owner_id"": 4, ""member_id"": 18, ""merchant"": ""Meena Bazar"", ""ground_truth_anomaly"": false}",False
TXN-20260806-002691,11,,23,2026-08-06 16:31:47,463.83,MERCHANT_PAYMENT,FAMILY_PASS,,3,Restaurant/Food,COMPLETED,,FamilyPass spending by Tanvir Haque at Kacchi Bhai Biryani,181987.45,181523.62,,,2303.58,1839.75,"{""owner_id"": 2, ""member_id"": 11, ""merchant"": ""Kacchi Bhai Biryani"", ""ground_truth_anomaly"": false}",False
TXN-ANOM-20260806-003154,7,,30,2026-08-06 17:50:00,13620.00,MERCHANT_PAYMENT,NORMAL_WALLET,,,Shopping,COMPLETED,,High value purchase at Aarong Lifestyle Retail,136810.11,123190.11,,,,,"{""ground_truth_anomaly"": true, ""anomaly_type"": ""LARGE_AMOUNT""}",True
TXN-20260806-002687,17,,24,2026-08-06 18:23:08,744.75,MERCHANT_PAYMENT,NORMAL_WALLET,,,Restaurant/Food,COMPLETED,,Payment to Takeout Gourmet Burgers from Normal Wallet,33199.11,32454.36,,,,,"{""merchant"": ""Takeout Gourmet Burgers"", ""ground_truth_anomaly"": false}",False
TXN-20260806-002684,15,,27,2026-08-06 19:48:27,147.37,MERCHANT_PAYMENT,FAMILY_PASS,,10,Transport,COMPLETED,,FamilyPass spending by Zubair Ahmed at Pathao Transportation,163086.03,162938.66,,,3108.86,2961.49,"{""owner_id"": 23, ""member_id"": 15, ""merchant"": ""Pathao Transportation"", ""ground_truth_anomaly"": false}",False
TXN-20260806-002695,19,,1,2026-08-06 20:51:22,516.45,MERCHANT_PAYMENT,FAMILY_PASS,,9,Grocery,COMPLETED,,FamilyPass spending by Sadia Chowdhury at Agora Super Shop,402505.47,401989.02,,,14224.79,13708.34,"{""owner_id"": 20, ""member_id"": 19, ""merchant"": ""Agora Super Shop"", ""ground_truth_anomaly"": false}",True
TXN-20260807-002703,15,,27,2026-08-07 09:22:36,303.83,MERCHANT_PAYMENT,FAMILY_PASS,,10,Transport,COMPLETED,,FamilyPass spending by Zubair Ahmed at Pathao Transportation,162482.48,162178.65,,,2961.49,2657.66,"{""owner_id"": 23, ""member_id"": 15, ""merchant"": ""Pathao Transportation"", ""ground_truth_anomaly"": false}",False
TXN-20260807-002708,8,,16,2026-08-07 09:35:50,5286.32,MERCHANT_PAYMENT,PURPOSE_FUND,30,,Education,COMPLETED,,Payment to Daffodil University Tuition via Saifur's Education Fund,190839.72,190839.72,20290.54,15004.22,,,"{""merchant"": ""Daffodil University Tuition"", ""fund"": ""Saifur's Education Fund"", ""ground_truth_anomaly"": false}",False
TXN-20260807-002707,17,,4,2026-08-07 09:41:40,1050.24,MERCHANT_PAYMENT,FAMILY_PASS,,4,Grocery,COMPLETED,,FamilyPass spending by Farzana Haque at Meena Bazar,180485.30,179435.06,,,7387.23,6336.99,"{""owner_id"": 2, ""member_id"": 17, ""merchant"": ""Meena Bazar"", ""ground_truth_anomaly"": false}",False
TXN-20260807-002697,23,,30,2026-08-07 10:00:32,256.18,MERCHANT_PAYMENT,NORMAL_WALLET,,,Shopping,COMPLETED,,Payment to Aarong Lifestyle Retail from Normal Wallet,162738.66,162482.48,,,,,"{""merchant"": ""Aarong Lifestyle Retail"", ""ground_truth_anomaly"": false}",False
TXN-ANOM-20260807-003222,22,,12,2026-08-07 10:02:00,15133.00,MERCHANT_PAYMENT,NORMAL_WALLET,,,Treatment,COMPLETED,,Emergency diagnostic package at Evercare Hospital Lab,406227.75,391094.75,,,,,"{""ground_truth_anomaly"": true, ""anomaly_type"": ""UNUSUAL_CATEGORY""}",True
TXN-20260807-002706,17,,2,2026-08-07 10:40:56,598.88,MERCHANT_PAYMENT,FAMILY_PASS,,4,Grocery,COMPLETED,,FamilyPass spending by Farzana Haque at Shwapno Superstore,181084.18,180485.30,,,7986.11,7387.23,"{""owner_id"": 2, ""member_id"": 17, ""merchant"": ""Shwapno Superstore"", ""ground_truth_anomaly"": false}",True
TXN-20260807-002699,6,,30,2026-08-07 11:28:01,543.60,MERCHANT_PAYMENT,PURPOSE_FUND,24,,Shopping,COMPLETED,,Payment to Aarong Lifestyle Retail via Zahid's Shopping Fund,198945.20,198945.20,9925.30,9381.70,,,"{""merchant"": ""Aarong Lifestyle Retail"", ""fund"": ""Zahid's Shopping Fund"", ""ground_truth_anomaly"": false}",False
TXN-20260807-002702,15,,30,2026-08-07 13:29:08,739.20,MERCHANT_PAYMENT,NORMAL_WALLET,,,Shopping,COMPLETED,,Payment to Aarong Lifestyle Retail from Normal Wallet,17204.06,16464.86,,,,,"{""merchant"": ""Aarong Lifestyle Retail"", ""ground_truth_anomaly"": false}",False
TXN-20260807-002700,11,,24,2026-08-07 14:53:21,439.44,MERCHANT_PAYMENT,FAMILY_PASS,,3,Restaurant/Food,COMPLETED,,FamilyPass spending by Tanvir Haque at Takeout Gourmet Burgers,181523.62,181084.18,,,1839.75,1400.31,"{""owner_id"": 2, ""member_id"": 11, ""merchant"": ""Takeout Gourmet Burgers"", ""ground_truth_anomaly"": false}",False
TXN-20260807-002698,23,,30,2026-08-07 16:59:00,2756.15,MERCHANT_PAYMENT,PURPOSE_FUND,70,,Shopping,COMPLETED,,Payment to Aarong Lifestyle Retail via Shafiqul's Shopping Fund,162482.48,162482.48,33755.76,30999.61,,,"{""merchant"": ""Aarong Lifestyle Retail"", ""fund"": ""Shafiqul's Shopping Fund"", ""ground_truth_anomaly"": false}",False
TXN-20260807-002705,16,,3,2026-08-07 17:09:28,764.60,MERCHANT_PAYMENT,FAMILY_PASS,,2,Grocery,COMPLETED,,FamilyPass spending by Nasrin Rahman at Unimart Hypermarket,108529.42,107764.82,,,8353.40,7588.80,"{""owner_id"": 1, ""member_id"": 16, ""merchant"": ""Unimart Hypermarket"", ""ground_truth_anomaly"": false}",True
TXN-20260807-002704,24,,30,2026-08-07 17:46:01,2332.20,MERCHANT_PAYMENT,PURPOSE_FUND,73,,Shopping,COMPLETED,,Payment to Aarong Lifestyle Retail via Emon's Shopping Fund,149137.34,149137.34,29381.75,27049.55,,,"{""merchant"": ""Aarong Lifestyle Retail"", ""fund"": ""Emon's Shopping Fund"", ""ground_truth_anomaly"": false}",False
TXN-REJ-20260807-003286,19,,29,2026-08-07 18:33:00,1001.00,MERCHANT_PAYMENT,PURPOSE_FUND,56,,Rent,REJECTED,"Category Restriction Mismatch: Merchant 'Rangs Living Rent' is registered as 'Rent', but 'Sadia's Medicine Fund' can ONLY be used for 'Medicine' payments.",Attempted payment to Rangs Living Rent via Sadia's Medicine Fund,6589.04,6589.04,27252.39,27252.39,,,"{""ground_truth_anomaly"": false, ""policy_violation"": ""CATEGORY_RESTRICTION_ERROR""}",False
TXN-20260807-002701,19,,10,2026-08-07 19:32:45,253.49,MERCHANT_PAYMENT,PURPOSE_FUND,56,,Medicine,COMPLETED,,Payment to Square Hospital Pharmacy via Sadia's Medicine Fund,51732.57,51732.57,17505.88,17252.39,,,"{""merchant"": ""Square Hospital Pharmacy"", ""fund"": ""Sadia's Medicine Fund"", ""ground_truth_anomaly"": false}",False
TXN-20260808-002715,15,,25,2026-08-08 11:19:51,186.78,MERCHANT_PAYMENT,FAMILY_PASS,,10,Transport,COMPLETED,,FamilyPass spending by Zubair Ahmed at Shohoz Interdistrict Ride,161677.32,161490.54,,,2657.66,2470.88,"{""owner_id"": 23, ""member_id"": 15, ""merchant"": ""Shohoz Interdistrict Ride"", ""ground_truth_anomaly"": false}",False
TXN-20260808-002714,8,,20,2026-08-08 13:50:14,348.30,MERCHANT_PAYMENT,PURPOSE_FUND,31,,Electricity,COMPLETED,,Payment to Link3 Internet Utilities via Saifur's Electricity Fund,190839.72,190839.72,6845.82,6497.52,,,"{""merchant"": ""Link3 Internet Utilities"", ""fund"": ""Saifur's Electricity Fund"", ""ground_truth_anomaly"": false}",False
TXN-20260808-002713,23,,22,2026-08-08 14:32:25,501.33,MERCHANT_PAYMENT,NORMAL_WALLET,,,Restaurant/Food,COMPLETED,,Payment to Star Kabab & Restaurant from Normal Wallet,162178.65,161677.32,,,,,"{""merchant"": ""Star Kabab & Restaurant"", ""ground_truth_anomaly"": false}",False
TXN-REJ-20260808-003296,17,,1,2026-08-08 15:03:00,1102.00,MERCHANT_PAYMENT,PURPOSE_FUND,52,,Grocery,REJECTED,"Category Restriction Mismatch: Merchant 'Agora Super Shop' is registered as 'Grocery', but 'Farzana's Medicine Fund' can ONLY be used for 'Medicine' payments.",Attempted payment to Agora Super Shop via Farzana's Medicine Fund,15533.230,15533.230,24281.74,24281.74,,,"{""ground_truth_anomaly"": false, ""policy_violation"": ""CATEGORY_RESTRICTION_ERROR""}",False
TXN-20260808-002710,13,,25,2026-08-08 15:40:47,231.67,MERCHANT_PAYMENT,PURPOSE_FUND,44,,Transport,COMPLETED,,Payment to Shohoz Interdistrict Ride via Nahian's Transport Fund,12046.37,12046.37,2023.59,1791.92,,,"{""merchant"": ""Shohoz Interdistrict Ride"", ""fund"": ""Nahian's Transport Fund"", ""ground_truth_anomaly"": false}",False
TXN-ANOM-20260808-003107,1,,30,2026-08-08 17:40:00,12150.00,MERCHANT_PAYMENT,NORMAL_WALLET,,,Shopping,COMPLETED,,High value purchase at Aarong Lifestyle Retail,140140.58,127990.58,,,,,"{""ground_truth_anomaly"": true, ""anomaly_type"": ""LARGE_AMOUNT""}",True
TXN-20260808-002717,10,,26,2026-08-08 17:56:20,169.97,MERCHANT_PAYMENT,PURPOSE_FUND,38,,Transport,COMPLETED,,Payment to Uber Bangladesh Mobility via Samiul's Transport Fund,12325.10,12325.10,7029.48,6859.51,,,"{""merchant"": ""Uber Bangladesh Mobility"", ""fund"": ""Samiul's Transport Fund"", ""ground_truth_anomaly"": false}",False
TXN-20260808-002711,19,,5,2026-08-08 19:02:57,429.11,MERCHANT_PAYMENT,FAMILY_PASS,,9,Grocery,COMPLETED,,FamilyPass spending by Sadia Chowdhury at Chaldal Grocery Express,401455.16,401026.05,,,13708.34,13279.23,"{""owner_id"": 20, ""member_id"": 19, ""merchant"": ""Chaldal Grocery Express"", ""ground_truth_anomaly"": false}",False
TXN-20260808-002716,10,20,,2026-08-08 19:05:25,300.00,SEND_MONEY,NORMAL_WALLET,,,Transfer,COMPLETED,,Sent money to Asif Chowdhury,12625.10,12325.10,,,,,"{""recipient_phone"": ""01710000020"", ""ground_truth_anomaly"": false}",False
TXN-20260808-002718,11,,22,2026-08-08 19:09:02,225.77,MERCHANT_PAYMENT,FAMILY_PASS,,3,Restaurant/Food,COMPLETED,,FamilyPass spending by Tanvir Haque at Star Kabab & Restaurant,179435.06,179209.29,,,1400.31,1174.54,"{""owner_id"": 2, ""member_id"": 11, ""merchant"": ""Star Kabab & Restaurant"", ""ground_truth_anomaly"": false}",True
TXN-20260808-002720,25,,2,2026-08-08 19:11:11,1208.96,MERCHANT_PAYMENT,PURPOSE_FUND,77,,Grocery,COMPLETED,,Payment to Shwapno Superstore via Arif's Grocery Fund,164626.38,164626.38,29466.73,28257.77,,,"{""merchant"": ""Shwapno Superstore"", ""fund"": ""Arif's Grocery Fund"", ""ground_truth_anomaly"": false}",False
TXN-20260808-002719,25,,22,2026-08-08 19:33:32,506.67,MERCHANT_PAYMENT,NORMAL_WALLET,,,Restaurant/Food,COMPLETED,,Payment to Star Kabab & Restaurant from Normal Wallet,165133.05,164626.38,,,,,"{""merchant"": ""Star Kabab & Restaurant"", ""ground_truth_anomaly"": false}",False
TXN-20260808-002709,14,,23,2026-08-08 19:55:14,533.86,MERCHANT_PAYMENT,FAMILY_PASS,,8,Restaurant/Food,COMPLETED,,FamilyPass spending by Sakib Chowdhury at Kacchi Bhai Biryani,401989.02,401455.16,,,4726.97,4193.11,"{""owner_id"": 20, ""member_id"": 14, ""merchant"": ""Kacchi Bhai Biryani"", ""ground_truth_anomaly"": false}",False
TXN-20260808-002712,20,21,,2026-08-08 21:01:45,300.00,SEND_MONEY,NORMAL_WALLET,,,Transfer,COMPLETED,,Sent money to Tanzeem Morshed,401026.05,400726.05,,,,,"{""recipient_phone"": ""01710000021"", ""ground_truth_anomaly"": false}",False
TXN-ANOM-20260809-003255,3,,26,2026-08-09 04:27:00,1557.00,MERCHANT_PAYMENT,NORMAL_WALLET,,,Transport,COMPLETED,,Late night inter-district transport fare via Uber Bangladesh Mobility,105338.19,103781.19,,,,,"{""ground_truth_anomaly"": true, ""anomaly_type"": ""UNUSUAL_TIME""}",False
TXN-20260809-002727,11,,21,2026-08-09 09:15:46,1241.49,MERCHANT_PAYMENT,PURPOSE_FUND,40,,Restaurant/Food,COMPLETED,,Payment to Sultan's Dine Kacchi via Tanvir's Restaurant/Food Fund,8685.70,8685.70,3059.66,1818.17,,,"{""merchant"": ""Sultan's Dine Kacchi"", ""fund"": ""Tanvir's Restaurant/Food Fund"", ""ground_truth_anomaly"": false}",False
TXN-20260809-002728,16,,2,2026-08-09 09:28:16,704.89,MERCHANT_PAYMENT,FAMILY_PASS,,2,Grocery,COMPLETED,,FamilyPass spending by Nasrin Rahman at Shwapno Superstore,107764.82,107059.93,,,7588.80,6883.91,"{""owner_id"": 1, ""member_id"": 16, ""merchant"": ""Shwapno Superstore"", ""ground_truth_anomaly"": false}",True
TXN-20260809-002729,24,,,2026-08-09 11:02:39,50.00,MOBILE_RECHARGE,NORMAL_WALLET,,,Recharge,COMPLETED,,Mobile Recharge to 01710000024,149137.34,149087.34,,,,,"{""operator"": ""Grameenphone"", ""ground_truth_anomaly"": false}",False
TXN-20260809-002723,8,,,2026-08-09 11:30:13,300.00,MOBILE_RECHARGE,NORMAL_WALLET,,,Recharge,COMPLETED,,Mobile Recharge to 01710000008,190839.72,190539.72,,,,,"{""operator"": ""Grameenphone"", ""ground_truth_anomaly"": false}",False
TXN-20260809-002726,18,,24,2026-08-09 12:11:36,552.81,MERCHANT_PAYMENT,NORMAL_WALLET,,,Restaurant/Food,COMPLETED,,Payment to Takeout Gourmet Burgers from Normal Wallet,42445.66,41892.85,,,,,"{""merchant"": ""Takeout Gourmet Burgers"", ""ground_truth_anomaly"": false}",False
TXN-20260809-002732,14,,23,2026-08-09 16:14:25,1103.93,MERCHANT_PAYMENT,PURPOSE_FUND,45,,Restaurant/Food,COMPLETED,,Payment to Kacchi Bhai Biryani via Sakib's Restaurant/Food Fund,26844.31,26844.31,8216.14,7112.21,,,"{""merchant"": ""Kacchi Bhai Biryani"", ""fund"": ""Sakib's Restaurant/Food Fund"", ""ground_truth_anomaly"": false}",False
TXN-20260809-002730,24,17,,2026-08-09 16:14:27,1000.00,SEND_MONEY,NORMAL_WALLET,,,Transfer,COMPLETED,,Sent money to Farzana Haque,149087.34,148087.34,,,,,"{""recipient_phone"": ""01710000017"", ""ground_truth_anomaly"": false}",False
TXN-20260809-002721,15,,26,2026-08-09 16:25:47,334.63,MERCHANT_PAYMENT,FAMILY_PASS,,10,Transport,COMPLETED,,FamilyPass spending by Zubair Ahmed at Uber Bangladesh Mobility,161490.54,161155.91,,,2470.88,2136.25,"{""owner_id"": 23, ""member_id"": 15, ""merchant"": ""Uber Bangladesh Mobility"", ""ground_truth_anomaly"": false}",False
TXN-20260809-002724,23,,30,2026-08-09 17:18:07,372.86,MERCHANT_PAYMENT,NORMAL_WALLET,,,Shopping,COMPLETED,,Payment to Aarong Lifestyle Retail from Normal Wallet,161155.91,160783.05,,,,,"{""merchant"": ""Aarong Lifestyle Retail"", ""ground_truth_anomaly"": false}",False
TXN-20260809-002731,14,,30,2026-08-09 17:40:36,2446.64,MERCHANT_PAYMENT,PURPOSE_FUND,46,,Shopping,COMPLETED,,Payment to Aarong Lifestyle Retail via Sakib's Shopping Fund,26844.31,26844.31,4000.00,1553.36,,,"{""merchant"": ""Aarong Lifestyle Retail"", ""fund"": ""Sakib's Shopping Fund"", ""ground_truth_anomaly"": false}",True
TXN-REJ-20260809-003276,6,,1,2026-08-09 18:58:00,1203.00,MERCHANT_PAYMENT,PURPOSE_FUND,22,,Grocery,REJECTED,"Category Restriction Mismatch: Merchant 'Agora Super Shop' is registered as 'Grocery', but 'Zahid's Rent Fund' can ONLY be used for 'Rent' payments.",Attempted payment to Agora Super Shop via Zahid's Rent Fund,214215.37,214215.37,33255.86,33255.86,,,"{""ground_truth_anomaly"": false, ""policy_violation"": ""CATEGORY_RESTRICTION_ERROR""}",False
TXN-20260809-002725,10,,26,2026-08-09 21:38:29,341.11,MERCHANT_PAYMENT,PURPOSE_FUND,38,,Transport,COMPLETED,,Payment to Uber Bangladesh Mobility via Samiul's Transport Fund,12325.10,12325.10,6859.51,6518.40,,,"{""merchant"": ""Uber Bangladesh Mobility"", ""fund"": ""Samiul's Transport Fund"", ""ground_truth_anomaly"": false}",False
TXN-20260809-002722,8,,17,2026-08-09 21:46:41,4047.18,MERCHANT_PAYMENT,PURPOSE_FUND,30,,Education,COMPLETED,,Payment to Mastermind School via Saifur's Education Fund,190839.72,190839.72,15004.22,10957.04,,,"{""merchant"": ""Mastermind School"", ""fund"": ""Saifur's Education Fund"", ""ground_truth_anomaly"": false}",False
TXN-20260810-002734,10,,27,2026-08-10 10:35:23,342.07,MERCHANT_PAYMENT,PURPOSE_FUND,38,,Transport,COMPLETED,,Payment to Pathao Transportation via Samiul's Transport Fund,12325.10,12325.10,6087.26,5745.19,,,"{""merchant"": ""Pathao Transportation"", ""fund"": ""Samiul's Transport Fund"", ""ground_truth_anomaly"": false}",False
TXN-20260810-002739,17,,1,2026-08-10 10:49:55,808.71,MERCHANT_PAYMENT,PURPOSE_FUND,51,,Grocery,COMPLETED,,Payment to Agora Super Shop via Farzana's Grocery Fund,33454.36,33454.36,33546.69,32737.98,,,"{""merchant"": ""Agora Super Shop"", ""fund"": ""Farzana's Grocery Fund"", ""ground_truth_anomaly"": false}",False
TXN-20260810-002736,14,,22,2026-08-10 12:40:18,1239.61,MERCHANT_PAYMENT,PURPOSE_FUND,45,,Restaurant/Food,COMPLETED,,Payment to Star Kabab & Restaurant via Sakib's Restaurant/Food Fund,26844.31,26844.31,7112.21,5872.60,,,"{""merchant"": ""Star Kabab & Restaurant"", ""fund"": ""Sakib's Restaurant/Food Fund"", ""ground_truth_anomaly"": false}",False
TXN-20260810-002735,18,,,2026-08-10 12:57:37,500.00,MOBILE_RECHARGE,NORMAL_WALLET,,,Recharge,COMPLETED,,Mobile Recharge to 01710000018,41892.85,41392.85,,,,,"{""operator"": ""Grameenphone"", ""ground_truth_anomaly"": false}",False
TXN-20260810-002742,16,,1,2026-08-10 15:00:48,789.86,MERCHANT_PAYMENT,FAMILY_PASS,,2,Grocery,COMPLETED,,FamilyPass spending by Nasrin Rahman at Agora Super Shop,107059.93,106270.07,,,6883.91,6094.05,"{""owner_id"": 1, ""member_id"": 16, ""merchant"": ""Agora Super Shop"", ""ground_truth_anomaly"": false}",False
TXN-20260810-002738,15,,30,2026-08-10 15:23:17,433.34,MERCHANT_PAYMENT,NORMAL_WALLET,,,Shopping,COMPLETED,,Payment to Aarong Lifestyle Retail from Normal Wallet,16464.86,16031.52,,,,,"{""merchant"": ""Aarong Lifestyle Retail"", ""ground_truth_anomaly"": false}",False
TXN-20260810-002737,14,,22,2026-08-10 15:54:07,1293.35,MERCHANT_PAYMENT,PURPOSE_FUND,45,,Restaurant/Food,COMPLETED,,Payment to Star Kabab & Restaurant via Sakib's Restaurant/Food Fund,26844.31,26844.31,5872.60,4579.25,,,"{""merchant"": ""Star Kabab & Restaurant"", ""fund"": ""Sakib's Restaurant/Food Fund"", ""ground_truth_anomaly"": false}",False
TXN-20260810-002741,16,24,,2026-08-10 17:40:19,500.00,SEND_MONEY,NORMAL_WALLET,,,Transfer,COMPLETED,,Sent money to Emon Khandaker,24881.88,24381.88,,,,,"{""recipient_phone"": ""01710000024"", ""ground_truth_anomaly"": false}",False
TXN-ANOM-20260810-003153,6,,11,2026-08-10 17:47:00,14011.00,MERCHANT_PAYMENT,NORMAL_WALLET,,,Treatment,COMPLETED,,Emergency diagnostic package at Square Hospital Diagnostic,246379.37,232368.37,,,,,"{""ground_truth_anomaly"": true, ""anomaly_type"": ""UNUSUAL_CATEGORY""}",True
TXN-20260810-002740,17,,3,2026-08-10 20:25:51,649.12,MERCHANT_PAYMENT,FAMILY_PASS,,4,Grocery,COMPLETED,,FamilyPass spending by Farzana Haque at Unimart Hypermarket,179209.29,178560.17,,,6336.99,5687.87,"{""owner_id"": 2, ""member_id"": 17, ""merchant"": ""Unimart Hypermarket"", ""ground_truth_anomaly"": false}",False
TXN-20260810-002733,10,,25,2026-08-10 20:43:03,431.14,MERCHANT_PAYMENT,PURPOSE_FUND,38,,Transport,COMPLETED,,Payment to Shohoz Interdistrict Ride via Samiul's Transport Fund,12325.10,12325.10,6518.40,6087.26,,,"{""merchant"": ""Shohoz Interdistrict Ride"", ""fund"": ""Samiul's Transport Fund"", ""ground_truth_anomaly"": false}",False
TXN-20260811-002750,11,,24,2026-08-11 09:39:23,446.98,MERCHANT_PAYMENT,NORMAL_WALLET,,,Restaurant/Food,COMPLETED,,Payment to Takeout Gourmet Burgers from Normal Wallet,8685.70,8238.72,,,,,"{""merchant"": ""Takeout Gourmet Burgers"", ""ground_truth_anomaly"": false}",False
TXN-20260811-002747,17,,,2026-08-11 10:07:10,500.00,CASH_OUT,NORMAL_WALLET,,,Cash Out,COMPLETED,,Agent Cash Out Withdrawal,33454.36,32954.36,,,,,"{""agent_code"": ""AGT-7712"", ""ground_truth_anomaly"": false}",False
TXN-20260811-002749,15,,27,2026-08-11 13:16:54,196.35,MERCHANT_PAYMENT,FAMILY_PASS,,10,Transport,COMPLETED,,FamilyPass spending by Zubair Ahmed at Pathao Transportation,160783.05,160586.70,,,2136.25,1939.90,"{""owner_id"": 23, ""member_id"": 15, ""merchant"": ""Pathao Transportation"", ""ground_truth_anomaly"": false}",False
TXN-ANOM-20260811-003215,21,,30,2026-08-11 14:14:00,16096.00,MERCHANT_PAYMENT,NORMAL_WALLET,,,Shopping,COMPLETED,,High value purchase at Aarong Lifestyle Retail,681796.56,665700.56,,,,,"{""ground_truth_anomaly"": true, ""anomaly_type"": ""LARGE_AMOUNT""}",True
TXN-20260811-002746,10,,15,2026-08-11 16:25:30,694.03,MERCHANT_PAYMENT,FAMILY_PASS,,1,Education,COMPLETED,,FamilyPass spending by Samiul Tariq at Sunnydale Academy,106270.07,105576.04,,,4500.00,3805.97,"{""owner_id"": 1, ""member_id"": 10, ""merchant"": ""Sunnydale Academy"", ""ground_truth_anomaly"": false}",False
TXN-20260811-002748,13,,26,2026-08-11 18:18:15,317.75,MERCHANT_PAYMENT,PURPOSE_FUND,44,,Transport,COMPLETED,,Payment to Uber Bangladesh Mobility via Nahian's Transport Fund,12046.37,12046.37,1791.92,1474.17,,,"{""merchant"": ""Uber Bangladesh Mobility"", ""fund"": ""Nahian's Transport Fund"", ""ground_truth_anomaly"": false}",False
TXN-20260811-002743,24,,24,2026-08-11 19:54:45,373.29,MERCHANT_PAYMENT,PURPOSE_FUND,72,,Restaurant/Food,COMPLETED,,Payment to Takeout Gourmet Burgers via Emon's Restaurant/Food Fund,148587.34,148587.34,30110.41,29737.12,,,"{""merchant"": ""Takeout Gourmet Burgers"", ""fund"": ""Emon's Restaurant/Food Fund"", ""ground_truth_anomaly"": false}",False
TXN-20260811-002751,11,,15,2026-08-11 19:55:32,542.30,MERCHANT_PAYMENT,PURPOSE_FUND,39,,Education,COMPLETED,,Payment to Sunnydale Academy via Tanvir's Education Fund,8238.72,8238.72,542.30,0.00,,,"{""merchant"": ""Sunnydale Academy"", ""fund"": ""Tanvir's Education Fund"", ""ground_truth_anomaly"": false}",False
TXN-20260811-002744,18,,9,2026-08-11 21:12:26,720.01,MERCHANT_PAYMENT,FAMILY_PASS,,6,Medicine,COMPLETED,,FamilyPass spending by Rumana Alam at Green Life Model Pharmacy,160136.45,159416.44,,,10967.47,10247.46,"{""owner_id"": 4, ""member_id"": 18, ""merchant"": ""Green Life Model Pharmacy"", ""ground_truth_anomaly"": false}",False
TXN-20260811-002745,18,,3,2026-08-11 21:38:45,619.76,MERCHANT_PAYMENT,PURPOSE_FUND,53,,Grocery,COMPLETED,,Payment to Unimart Hypermarket via Rumana's Grocery Fund,41392.85,41392.85,36878.58,36258.82,,,"{""merchant"": ""Unimart Hypermarket"", ""fund"": ""Rumana's Grocery Fund"", ""ground_truth_anomaly"": false}",False
TXN-20260812-002768,11,,21,2026-08-12 09:43:52,482.59,MERCHANT_PAYMENT,FAMILY_PASS,,3,Restaurant/Food,COMPLETED,,FamilyPass spending by Tanvir Haque at Sultan's Dine Kacchi,178560.17,178077.58,,,1174.54,691.95,"{""owner_id"": 2, ""member_id"": 11, ""merchant"": ""Sultan's Dine Kacchi"", ""ground_truth_anomaly"": false}",False
TXN-20260812-002773,24,,21,2026-08-12 10:19:40,1227.51,MERCHANT_PAYMENT,PURPOSE_FUND,72,,Restaurant/Food,COMPLETED,,Payment to Sultan's Dine Kacchi via Emon's Restaurant/Food Fund,148587.34,148587.34,29737.12,28509.61,,,"{""merchant"": ""Sultan's Dine Kacchi"", ""fund"": ""Emon's Restaurant/Food Fund"", ""ground_truth_anomaly"": false}",False
TXN-20260812-002760,9,,20,2026-08-12 14:44:00,4055.00,MERCHANT_PAYMENT,PURPOSE_FUND,35,,Electricity,COMPLETED,,Electricity recharge at Link3 Internet Utilities,213058.22,213058.22,7295.77,3240.77,,,"{""provider"": ""Link3 Internet Utilities"", ""ground_truth_anomaly"": false}",False
TXN-20260812-002753,2,,19,2026-08-12 14:57:00,4345.00,MERCHANT_PAYMENT,PURPOSE_FUND,7,,Electricity,COMPLETED,,Electricity recharge at DPDC Electricity Payment,178560.17,178560.17,5000.00,655.00,,,"{""provider"": ""DPDC Electricity Payment"", ""ground_truth_anomaly"": false}",False
TXN-20260812-002765,20,,,2026-08-12 15:06:00,2424.00,BILL_PAYMENT,NORMAL_WALLET,,,Electricity,COMPLETED,,DESCO Prepaid Meter Utility Recharge,401026.05,398602.05,,,,,"{""provider"": ""DESCO"", ""bill_type"": ""Electricity"", ""account_number"": ""MTR-99410"", ""ground_truth_anomaly"": false}",False
TXN-20260812-002767,22,,,2026-08-12 15:09:00,4559.00,BILL_PAYMENT,NORMAL_WALLET,,,Electricity,COMPLETED,,DESCO Prepaid Meter Utility Recharge,343921.04,339362.04,,,,,"{""provider"": ""DESCO"", ""bill_type"": ""Electricity"", ""account_number"": ""MTR-99410"", ""ground_truth_anomaly"": false}",False
TXN-20260812-002759,8,,19,2026-08-12 15:21:00,2764.00,MERCHANT_PAYMENT,PURPOSE_FUND,31,,Electricity,COMPLETED,,Electricity recharge at DPDC Electricity Payment,190539.72,190539.72,6497.52,3733.52,,,"{""provider"": ""DPDC Electricity Payment"", ""ground_truth_anomaly"": false}",False
TXN-20260812-002764,19,,,2026-08-12 15:49:00,2860.00,BILL_PAYMENT,NORMAL_WALLET,,,Electricity,COMPLETED,,DESCO Prepaid Meter Utility Recharge,51732.57,48872.57,,,,,"{""provider"": ""DESCO"", ""bill_type"": ""Electricity"", ""account_number"": ""MTR-99410"", ""ground_truth_anomaly"": false}",False
TXN-20260812-002766,21,,,2026-08-12 15:54:00,2813.00,BILL_PAYMENT,NORMAL_WALLET,,,Electricity,COMPLETED,,DESCO Prepaid Meter Utility Recharge,501902.50,499089.50,,,,,"{""provider"": ""DESCO"", ""bill_type"": ""Electricity"", ""account_number"": ""MTR-99410"", ""ground_truth_anomaly"": false}",False
TXN-20260812-002771,16,,7,2026-08-12 16:10:27,650.06,MERCHANT_PAYMENT,PURPOSE_FUND,50,,Medicine,COMPLETED,,Payment to Labaid Pharmacy via Nasrin's Medicine Fund,20599.88,20599.88,15630.63,14980.57,,,"{""merchant"": ""Labaid Pharmacy"", ""fund"": ""Nasrin's Medicine Fund"", ""ground_truth_anomaly"": false}",False
TXN-20260812-002756,5,,20,2026-08-12 16:16:00,2764.00,MERCHANT_PAYMENT,PURPOSE_FUND,18,,Electricity,COMPLETED,,Electricity recharge at Link3 Internet Utilities,92849.80,92849.80,6007.98,3243.98,,,"{""provider"": ""Link3 Internet Utilities"", ""ground_truth_anomaly"": false}",False
TXN-20260812-002757,6,,19,2026-08-12 16:17:00,2460.00,MERCHANT_PAYMENT,PURPOSE_FUND,23,,Electricity,COMPLETED,,Electricity recharge at DPDC Electricity Payment,198945.20,198945.20,3685.02,1225.02,,,"{""provider"": ""DPDC Electricity Payment"", ""ground_truth_anomaly"": false}",False
TXN-20260812-002754,3,,18,2026-08-12 16:47:00,2455.00,MERCHANT_PAYMENT,PURPOSE_FUND,11,,Electricity,COMPLETED,,Electricity recharge at DESCO Prepaid Utility,103795.79,103795.79,7723.41,5268.41,,,"{""provider"": ""DESCO Prepaid Utility"", ""ground_truth_anomaly"": false}",False
TXN-20260812-002762,17,,,2026-08-12 17:28:00,4249.00,BILL_PAYMENT,NORMAL_WALLET,,,Electricity,COMPLETED,,DESCO Prepaid Meter Utility Recharge,32954.36,28705.36,,,,,"{""provider"": ""DESCO"", ""bill_type"": ""Electricity"", ""account_number"": ""MTR-99410"", ""ground_truth_anomaly"": false}",False
TXN-20260812-002752,1,,19,2026-08-12 17:29:00,2269.00,MERCHANT_PAYMENT,PURPOSE_FUND,2,,Electricity,COMPLETED,,Electricity recharge at DPDC Electricity Payment,105576.04,105576.04,6790.32,4521.32,,,"{""provider"": ""DPDC Electricity Payment"", ""ground_truth_anomaly"": false}",False
TXN-20260812-002755,4,,,2026-08-12 17:42:00,3983.00,BILL_PAYMENT,NORMAL_WALLET,,,Electricity,COMPLETED,,DESCO Prepaid Meter Utility Recharge,159416.44,155433.44,,,,,"{""provider"": ""DESCO"", ""bill_type"": ""Electricity"", ""account_number"": ""MTR-99410"", ""ground_truth_anomaly"": false}",False
TXN-20260812-002772,13,,14,2026-08-12 17:52:51,498.62,MERCHANT_PAYMENT,FAMILY_PASS,,7,Education,COMPLETED,,FamilyPass spending by Nahian Hasan at Scholastica School,92849.80,92351.18,,,1747.67,1249.05,"{""owner_id"": 5, ""member_id"": 13, ""merchant"": ""Scholastica School"", ""ground_truth_anomaly"": false}",False
TXN-20260812-002758,7,,20,2026-08-12 18:16:00,3596.00,MERCHANT_PAYMENT,PURPOSE_FUND,26,,Electricity,COMPLETED,,Electricity recharge at Link3 Internet Utilities,119463.55,119463.55,6226.51,2630.51,,,"{""provider"": ""Link3 Internet Utilities"", ""ground_truth_anomaly"": false}",False
TXN-20260812-002763,18,,,2026-08-12 18:17:00,3332.00,BILL_PAYMENT,NORMAL_WALLET,,,Electricity,COMPLETED,,DESCO Prepaid Meter Utility Recharge,41392.85,38060.85,,,,,"{""provider"": ""DESCO"", ""bill_type"": ""Electricity"", ""account_number"": ""MTR-99410"", ""ground_truth_anomaly"": false}",False
TXN-20260812-002761,16,,,2026-08-12 18:52:00,3782.00,BILL_PAYMENT,NORMAL_WALLET,,,Electricity,COMPLETED,,DESCO Prepaid Meter Utility Recharge,24381.88,20599.88,,,,,"{""provider"": ""DESCO"", ""bill_type"": ""Electricity"", ""account_number"": ""MTR-99410"", ""ground_truth_anomaly"": false}",False
TXN-ANOM-20260812-003188,22,,23,2026-08-12 21:18:00,3667.00,MERCHANT_PAYMENT,NORMAL_WALLET,,,Restaurant/Food,COMPLETED,,Large banquet charge at Kacchi Bhai Biryani,428494.75,424827.75,,,,,"{""ground_truth_anomaly"": true, ""anomaly_type"": ""SPENDING_BURST""}",True
TXN-20260812-002770,18,,9,2026-08-12 22:43:11,472.78,MERCHANT_PAYMENT,FAMILY_PASS,,6,Medicine,COMPLETED,,FamilyPass spending by Rumana Alam at Green Life Model Pharmacy,155433.44,154960.66,,,10247.46,9774.68,"{""owner_id"": 4, ""member_id"": 18, ""merchant"": ""Green Life Model Pharmacy"", ""ground_truth_anomaly"": false}",False
TXN-20260812-002769,20,,29,2026-08-12 23:52:10,738.43,MERCHANT_PAYMENT,PURPOSE_FUND,58,,Rent,COMPLETED,,Payment to Rangs Living Rent via Asif's Rent Fund,398602.05,398602.05,92476.33,91737.90,,,"{""merchant"": ""Rangs Living Rent"", ""fund"": ""Asif's Rent Fund"", ""ground_truth_anomaly"": false}",False
TXN-ANOM-20260813-003141,5,,25,2026-08-13 01:26:00,2050.00,MERCHANT_PAYMENT,NORMAL_WALLET,,,Transport,COMPLETED,,Late night inter-district transport fare via Shohoz Interdistrict Ride,99460.03,97410.03,,,,,"{""ground_truth_anomaly"": true, ""anomaly_type"": ""UNUSUAL_TIME""}",False
TXN-20260813-002774,11,,22,2026-08-13 15:25:17,348.60,MERCHANT_PAYMENT,FAMILY_PASS,,3,Restaurant/Food,COMPLETED,,FamilyPass spending by Tanvir Haque at Star Kabab & Restaurant,178077.58,177728.98,,,691.95,343.35,"{""owner_id"": 2, ""member_id"": 11, ""merchant"": ""Star Kabab & Restaurant"", ""ground_truth_anomaly"": false}",False
TXN-20260814-002776,15,,30,2026-08-14 10:48:49,546.50,MERCHANT_PAYMENT,NORMAL_WALLET,,,Shopping,COMPLETED,,Payment to Aarong Lifestyle Retail from Normal Wallet,16031.52,15485.02,,,,,"{""merchant"": ""Aarong Lifestyle Retail"", ""ground_truth_anomaly"": false}",False
TXN-20260814-002775,18,,1,2026-08-14 13:08:15,897.44,MERCHANT_PAYMENT,FAMILY_PASS,,6,Grocery,COMPLETED,,FamilyPass spending by Rumana Alam at Agora Super Shop,154960.66,154063.22,,,9774.68,8877.24,"{""owner_id"": 4, ""member_id"": 18, ""merchant"": ""Agora Super Shop"", ""ground_truth_anomaly"": false}",False
TXN-20260814-002777,15,,26,2026-08-14 18:23:45,278.08,MERCHANT_PAYMENT,PURPOSE_FUND,48,,Transport,COMPLETED,,Payment to Uber Bangladesh Mobility via Zubair's Transport Fund,15485.02,15485.02,7164.98,6886.90,,,"{""merchant"": ""Uber Bangladesh Mobility"", ""fund"": ""Zubair's Transport Fund"", ""ground_truth_anomaly"": false}",False
TXN-20260814-002778,13,,16,2026-08-14 21:33:46,1249.05,MERCHANT_PAYMENT,FAMILY_PASS,,7,Education,COMPLETED,,FamilyPass spending by Nahian Hasan at Daffodil University Tuition,92351.18,91102.13,,,1249.05,0.00,"{""owner_id"": 5, ""member_id"": 13, ""merchant"": ""Daffodil University Tuition"", ""ground_truth_anomaly"": false}",False
TXN-ANOM-20260815-003228,17,,25,2026-08-15 01:14:00,3183.00,MERCHANT_PAYMENT,NORMAL_WALLET,,,Transport,COMPLETED,,Late night inter-district transport fare via Shohoz Interdistrict Ride,10577.73,7394.73,,,,,"{""ground_truth_anomaly"": true, ""anomaly_type"": ""UNUSUAL_TIME""}",False
TXN-20260815-002780,13,,26,2026-08-15 08:51:22,227.06,MERCHANT_PAYMENT,PURPOSE_FUND,44,,Transport,COMPLETED,,Payment to Uber Bangladesh Mobility via Nahian's Transport Fund,12046.37,12046.37,1474.17,1247.11,,,"{""merchant"": ""Uber Bangladesh Mobility"", ""fund"": ""Nahian's Transport Fund"", ""ground_truth_anomaly"": false}",False
TXN-20260815-002782,20,,4,2026-08-15 11:34:52,971.12,MERCHANT_PAYMENT,PURPOSE_FUND,57,,Grocery,COMPLETED,,Payment to Meena Bazar via Asif's Grocery Fund,398602.05,398602.05,129963.32,128992.20,,,"{""merchant"": ""Meena Bazar"", ""fund"": ""Asif's Grocery Fund"", ""ground_truth_anomaly"": false}",False
TXN-20260815-002781,15,,16,2026-08-15 11:44:40,2088.67,MERCHANT_PAYMENT,PURPOSE_FUND,47,,Education,COMPLETED,,Payment to Daffodil University Tuition via Zubair's Education Fund,15485.02,15485.02,2088.67,0.00,,,"{""merchant"": ""Daffodil University Tuition"", ""fund"": ""Zubair's Education Fund"", ""ground_truth_anomaly"": false}",False
TXN-20260815-002783,11,,22,2026-08-15 11:51:38,281.12,MERCHANT_PAYMENT,FAMILY_PASS,,3,Restaurant/Food,COMPLETED,,FamilyPass spending by Tanvir Haque at Star Kabab & Restaurant,177728.98,177447.86,,,343.35,62.23,"{""owner_id"": 2, ""member_id"": 11, ""merchant"": ""Star Kabab & Restaurant"", ""ground_truth_anomaly"": false}",True
TXN-REJ-20260815-003265,14,,32,2026-08-15 12:38:00,476.00,MERCHANT_PAYMENT,FAMILY_PASS,,8,Other,REJECTED,Category Restriction Mismatch: Merchant 'Beximco Digital Services' category 'Other' is not allowed for this FamilyPass.,Attempted FamilyPass spending at Beximco Digital Services,481695.88,481695.88,,,6000.00,6000.00,"{""ground_truth_anomaly"": false, ""policy_violation"": ""FAMILYPASS_CATEGORY_MISMATCH""}",False
TXN-20260815-002786,10,,27,2026-08-15 17:55:26,502.29,MERCHANT_PAYMENT,PURPOSE_FUND,38,,Transport,COMPLETED,,Payment to Pathao Transportation via Samiul's Transport Fund,11325.10,11325.10,5745.19,5242.90,,,"{""merchant"": ""Pathao Transportation"", ""fund"": ""Samiul's Transport Fund"", ""ground_truth_anomaly"": false}",False
TXN-20260815-002784,11,6,,2026-08-15 17:57:04,500.00,SEND_MONEY,NORMAL_WALLET,,,Transfer,COMPLETED,,Sent money to Zahid Iqbal,8238.72,7738.72,,,,,"{""recipient_phone"": ""01710000006"", ""ground_truth_anomaly"": false}",False
TXN-20260815-002785,10,15,,2026-08-15 19:49:16,1000.00,SEND_MONEY,NORMAL_WALLET,,,Transfer,COMPLETED,,Sent money to Zubair Ahmed,12325.10,11325.10,,,,,"{""recipient_phone"": ""01710000015"", ""ground_truth_anomaly"": false}",False
TXN-20260815-002779,18,,9,2026-08-15 20:12:14,559.10,MERCHANT_PAYMENT,FAMILY_PASS,,6,Medicine,COMPLETED,,FamilyPass spending by Rumana Alam at Green Life Model Pharmacy,154063.22,153504.12,,,8877.24,8318.14,"{""owner_id"": 4, ""member_id"": 18, ""merchant"": ""Green Life Model Pharmacy"", ""ground_truth_anomaly"": false}",False
TXN-ANOM-20260816-003178,9,,26,2026-08-16 01:50:00,3165.00,MERCHANT_PAYMENT,NORMAL_WALLET,,,Transport,COMPLETED,,Late night inter-district transport fare via Uber Bangladesh Mobility,287969.29,284804.29,,,,,"{""ground_truth_anomaly"": true, ""anomaly_type"": ""UNUSUAL_TIME""}",False
TXN-20260816-002791,13,,27,2026-08-16 10:17:51,221.06,MERCHANT_PAYMENT,PURPOSE_FUND,44,,Transport,COMPLETED,,Payment to Pathao Transportation via Nahian's Transport Fund,12046.37,12046.37,1247.11,1026.05,,,"{""merchant"": ""Pathao Transportation"", ""fund"": ""Nahian's Transport Fund"", ""ground_truth_anomaly"": false}",False
TXN-20260816-002788,16,,4,2026-08-16 10:21:37,512.15,MERCHANT_PAYMENT,FAMILY_PASS,,2,Grocery,COMPLETED,,FamilyPass spending by Nasrin Rahman at Meena Bazar,104894.67,104382.52,,,5412.68,4900.53,"{""owner_id"": 1, ""member_id"": 16, ""merchant"": ""Meena Bazar"", ""ground_truth_anomaly"": false}",False
TXN-REJ-20260816-003300,10,,11,2026-08-16 16:33:00,949.00,MERCHANT_PAYMENT,PURPOSE_FUND,37,,Treatment,REJECTED,"Category Restriction Mismatch: Merchant 'Square Hospital Diagnostic' is registered as 'Treatment', but 'Samiul's Education Fund' can ONLY be used for 'Education' payments.",Attempted payment to Square Hospital Diagnostic via Samiul's Education Fund,3062.43,3062.43,5000.00,5000.00,,,"{""ground_truth_anomaly"": false, ""policy_violation"": ""CATEGORY_RESTRICTION_ERROR""}",False
TXN-20260816-002787,16,,1,2026-08-16 19:32:45,681.37,MERCHANT_PAYMENT,FAMILY_PASS,,2,Grocery,COMPLETED,,FamilyPass spending by Nasrin Rahman at Agora Super Shop,105576.04,104894.67,,,6094.05,5412.68,"{""owner_id"": 1, ""member_id"": 16, ""merchant"": ""Agora Super Shop"", ""ground_truth_anomaly"": false}",True
TXN-20260816-002789,10,,17,2026-08-16 19:39:57,1366.44,MERCHANT_PAYMENT,FAMILY_PASS,,1,Education,COMPLETED,,FamilyPass spending by Samiul Tariq at Mastermind School,104382.52,103016.08,,,3805.97,2439.53,"{""owner_id"": 1, ""member_id"": 10, ""merchant"": ""Mastermind School"", ""ground_truth_anomaly"": false}",False
TXN-20260816-002790,10,,26,2026-08-16 19:57:24,286.49,MERCHANT_PAYMENT,PURPOSE_FUND,38,,Transport,COMPLETED,,Payment to Uber Bangladesh Mobility via Samiul's Transport Fund,11325.10,11325.10,5242.90,4956.41,,,"{""merchant"": ""Uber Bangladesh Mobility"", ""fund"": ""Samiul's Transport Fund"", ""ground_truth_anomaly"": false}",False
TXN-20260817-002795,18,,8,2026-08-17 18:26:18,627.21,MERCHANT_PAYMENT,FAMILY_PASS,,6,Medicine,COMPLETED,,FamilyPass spending by Rumana Alam at Tamanna Pharmacy,153504.12,152876.91,,,8318.14,7690.93,"{""owner_id"": 4, ""member_id"": 18, ""merchant"": ""Tamanna Pharmacy"", ""ground_truth_anomaly"": false}",False
TXN-20260817-002793,15,,26,2026-08-17 19:40:12,234.05,MERCHANT_PAYMENT,FAMILY_PASS,,10,Transport,COMPLETED,,FamilyPass spending by Zubair Ahmed at Uber Bangladesh Mobility,160586.70,160352.65,,,1939.90,1705.85,"{""owner_id"": 23, ""member_id"": 15, ""merchant"": ""Uber Bangladesh Mobility"", ""ground_truth_anomaly"": false}",False
TXN-20260817-002792,13,,,2026-08-17 20:03:20,1000.00,CASH_OUT,NORMAL_WALLET,,,Cash Out,COMPLETED,,Agent Cash Out Withdrawal,12046.37,11046.37,,,,,"{""agent_code"": ""AGT-7712"", ""ground_truth_anomaly"": false}",False
TXN-ANOM-20260817-003205,19,,21,2026-08-17 21:13:00,2775.00,MERCHANT_PAYMENT,NORMAL_WALLET,,,Restaurant/Food,COMPLETED,,Large banquet charge at Sultan's Dine Kacchi,28838.04,26063.04,,,,,"{""ground_truth_anomaly"": true, ""anomaly_type"": ""SPENDING_BURST""}",True
TXN-20260817-002794,16,,6,2026-08-17 21:37:31,543.49,MERCHANT_PAYMENT,FAMILY_PASS,,2,Grocery,COMPLETED,,FamilyPass spending by Nasrin Rahman at Karwan Bazar Wholesale,103016.08,102472.59,,,4900.53,4357.04,"{""owner_id"": 1, ""member_id"": 16, ""merchant"": ""Karwan Bazar Wholesale"", ""ground_truth_anomaly"": false}",False
TXN-20260818-002800,10,,16,2026-08-18 09:56:20,1632.63,MERCHANT_PAYMENT,FAMILY_PASS,,1,Education,COMPLETED,,FamilyPass spending by Samiul Tariq at Daffodil University Tuition,101498.59,99865.96,,,2439.53,806.90,"{""owner_id"": 1, ""member_id"": 10, ""merchant"": ""Daffodil University Tuition"", ""ground_truth_anomaly"": false}",False
TXN-20260818-002797,16,,1,2026-08-18 11:05:17,974.00,MERCHANT_PAYMENT,FAMILY_PASS,,2,Grocery,COMPLETED,,FamilyPass spending by Nasrin Rahman at Agora Super Shop,102472.59,101498.59,,,4357.04,3383.04,"{""owner_id"": 1, ""member_id"": 16, ""merchant"": ""Agora Super Shop"", ""ground_truth_anomaly"": false}",True
TXN-ANOM-20260818-003131,25,,13,2026-08-18 14:47:00,14041.00,MERCHANT_PAYMENT,NORMAL_WALLET,,,Treatment,COMPLETED,,Emergency diagnostic package at Popular Diagnostic Centre,227990.01,213949.01,,,,,"{""ground_truth_anomaly"": true, ""anomaly_type"": ""UNUSUAL_CATEGORY""}",True
TXN-20260818-002798,18,12,,2026-08-18 15:55:29,1000.00,SEND_MONEY,NORMAL_WALLET,,,Transfer,COMPLETED,,Sent money to Rafid Kabir,38060.85,37060.85,,,,,"{""recipient_phone"": ""01710000012"", ""ground_truth_anomaly"": false}",False
TXN-20260818-002796,13,,25,2026-08-18 18:08:57,304.10,MERCHANT_PAYMENT,PURPOSE_FUND,44,,Transport,COMPLETED,,Payment to Shohoz Interdistrict Ride via Nahian's Transport Fund,11046.37,11046.37,1026.05,721.95,,,"{""merchant"": ""Shohoz Interdistrict Ride"", ""fund"": ""Nahian's Transport Fund"", ""ground_truth_anomaly"": false}",False
TXN-20260818-002799,15,,27,2026-08-18 22:43:40,279.98,MERCHANT_PAYMENT,FAMILY_PASS,,10,Transport,COMPLETED,,FamilyPass spending by Zubair Ahmed at Pathao Transportation,160352.65,160072.67,,,1705.85,1425.87,"{""owner_id"": 23, ""member_id"": 15, ""merchant"": ""Pathao Transportation"", ""ground_truth_anomaly"": false}",False
TXN-ANOM-20260819-003155,6,,25,2026-08-19 04:17:00,1359.00,MERCHANT_PAYMENT,NORMAL_WALLET,,,Transport,COMPLETED,,Late night inter-district transport fare via Shohoz Interdistrict Ride,232368.37,231009.37,,,,,"{""ground_truth_anomaly"": true, ""anomaly_type"": ""UNUSUAL_TIME""}",False
TXN-ANOM-20260820-003116,5,,27,2026-08-20 04:07:00,2376.00,MERCHANT_PAYMENT,NORMAL_WALLET,,,Transport,COMPLETED,,Late night inter-district transport fare via Pathao Transportation,101836.03,99460.03,,,,,"{""ground_truth_anomaly"": true, ""anomaly_type"": ""UNUSUAL_TIME""}",False
TXN-20260820-002801,18,,3,2026-08-20 11:31:31,362.91,MERCHANT_PAYMENT,FAMILY_PASS,,6,Grocery,COMPLETED,,FamilyPass spending by Rumana Alam at Unimart Hypermarket,152876.91,152514.00,,,7690.93,7328.02,"{""owner_id"": 4, ""member_id"": 18, ""merchant"": ""Unimart Hypermarket"", ""ground_truth_anomaly"": false}",False
TXN-20260820-002802,11,,21,2026-08-20 14:34:12,1223.96,MERCHANT_PAYMENT,PURPOSE_FUND,40,,Restaurant/Food,COMPLETED,,Payment to Sultan's Dine Kacchi via Tanvir's Restaurant/Food Fund,7738.72,7738.72,1818.17,594.21,,,"{""merchant"": ""Sultan's Dine Kacchi"", ""fund"": ""Tanvir's Restaurant/Food Fund"", ""ground_truth_anomaly"": false}",False
TXN-ANOM-20260821-003123,14,,26,2026-08-21 01:23:00,2209.00,MERCHANT_PAYMENT,NORMAL_WALLET,,,Transport,COMPLETED,,Late night inter-district transport fare via Uber Bangladesh Mobility,27666.38,25457.38,,,,,"{""ground_truth_anomaly"": true, ""anomaly_type"": ""UNUSUAL_TIME""}",False
TXN-20260821-002803,13,11,,2026-08-21 20:04:46,1500.00,SEND_MONEY,NORMAL_WALLET,,,Transfer,COMPLETED,,Sent money to Tanvir Haque,11046.37,9546.37,,,,,"{""recipient_phone"": ""01710000011"", ""ground_truth_anomaly"": false}",False
TXN-20260821-002804,10,,14,2026-08-21 20:49:05,806.90,MERCHANT_PAYMENT,FAMILY_PASS,,1,Education,COMPLETED,,FamilyPass spending by Samiul Tariq at Scholastica School,99865.96,99059.06,,,806.90,0.00,"{""owner_id"": 1, ""member_id"": 10, ""merchant"": ""Scholastica School"", ""ground_truth_anomaly"": false}",False
TXN-ANOM-20260822-003167,22,,12,2026-08-22 15:32:00,14547.00,MERCHANT_PAYMENT,NORMAL_WALLET,,,Treatment,COMPLETED,,Emergency diagnostic package at Evercare Hospital Lab,459718.75,445171.75,,,,,"{""ground_truth_anomaly"": true, ""anomaly_type"": ""UNUSUAL_CATEGORY""}",True
TXN-20260822-002806,16,,,2026-08-22 17:23:39,300.00,MOBILE_RECHARGE,NORMAL_WALLET,,,Recharge,COMPLETED,,Mobile Recharge to 01710000016,20599.88,20299.88,,,,,"{""operator"": ""Grameenphone"", ""ground_truth_anomaly"": false}",False
TXN-20260822-002805,16,,3,2026-08-22 20:29:52,718.88,MERCHANT_PAYMENT,FAMILY_PASS,,2,Grocery,COMPLETED,,FamilyPass spending by Nasrin Rahman at Unimart Hypermarket,99059.06,98340.18,,,3383.04,2664.16,"{""owner_id"": 1, ""member_id"": 16, ""merchant"": ""Unimart Hypermarket"", ""ground_truth_anomaly"": false}",True
TXN-20260822-002807,13,,,2026-08-22 22:55:22,500.00,MOBILE_RECHARGE,NORMAL_WALLET,,,Recharge,COMPLETED,,Mobile Recharge to 01710000013,9546.37,9046.37,,,,,"{""operator"": ""Grameenphone"", ""ground_truth_anomaly"": false}",False
TXN-ANOM-20260823-003227,4,,13,2026-08-23 10:37:00,15094.00,MERCHANT_PAYMENT,NORMAL_WALLET,,,Treatment,COMPLETED,,Emergency diagnostic package at Popular Diagnostic Centre,184426.00,169332.00,,,,,"{""ground_truth_anomaly"": true, ""anomaly_type"": ""UNUSUAL_CATEGORY""}",True
TXN-20260823-002808,10,,25,2026-08-23 12:31:18,294.76,MERCHANT_PAYMENT,PURPOSE_FUND,38,,Transport,COMPLETED,,Payment to Shohoz Interdistrict Ride via Samiul's Transport Fund,11325.10,11325.10,4956.41,4661.65,,,"{""merchant"": ""Shohoz Interdistrict Ride"", ""fund"": ""Samiul's Transport Fund"", ""ground_truth_anomaly"": false}",False
TXN-20260823-002809,11,,21,2026-08-23 16:37:44,594.21,MERCHANT_PAYMENT,PURPOSE_FUND,40,,Restaurant/Food,COMPLETED,,Payment to Sultan's Dine Kacchi via Tanvir's Restaurant/Food Fund,9238.72,9238.72,594.21,0.00,,,"{""merchant"": ""Sultan's Dine Kacchi"", ""fund"": ""Tanvir's Restaurant/Food Fund"", ""ground_truth_anomaly"": false}",False
TXN-REJ-20260824-003280,16,,13,2026-08-24 14:17:00,1052.00,MERCHANT_PAYMENT,FAMILY_PASS,,2,Treatment,REJECTED,Category Restriction Mismatch: Merchant 'Popular Diagnostic Centre' category 'Treatment' is not allowed for this FamilyPass.,Attempted FamilyPass spending at Popular Diagnostic Centre,91000.58,91000.58,,,9000.00,9000.00,"{""ground_truth_anomaly"": false, ""policy_violation"": ""FAMILYPASS_CATEGORY_MISMATCH""}",False
TXN-ANOM-20260824-003223,1,,30,2026-08-24 18:26:00,13355.00,MERCHANT_PAYMENT,NORMAL_WALLET,,,Shopping,COMPLETED,,High value purchase at Aarong Lifestyle Retail,109755.58,96400.58,,,,,"{""ground_truth_anomaly"": true, ""anomaly_type"": ""LARGE_AMOUNT""}",True
TXN-20260824-002810,10,21,,2026-08-24 18:54:51,500.00,SEND_MONEY,NORMAL_WALLET,,,Transfer,COMPLETED,,Sent money to Tanzeem Morshed,11325.10,10825.10,,,,,"{""recipient_phone"": ""01710000021"", ""ground_truth_anomaly"": false}",False
TXN-20260824-002811,10,,27,2026-08-24 18:56:36,387.50,MERCHANT_PAYMENT,PURPOSE_FUND,38,,Transport,COMPLETED,,Payment to Pathao Transportation via Samiul's Transport Fund,10825.10,10825.10,4661.65,4274.15,,,"{""merchant"": ""Pathao Transportation"", ""fund"": ""Samiul's Transport Fund"", ""ground_truth_anomaly"": false}",False
TXN-ANOM-20260825-003210,19,,26,2026-08-25 03:30:00,2812.00,MERCHANT_PAYMENT,NORMAL_WALLET,,,Transport,COMPLETED,,Late night inter-district transport fare via Uber Bangladesh Mobility,26063.04,23251.04,,,,,"{""ground_truth_anomaly"": true, ""anomaly_type"": ""UNUSUAL_TIME""}",False
TXN-20260825-002812,13,,27,2026-08-25 19:04:24,255.50,MERCHANT_PAYMENT,PURPOSE_FUND,44,,Transport,COMPLETED,,Payment to Pathao Transportation via Nahian's Transport Fund,9046.37,9046.37,721.95,466.45,,,"{""merchant"": ""Pathao Transportation"", ""fund"": ""Nahian's Transport Fund"", ""ground_truth_anomaly"": false}",False
TXN-ANOM-20260826-003249,1,,25,2026-08-26 01:19:00,2125.00,MERCHANT_PAYMENT,NORMAL_WALLET,,,Transport,COMPLETED,,Late night inter-district transport fare via Shohoz Interdistrict Ride,96400.58,94275.58,,,,,"{""ground_truth_anomaly"": true, ""anomaly_type"": ""UNUSUAL_TIME""}",False
TXN-20260826-002813,13,,27,2026-08-26 20:30:14,148.01,MERCHANT_PAYMENT,PURPOSE_FUND,44,,Transport,COMPLETED,,Payment to Pathao Transportation via Nahian's Transport Fund,9046.37,9046.37,466.45,318.44,,,"{""merchant"": ""Pathao Transportation"", ""fund"": ""Nahian's Transport Fund"", ""ground_truth_anomaly"": false}",False
TXN-20260826-002814,10,,21,2026-08-26 22:59:05,565.01,MERCHANT_PAYMENT,NORMAL_WALLET,,,Restaurant/Food,COMPLETED,,Payment to Sultan's Dine Kacchi from Normal Wallet,10825.10,10260.09,,,,,"{""merchant"": ""Sultan's Dine Kacchi"", ""ground_truth_anomaly"": false}",False
TXN-ANOM-20260827-003218,23,,30,2026-08-27 15:56:00,10354.00,MERCHANT_PAYMENT,NORMAL_WALLET,,,Shopping,COMPLETED,,High value purchase at Aarong Lifestyle Retail,203825.73,193471.73,,,,,"{""ground_truth_anomaly"": true, ""anomaly_type"": ""LARGE_AMOUNT""}",True
TXN-20260827-002815,10,,27,2026-08-27 21:39:44,542.67,MERCHANT_PAYMENT,PURPOSE_FUND,38,,Transport,COMPLETED,,Payment to Pathao Transportation via Samiul's Transport Fund,10260.09,10260.09,4274.15,3731.48,,,"{""merchant"": ""Pathao Transportation"", ""fund"": ""Samiul's Transport Fund"", ""ground_truth_anomaly"": false}",False
TXN-20260828-002816,10,,,2026-08-28 11:51:56,2000.00,CASH_OUT,NORMAL_WALLET,,,Cash Out,COMPLETED,,Agent Cash Out Withdrawal,10260.09,8260.09,,,,,"{""agent_code"": ""AGT-7712"", ""ground_truth_anomaly"": false}",False
TXN-20260828-002818,16,,5,2026-08-28 15:26:09,479.84,MERCHANT_PAYMENT,FAMILY_PASS,,2,Grocery,COMPLETED,,FamilyPass spending by Nasrin Rahman at Chaldal Grocery Express,97756.82,97276.98,,,2080.80,1600.96,"{""owner_id"": 1, ""member_id"": 16, ""merchant"": ""Chaldal Grocery Express"", ""ground_truth_anomaly"": false}",False
TXN-ANOM-20260828-003173,6,,30,2026-08-28 15:57:00,11820.00,MERCHANT_PAYMENT,NORMAL_WALLET,,,Shopping,COMPLETED,,High value purchase at Aarong Lifestyle Retail,228105.37,216285.37,,,,,"{""ground_truth_anomaly"": true, ""anomaly_type"": ""LARGE_AMOUNT""}",True
TXN-20260828-002817,16,,1,2026-08-28 17:29:19,583.36,MERCHANT_PAYMENT,FAMILY_PASS,,2,Grocery,COMPLETED,,FamilyPass spending by Nasrin Rahman at Agora Super Shop,98340.18,97756.82,,,2664.16,2080.80,"{""owner_id"": 1, ""member_id"": 16, ""merchant"": ""Agora Super Shop"", ""ground_truth_anomaly"": false}",True
TXN-REJ-20260829-003277,17,,12,2026-08-29 12:59:00,1437.00,MERCHANT_PAYMENT,FAMILY_PASS,,4,Treatment,REJECTED,Category Restriction Mismatch: Merchant 'Evercare Hospital Lab' category 'Treatment' is not allowed for this FamilyPass.,Attempted FamilyPass spending at Evercare Hospital Lab,206213.36,206213.36,,,10000.00,10000.00,"{""ground_truth_anomaly"": false, ""policy_violation"": ""FAMILYPASS_CATEGORY_MISMATCH""}",False
TXN-20260829-002819,10,,25,2026-08-29 15:12:54,267.57,MERCHANT_PAYMENT,PURPOSE_FUND,38,,Transport,COMPLETED,,Payment to Shohoz Interdistrict Ride via Samiul's Transport Fund,8260.09,8260.09,3731.48,3463.91,,,"{""merchant"": ""Shohoz Interdistrict Ride"", ""fund"": ""Samiul's Transport Fund"", ""ground_truth_anomaly"": false}",False
TXN-ANOM-20260829-003160,19,,23,2026-08-29 21:22:00,2808.00,MERCHANT_PAYMENT,NORMAL_WALLET,,,Restaurant/Food,COMPLETED,,Large banquet charge at Kacchi Bhai Biryani,31646.04,28838.04,,,,,"{""ground_truth_anomaly"": true, ""anomaly_type"": ""SPENDING_BURST""}",True
TXN-20260830-002820,13,,,2026-08-30 10:26:09,2000.00,CASH_OUT,NORMAL_WALLET,,,Cash Out,COMPLETED,,Agent Cash Out Withdrawal,9046.37,7046.37,,,,,"{""agent_code"": ""AGT-7712"", ""ground_truth_anomaly"": false}",False
TXN-ANOM-20260830-003152,17,,21,2026-08-30 21:14:00,2560.00,MERCHANT_PAYMENT,NORMAL_WALLET,,,Restaurant/Food,COMPLETED,,Large banquet charge at Sultan's Dine Kacchi,41979.73,39419.73,,,,,"{""ground_truth_anomaly"": true, ""anomaly_type"": ""SPENDING_BURST""}",True
TXN-ANOM-20260831-003114,8,,11,2026-08-31 12:16:00,14346.00,MERCHANT_PAYMENT,NORMAL_WALLET,,,Treatment,COMPLETED,,Emergency diagnostic package at Square Hospital Diagnostic,247973.39,233627.39,,,,,"{""ground_truth_anomaly"": true, ""anomaly_type"": ""UNUSUAL_CATEGORY""}",True
TXN-20260831-002821,10,,25,2026-08-31 15:51:55,179.56,MERCHANT_PAYMENT,PURPOSE_FUND,38,,Transport,COMPLETED,,Payment to Shohoz Interdistrict Ride via Samiul's Transport Fund,8260.09,8260.09,3463.91,3284.35,,,"{""merchant"": ""Shohoz Interdistrict Ride"", ""fund"": ""Samiul's Transport Fund"", ""ground_truth_anomaly"": false}",False
TXN-REJ-20260831-003283,17,,6,2026-08-31 16:59:00,11760.00,MERCHANT_PAYMENT,FAMILY_PASS,,4,Grocery,REJECTED,"FamilyPass spending limit exceeded. Remaining allowance: ৳10,000.00, requested: ৳11,760.00",Attempted FamilyPass spending exceeding allowance,206213.36,206213.36,,,10000.00,10000.00,"{""ground_truth_anomaly"": false, ""policy_violation"": ""FAMILYPASS_LIMIT_EXCEEDED""}",False
TXN-20260831-002822,13,,26,2026-08-31 17:30:48,318.44,MERCHANT_PAYMENT,PURPOSE_FUND,44,,Transport,COMPLETED,,Payment to Uber Bangladesh Mobility via Nahian's Transport Fund,7046.37,7046.37,318.44,0.00,,,"{""merchant"": ""Uber Bangladesh Mobility"", ""fund"": ""Nahian's Transport Fund"", ""ground_truth_anomaly"": false}",False
TXN-20260901-002889,17,17,,2026-09-01 09:00:00,21969.10,CASH_IN,NORMAL_WALLET,,,Deposit,COMPLETED,,Monthly Salary / Bank Add Money,28705.36,50674.46,,,,,"{""source"": ""Bank Deposit"", ""ground_truth_anomaly"": false}",False
TXN-20260901-002828,2,2,,2026-09-01 09:09:00,95483.73,CASH_IN,NORMAL_WALLET,,,Deposit,COMPLETED,,Monthly Salary / Bank Add Money,177447.86,272931.59,,,,,"{""source"": ""Bank Deposit"", ""ground_truth_anomaly"": false}",False
TXN-20260901-002913,23,23,,2026-09-01 09:10:00,65317.76,CASH_IN,NORMAL_WALLET,,,Deposit,COMPLETED,,Monthly Salary / Bank Add Money,160072.67,225390.43,,,,,"{""source"": ""Bank Deposit"", ""ground_truth_anomaly"": false}",False
TXN-20260901-002863,9,9,,2026-09-01 09:11:00,91917.88,CASH_IN,NORMAL_WALLET,,,Deposit,COMPLETED,,Monthly Salary / Bank Add Money,213058.22,304976.10,,,,,"{""source"": ""Bank Deposit"", ""ground_truth_anomaly"": false}",False
TXN-20260901-002908,22,22,,2026-09-01 09:11:00,169424.34,CASH_IN,NORMAL_WALLET,,,Deposit,COMPLETED,,Monthly Salary / Bank Add Money,339362.04,508786.38,,,,,"{""source"": ""Bank Deposit"", ""ground_truth_anomaly"": false}",False
TXN-20260901-002831,2,,,2026-09-01 09:14:00,5000.00,FUND_ALLOCATION,NORMAL_WALLET,7,,Electricity,COMPLETED,,Allocated ৳5000.00 to Anisul's Electricity Fund,227931.59,222931.59,655.00,5655.00,,,"{""fund_name"": ""Anisul's Electricity Fund"", ""ground_truth_anomaly"": false}",False
TXN-20260901-002829,2,,,2026-09-01 09:15:00,20000.00,FUND_ALLOCATION,NORMAL_WALLET,5,,Grocery,COMPLETED,,Allocated ৳20000.00 to Anisul's Grocery Fund,272931.59,252931.59,92119.03,112119.03,,,"{""fund_name"": ""Anisul's Grocery Fund"", ""ground_truth_anomaly"": false}",False
TXN-20260901-002890,17,,,2026-09-01 09:16:00,9000.00,FUND_ALLOCATION,NORMAL_WALLET,51,,Grocery,COMPLETED,,Allocated ৳9000.00 to Farzana's Grocery Fund,50674.46,41674.46,32737.98,41737.98,,,"{""fund_name"": ""Farzana's Grocery Fund"", ""ground_truth_anomaly"": false}",False
TXN-20260901-002909,22,,,2026-09-01 09:16:00,25000.00,FUND_ALLOCATION,NORMAL_WALLET,65,,Grocery,COMPLETED,,Allocated ৳25000.00 to Nafis's Grocery Fund,508786.38,483786.38,118468.03,143468.03,,,"{""fund_name"": ""Nafis's Grocery Fund"", ""ground_truth_anomaly"": false}",False
TXN-20260901-002865,9,,,2026-09-01 09:19:00,22000.00,FUND_ALLOCATION,NORMAL_WALLET,34,,Rent,COMPLETED,,Allocated ৳22000.00 to Shahidul's Rent Fund,285976.10,263976.10,18752.36,40752.36,,,"{""fund_name"": ""Shahidul's Rent Fund"", ""ground_truth_anomaly"": false}",False
TXN-20260901-002866,9,,,2026-09-01 09:19:00,4000.00,FUND_ALLOCATION,NORMAL_WALLET,35,,Electricity,COMPLETED,,Allocated ৳4000.00 to Shahidul's Electricity Fund,263976.10,259976.10,3240.77,7240.77,,,"{""fund_name"": ""Shahidul's Electricity Fund"", ""ground_truth_anomaly"": false}",False
TXN-20260901-002867,9,,,2026-09-01 09:19:00,6000.00,FUND_ALLOCATION,NORMAL_WALLET,36,,Medicine,COMPLETED,,Allocated ৳6000.00 to Shahidul's Medicine Fund,259976.10,253976.10,21819.86,27819.86,,,"{""fund_name"": ""Shahidul's Medicine Fund"", ""ground_truth_anomaly"": false}",False
TXN-20260901-002891,17,,,2026-09-01 09:19:00,4500.00,FUND_ALLOCATION,NORMAL_WALLET,52,,Medicine,COMPLETED,,Allocated ৳4500.00 to Farzana's Medicine Fund,41674.46,37174.46,15281.74,19781.74,,,"{""fund_name"": ""Farzana's Medicine Fund"", ""ground_truth_anomaly"": false}",False
TXN-20260901-002903,21,21,,2026-09-01 09:19:00,214793.06,CASH_IN,NORMAL_WALLET,,,Deposit,COMPLETED,,Monthly Salary / Bank Add Money,499589.50,714382.56,,,,,"{""source"": ""Bank Deposit"", ""ground_truth_anomaly"": false}",False
TXN-20260901-002883,15,15,,2026-09-01 09:26:00,10724.21,CASH_IN,NORMAL_WALLET,,,Deposit,COMPLETED,,Monthly Salary / Bank Add Money,16485.02,27209.23,,,,,"{""source"": ""Bank Deposit"", ""ground_truth_anomaly"": false}",False
TXN-20260901-002907,21,,,2026-09-01 09:29:00,22000.00,FUND_ALLOCATION,NORMAL_WALLET,64,,Shopping,COMPLETED,,Allocated ৳22000.00 to Tanzeem's Shopping Fund,619382.56,597382.56,86895.93,108895.93,,,"{""fund_name"": ""Tanzeem's Shopping Fund"", ""ground_truth_anomaly"": false}",False
TXN-20260901-002916,23,,,2026-09-01 09:29:00,6000.00,FUND_ALLOCATION,NORMAL_WALLET,71,,Transport,COMPLETED,,Allocated ৳6000.00 to Shafiqul's Transport Fund,199390.43,193390.43,23955.35,29955.35,,,"{""fund_name"": ""Shafiqul's Transport Fund"", ""ground_truth_anomaly"": false}",False
TXN-20260901-002910,22,,,2026-09-01 09:30:00,20000.00,FUND_ALLOCATION,NORMAL_WALLET,66,,Treatment,COMPLETED,,Allocated ৳20000.00 to Nafis's Treatment Fund,483786.38,463786.38,62320.58,82320.58,,,"{""fund_name"": ""Nafis's Treatment Fund"", ""ground_truth_anomaly"": false}",False
TXN-20260901-002880,14,14,,2026-09-01 09:31:00,14167.80,CASH_IN,NORMAL_WALLET,,,Deposit,COMPLETED,,Monthly Salary / Bank Add Money,26844.31,41012.11,,,,,"{""source"": ""Bank Deposit"", ""ground_truth_anomaly"": false}",False
TXN-20260901-002906,21,,,2026-09-01 09:32:00,18000.00,FUND_ALLOCATION,NORMAL_WALLET,63,,Restaurant/Food,COMPLETED,,Allocated ৳18000.00 to Tanzeem's Restaurant/Food Fund,637382.56,619382.56,77614.91,95614.91,,,"{""fund_name"": ""Tanzeem's Restaurant/Food Fund"", ""ground_truth_anomaly"": false}",False
TXN-20260901-002830,2,,,2026-09-01 09:33:00,25000.00,FUND_ALLOCATION,NORMAL_WALLET,6,,Rent,COMPLETED,,Allocated ৳25000.00 to Anisul's Rent Fund,252931.59,227931.59,33578.04,58578.04,,,"{""fund_name"": ""Anisul's Rent Fund"", ""ground_truth_anomaly"": false}",False
TXN-20260901-002832,2,,,2026-09-01 09:33:00,5000.00,FUND_ALLOCATION,NORMAL_WALLET,8,,Medicine,COMPLETED,,Allocated ৳5000.00 to Anisul's Medicine Fund,222931.59,217931.59,17862.79,22862.79,,,"{""fund_name"": ""Anisul's Medicine Fund"", ""ground_truth_anomaly"": false}",False
TXN-20260901-002884,15,,,2026-09-01 09:33:00,4500.00,FUND_ALLOCATION,NORMAL_WALLET,47,,Education,COMPLETED,,Allocated ৳4500.00 to Zubair's Education Fund,27209.23,22709.23,0.00,4500.00,,,"{""fund_name"": ""Zubair's Education Fund"", ""ground_truth_anomaly"": false}",False
TXN-20260901-002895,19,19,,2026-09-01 09:33:00,27320.37,CASH_IN,NORMAL_WALLET,,,Deposit,COMPLETED,,Monthly Salary / Bank Add Money,48872.57,76192.94,,,,,"{""source"": ""Bank Deposit"", ""ground_truth_anomaly"": false}",False
TXN-20260901-002864,9,,,2026-09-01 09:34:00,19000.00,FUND_ALLOCATION,NORMAL_WALLET,33,,Grocery,COMPLETED,,Allocated ৳19000.00 to Shahidul's Grocery Fund,304976.10,285976.10,85986.70,104986.70,,,"{""fund_name"": ""Shahidul's Grocery Fund"", ""ground_truth_anomaly"": false}",False
TXN-20260901-002915,23,,,2026-09-01 09:36:00,14000.00,FUND_ALLOCATION,NORMAL_WALLET,70,,Shopping,COMPLETED,,Allocated ৳14000.00 to Shafiqul's Shopping Fund,213390.43,199390.43,30999.61,44999.61,,,"{""fund_name"": ""Shafiqul's Shopping Fund"", ""ground_truth_anomaly"": false}",False
TXN-20260901-002905,21,,,2026-09-01 09:37:00,45000.00,FUND_ALLOCATION,NORMAL_WALLET,62,,Rent,COMPLETED,,Allocated ৳45000.00 to Tanzeem's Rent Fund,682382.56,637382.56,105489.60,150489.60,,,"{""fund_name"": ""Tanzeem's Rent Fund"", ""ground_truth_anomaly"": false}",False
TXN-20260901-002911,22,,,2026-09-01 09:39:00,22000.00,FUND_ALLOCATION,NORMAL_WALLET,67,,Education,COMPLETED,,Allocated ৳22000.00 to Nafis's Education Fund,463786.38,441786.38,59601.75,81601.75,,,"{""fund_name"": ""Nafis's Education Fund"", ""ground_truth_anomaly"": false}",False
TXN-20260901-002914,23,,,2026-09-01 09:39:00,12000.00,FUND_ALLOCATION,NORMAL_WALLET,69,,Restaurant/Food,COMPLETED,,Allocated ৳12000.00 to Shafiqul's Restaurant/Food Fund,225390.43,213390.43,46541.80,58541.80,,,"{""fund_name"": ""Shafiqul's Restaurant/Food Fund"", ""ground_truth_anomaly"": false}",False
TXN-20260901-002896,19,,,2026-09-01 09:40:00,12000.00,FUND_ALLOCATION,NORMAL_WALLET,55,,Grocery,COMPLETED,,Allocated ৳12000.00 to Sadia's Grocery Fund,76192.94,64192.94,43615.99,55615.99,,,"{""fund_name"": ""Sadia's Grocery Fund"", ""ground_truth_anomaly"": false}",False
TXN-20260901-002912,22,,,2026-09-01 09:41:00,15000.00,FUND_ALLOCATION,NORMAL_WALLET,68,,Shopping,COMPLETED,,Allocated ৳15000.00 to Nafis's Shopping Fund,441786.38,426786.38,54301.09,69301.09,,,"{""fund_name"": ""Nafis's Shopping Fund"", ""ground_truth_anomaly"": false}",False
TXN-20260901-002881,14,,,2026-09-01 09:45:00,5000.00,FUND_ALLOCATION,NORMAL_WALLET,45,,Restaurant/Food,COMPLETED,,Allocated ৳5000.00 to Sakib's Restaurant/Food Fund,41012.11,36012.11,4579.25,9579.25,,,"{""fund_name"": ""Sakib's Restaurant/Food Fund"", ""ground_truth_anomaly"": false}",False
TXN-20260901-002885,15,,,2026-09-01 09:46:00,2500.00,FUND_ALLOCATION,NORMAL_WALLET,48,,Transport,COMPLETED,,Allocated ৳2500.00 to Zubair's Transport Fund,22709.23,20209.23,6886.90,9386.90,,,"{""fund_name"": ""Zubair's Transport Fund"", ""ground_truth_anomaly"": false}",False
TXN-20260901-002904,21,,,2026-09-01 09:47:00,32000.00,FUND_ALLOCATION,NORMAL_WALLET,61,,Grocery,COMPLETED,,Allocated ৳32000.00 to Tanzeem's Grocery Fund,714382.56,682382.56,153753.95,185753.95,,,"{""fund_name"": ""Tanzeem's Grocery Fund"", ""ground_truth_anomaly"": false}",False
TXN-20260901-002921,25,25,,2026-09-01 09:54:00,70796.06,CASH_IN,NORMAL_WALLET,,,Deposit,COMPLETED,,Monthly Salary / Bank Add Money,164626.38,235422.44,,,,,"{""source"": ""Bank Deposit"", ""ground_truth_anomaly"": false}",False
TXN-20260901-002882,14,,,2026-09-01 09:56:00,4000.00,FUND_ALLOCATION,NORMAL_WALLET,46,,Shopping,COMPLETED,,Allocated ৳4000.00 to Sakib's Shopping Fund,36012.11,32012.11,1553.36,5553.36,,,"{""fund_name"": ""Sakib's Shopping Fund"", ""ground_truth_anomaly"": false}",False
TXN-20260901-002897,19,,,2026-09-01 09:59:00,5000.00,FUND_ALLOCATION,NORMAL_WALLET,56,,Medicine,COMPLETED,,Allocated ৳5000.00 to Sadia's Medicine Fund,64192.94,59192.94,17252.39,22252.39,,,"{""fund_name"": ""Sadia's Medicine Fund"", ""ground_truth_anomaly"": false}",False
TXN-20260901-002923,25,,,2026-09-01 09:59:00,15000.00,FUND_ALLOCATION,NORMAL_WALLET,76,,Shopping,COMPLETED,,Allocated ৳15000.00 to Arif's Shopping Fund,222422.44,207422.44,48078.04,63078.04,,,"{""fund_name"": ""Arif's Shopping Fund"", ""ground_truth_anomaly"": false}",False
TXN-20260901-002848,6,6,,2026-09-01 10:03:00,90004.17,CASH_IN,NORMAL_WALLET,,,Deposit,COMPLETED,,Monthly Salary / Bank Add Money,199445.20,289449.37,,,,,"{""source"": ""Bank Deposit"", ""ground_truth_anomaly"": false}",False
TXN-20260901-002858,8,8,,2026-09-01 10:03:00,105120.12,CASH_IN,NORMAL_WALLET,,,Deposit,COMPLETED,,Monthly Salary / Bank Add Money,190539.72,295659.84,,,,,"{""source"": ""Bank Deposit"", ""ground_truth_anomaly"": false}",False
TXN-20260901-002843,5,5,,2026-09-01 10:05:00,71179.73,CASH_IN,NORMAL_WALLET,,,Deposit,COMPLETED,,Monthly Salary / Bank Add Money,91102.13,162281.86,,,,,"{""source"": ""Bank Deposit"", ""ground_truth_anomaly"": false}",False
TXN-20260901-002862,8,,,2026-09-01 10:08:00,10000.00,FUND_ALLOCATION,NORMAL_WALLET,32,,Treatment,COMPLETED,,Allocated ৳10000.00 to Saifur's Treatment Fund,252159.84,242159.84,13863.40,23863.40,,,"{""fund_name"": ""Saifur's Treatment Fund"", ""ground_truth_anomaly"": false}",False
TXN-20260901-002922,25,,,2026-09-01 10:10:00,13000.00,FUND_ALLOCATION,NORMAL_WALLET,75,,Restaurant/Food,COMPLETED,,Allocated ৳13000.00 to Arif's Restaurant/Food Fund,235422.44,222422.44,47196.56,60196.56,,,"{""fund_name"": ""Arif's Restaurant/Food Fund"", ""ground_truth_anomaly"": false}",False
TXN-20260901-002924,25,,,2026-09-01 10:10:00,10000.00,FUND_ALLOCATION,NORMAL_WALLET,77,,Grocery,COMPLETED,,Allocated ৳10000.00 to Arif's Grocery Fund,207422.44,197422.44,28257.77,38257.77,,,"{""fund_name"": ""Arif's Grocery Fund"", ""ground_truth_anomaly"": false}",False
TXN-20260901-002844,5,,,2026-09-01 10:12:00,15000.00,FUND_ALLOCATION,NORMAL_WALLET,17,,Grocery,COMPLETED,,Allocated ৳15000.00 to Kamrul's Grocery Fund,162281.86,147281.86,57856.62,72856.62,,,"{""fund_name"": ""Kamrul's Grocery Fund"", ""ground_truth_anomaly"": false}",False
TXN-20260901-002861,8,,,2026-09-01 10:15:00,5500.00,FUND_ALLOCATION,NORMAL_WALLET,31,,Electricity,COMPLETED,,Allocated ৳5500.00 to Saifur's Electricity Fund,257659.84,252159.84,3733.52,9233.52,,,"{""fund_name"": ""Saifur's Electricity Fund"", ""ground_truth_anomaly"": false}",False
TXN-20260901-002847,5,,,2026-09-01 10:16:00,10000.00,FUND_ALLOCATION,NORMAL_WALLET,20,,Education,COMPLETED,,Allocated ৳10000.00 to Kamrul's Education Fund,137081.86,127081.86,10000.00,20000.00,,,"{""fund_name"": ""Kamrul's Education Fund"", ""ground_truth_anomaly"": false}",False
TXN-20260901-002846,5,,,2026-09-01 10:17:00,6000.00,FUND_ALLOCATION,NORMAL_WALLET,19,,Medicine,COMPLETED,,Allocated ৳6000.00 to Kamrul's Medicine Fund,143081.86,137081.86,22943.97,28943.97,,,"{""fund_name"": ""Kamrul's Medicine Fund"", ""ground_truth_anomaly"": false}",False
TXN-20260901-002845,5,,,2026-09-01 10:19:00,4200.00,FUND_ALLOCATION,NORMAL_WALLET,18,,Electricity,COMPLETED,,Allocated ৳4200.00 to Kamrul's Electricity Fund,147281.86,143081.86,3243.98,7443.98,,,"{""fund_name"": ""Kamrul's Electricity Fund"", ""ground_truth_anomaly"": false}",False
TXN-20260901-002860,8,,,2026-09-01 10:22:00,18000.00,FUND_ALLOCATION,NORMAL_WALLET,30,,Education,COMPLETED,,Allocated ৳18000.00 to Saifur's Education Fund,275659.84,257659.84,10957.04,28957.04,,,"{""fund_name"": ""Saifur's Education Fund"", ""ground_truth_anomaly"": false}",False
TXN-20260901-002852,6,,,2026-09-01 10:24:00,6000.00,FUND_ALLOCATION,NORMAL_WALLET,24,,Shopping,COMPLETED,,Allocated ৳6000.00 to Zahid's Shopping Fund,242949.37,236949.37,9381.70,15381.70,,,"{""fund_name"": ""Zahid's Shopping Fund"", ""ground_truth_anomaly"": false}",False
TXN-20260901-002849,6,,,2026-09-01 10:25:00,18000.00,FUND_ALLOCATION,NORMAL_WALLET,21,,Grocery,COMPLETED,,Allocated ৳18000.00 to Zahid's Grocery Fund,289449.37,271449.37,80123.34,98123.34,,,"{""fund_name"": ""Zahid's Grocery Fund"", ""ground_truth_anomaly"": false}",False
TXN-20260901-002917,24,24,,2026-09-01 10:25:00,56117.24,CASH_IN,NORMAL_WALLET,,,Deposit,COMPLETED,,Monthly Salary / Bank Add Money,148587.34,204704.58,,,,,"{""source"": ""Bank Deposit"", ""ground_truth_anomaly"": false}",False
TXN-20260901-002871,11,11,,2026-09-01 10:26:00,10017.74,CASH_IN,NORMAL_WALLET,,,Deposit,COMPLETED,,Monthly Salary / Bank Add Money,9238.72,19256.46,,,,,"{""source"": ""Bank Deposit"", ""ground_truth_anomaly"": false}",False
TXN-20260901-002851,6,,,2026-09-01 10:28:00,4500.00,FUND_ALLOCATION,NORMAL_WALLET,23,,Electricity,COMPLETED,,Allocated ৳4500.00 to Zahid's Electricity Fund,247449.37,242949.37,1225.02,5725.02,,,"{""fund_name"": ""Zahid's Electricity Fund"", ""ground_truth_anomaly"": false}",False
TXN-20260901-002850,6,,,2026-09-01 10:30:00,24000.00,FUND_ALLOCATION,NORMAL_WALLET,22,,Rent,COMPLETED,,Allocated ৳24000.00 to Zahid's Rent Fund,271449.37,247449.37,31597.86,55597.86,,,"{""fund_name"": ""Zahid's Rent Fund"", ""ground_truth_anomaly"": false}",False
TXN-20260901-002859,8,,,2026-09-01 10:30:00,20000.00,FUND_ALLOCATION,NORMAL_WALLET,29,,Grocery,COMPLETED,,Allocated ৳20000.00 to Saifur's Grocery Fund,295659.84,275659.84,87956.27,107956.27,,,"{""fund_name"": ""Saifur's Grocery Fund"", ""ground_truth_anomaly"": false}",False
TXN-20260901-002874,12,12,,2026-09-01 10:32:00,10758.24,CASH_IN,NORMAL_WALLET,,,Deposit,COMPLETED,,Monthly Salary / Bank Add Money,20492.73,31250.97,,,,,"{""source"": ""Bank Deposit"", ""ground_truth_anomaly"": false}",False
TXN-20260901-002919,24,,,2026-09-01 10:37:00,11000.00,FUND_ALLOCATION,NORMAL_WALLET,73,,Shopping,COMPLETED,,Allocated ৳11000.00 to Emon's Shopping Fund,194704.58,183704.58,27049.55,38049.55,,,"{""fund_name"": ""Emon's Shopping Fund"", ""ground_truth_anomaly"": false}",False
TXN-20260901-002873,11,,,2026-09-01 10:44:00,3000.00,FUND_ALLOCATION,NORMAL_WALLET,40,,Restaurant/Food,COMPLETED,,Allocated ৳3000.00 to Tanvir's Restaurant/Food Fund,15256.46,12256.46,0.00,3000.00,,,"{""fund_name"": ""Tanvir's Restaurant/Food Fund"", ""ground_truth_anomaly"": false}",False
TXN-20260901-002868,10,10,,2026-09-01 10:45:00,11870.82,CASH_IN,NORMAL_WALLET,,,Deposit,COMPLETED,,Monthly Salary / Bank Add Money,8260.09,20130.91,,,,,"{""source"": ""Bank Deposit"", ""ground_truth_anomaly"": false}",False
TXN-20260901-002872,11,,,2026-09-01 10:49:00,4000.00,FUND_ALLOCATION,NORMAL_WALLET,39,,Education,COMPLETED,,Allocated ৳4000.00 to Tanvir's Education Fund,19256.46,15256.46,0.00,4000.00,,,"{""fund_name"": ""Tanvir's Education Fund"", ""ground_truth_anomaly"": false}",False
TXN-20260901-002920,24,,,2026-09-01 10:50:00,5000.00,FUND_ALLOCATION,NORMAL_WALLET,74,,Transport,COMPLETED,,Allocated ৳5000.00 to Emon's Transport Fund,183704.58,178704.58,19931.67,24931.67,,,"{""fund_name"": ""Emon's Transport Fund"", ""ground_truth_anomaly"": false}",False
TXN-20260901-002918,24,,,2026-09-01 10:52:00,10000.00,FUND_ALLOCATION,NORMAL_WALLET,72,,Restaurant/Food,COMPLETED,,Allocated ৳10000.00 to Emon's Restaurant/Food Fund,204704.58,194704.58,28509.61,38509.61,,,"{""fund_name"": ""Emon's Restaurant/Food Fund"", ""ground_truth_anomaly"": false}",False
TXN-20260901-002875,12,,,2026-09-01 10:57:00,4500.00,FUND_ALLOCATION,NORMAL_WALLET,41,,Education,COMPLETED,,Allocated ৳4500.00 to Rafid's Education Fund,31250.97,26750.97,4500.00,9000.00,,,"{""fund_name"": ""Rafid's Education Fund"", ""ground_truth_anomaly"": false}",False
TXN-20260901-002876,12,,,2026-09-01 10:59:00,2500.00,FUND_ALLOCATION,NORMAL_WALLET,42,,Transport,COMPLETED,,Allocated ৳2500.00 to Rafid's Transport Fund,26750.97,24250.97,4985.30,7485.30,,,"{""fund_name"": ""Rafid's Transport Fund"", ""ground_truth_anomaly"": false}",False
TXN-20260901-002892,18,18,,2026-09-01 11:00:00,25104.90,CASH_IN,NORMAL_WALLET,,,Deposit,COMPLETED,,Monthly Salary / Bank Add Money,37060.85,62165.75,,,,,"{""source"": ""Bank Deposit"", ""ground_truth_anomaly"": false}",False
TXN-20260901-002898,20,20,,2026-09-01 11:03:00,185698.72,CASH_IN,NORMAL_WALLET,,,Deposit,COMPLETED,,Monthly Salary / Bank Add Money,398602.05,584300.77,,,,,"{""source"": ""Bank Deposit"", ""ground_truth_anomaly"": false}",False
TXN-20260901-002877,13,13,,2026-09-01 11:05:00,8919.37,CASH_IN,NORMAL_WALLET,,,Deposit,COMPLETED,,Monthly Salary / Bank Add Money,7046.37,15965.74,,,,,"{""source"": ""Bank Deposit"", ""ground_truth_anomaly"": false}",False
TXN-20260901-002869,10,,,2026-09-01 11:07:00,5000.00,FUND_ALLOCATION,NORMAL_WALLET,37,,Education,COMPLETED,,Allocated ৳5000.00 to Samiul's Education Fund,20130.91,15130.91,0.00,5000.00,,,"{""fund_name"": ""Samiul's Education Fund"", ""ground_truth_anomaly"": false}",False
TXN-20260901-002870,10,,,2026-09-01 11:09:00,3000.00,FUND_ALLOCATION,NORMAL_WALLET,38,,Transport,COMPLETED,,Allocated ৳3000.00 to Samiul's Transport Fund,15130.91,12130.91,3284.35,6284.35,,,"{""fund_name"": ""Samiul's Transport Fund"", ""ground_truth_anomaly"": false}",False
TXN-20260901-002894,18,,,2026-09-01 11:12:00,5000.00,FUND_ALLOCATION,NORMAL_WALLET,54,,Shopping,COMPLETED,,Allocated ৳5000.00 to Rumana's Shopping Fund,52165.75,47165.75,3584.13,8584.13,,,"{""fund_name"": ""Rumana's Shopping Fund"", ""ground_truth_anomaly"": false}",False
TXN-20260901-002899,20,,,2026-09-01 11:13:00,28000.00,FUND_ALLOCATION,NORMAL_WALLET,57,,Grocery,COMPLETED,,Allocated ৳28000.00 to Asif's Grocery Fund,584300.77,556300.77,128992.20,156992.20,,,"{""fund_name"": ""Asif's Grocery Fund"", ""ground_truth_anomaly"": false}",False
TXN-20260901-002886,16,16,,2026-09-01 11:14:00,19884.60,CASH_IN,NORMAL_WALLET,,,Deposit,COMPLETED,,Monthly Salary / Bank Add Money,20299.88,40184.48,,,,,"{""source"": ""Bank Deposit"", ""ground_truth_anomaly"": false}",False
TXN-20260901-002853,7,7,,2026-09-01 11:19:00,69491.37,CASH_IN,NORMAL_WALLET,,,Deposit,COMPLETED,,Monthly Salary / Bank Add Money,119463.55,188954.92,,,,,"{""source"": ""Bank Deposit"", ""ground_truth_anomaly"": false}",False
TXN-20260901-002833,3,3,,2026-09-01 11:21:00,76673.85,CASH_IN,NORMAL_WALLET,,,Deposit,COMPLETED,,Monthly Salary / Bank Add Money,103795.79,180469.64,,,,,"{""source"": ""Bank Deposit"", ""ground_truth_anomaly"": false}",False
TXN-20260901-002902,20,,,2026-09-01 11:22:00,15000.00,FUND_ALLOCATION,NORMAL_WALLET,60,,Treatment,COMPLETED,,Allocated ৳15000.00 to Asif's Treatment Fund,496300.77,481300.77,41312.03,56312.03,,,"{""fund_name"": ""Asif's Treatment Fund"", ""ground_truth_anomaly"": false}",False
TXN-20260901-002879,13,,,2026-09-01 11:24:00,2000.00,FUND_ALLOCATION,NORMAL_WALLET,44,,Transport,COMPLETED,,Allocated ৳2000.00 to Nahian's Transport Fund,11965.74,9965.74,0.00,2000.00,,,"{""fund_name"": ""Nahian's Transport Fund"", ""ground_truth_anomaly"": false}",False
TXN-20260901-002901,20,,,2026-09-01 11:24:00,20000.00,FUND_ALLOCATION,NORMAL_WALLET,59,,Shopping,COMPLETED,,Allocated ৳20000.00 to Asif's Shopping Fund,516300.77,496300.77,78636.69,98636.69,,,"{""fund_name"": ""Asif's Shopping Fund"", ""ground_truth_anomaly"": false}",False
TXN-20260901-002887,16,,,2026-09-01 11:25:00,8000.00,FUND_ALLOCATION,NORMAL_WALLET,49,,Grocery,COMPLETED,,Allocated ৳8000.00 to Nasrin's Grocery Fund,40184.48,32184.48,30801.18,38801.18,,,"{""fund_name"": ""Nasrin's Grocery Fund"", ""ground_truth_anomaly"": false}",False
TXN-20260901-002838,4,4,,2026-09-01 11:26:00,112804.34,CASH_IN,NORMAL_WALLET,,,Deposit,COMPLETED,,Monthly Salary / Bank Add Money,152514.00,265318.34,,,,,"{""source"": ""Bank Deposit"", ""ground_truth_anomaly"": false}",False
TXN-20260901-002834,3,,,2026-09-01 11:27:00,16000.00,FUND_ALLOCATION,NORMAL_WALLET,9,,Grocery,COMPLETED,,Allocated ৳16000.00 to Farhan's Grocery Fund,180469.64,164469.64,66764.05,82764.05,,,"{""fund_name"": ""Farhan's Grocery Fund"", ""ground_truth_anomaly"": false}",False
TXN-20260901-002888,16,,,2026-09-01 11:27:00,4000.00,FUND_ALLOCATION,NORMAL_WALLET,50,,Medicine,COMPLETED,,Allocated ৳4000.00 to Nasrin's Medicine Fund,32184.48,28184.48,14980.57,18980.57,,,"{""fund_name"": ""Nasrin's Medicine Fund"", ""ground_truth_anomaly"": false}",False
TXN-20260901-002893,18,,,2026-09-01 11:27:00,10000.00,FUND_ALLOCATION,NORMAL_WALLET,53,,Grocery,COMPLETED,,Allocated ৳10000.00 to Rumana's Grocery Fund,62165.75,52165.75,36258.82,46258.82,,,"{""fund_name"": ""Rumana's Grocery Fund"", ""ground_truth_anomaly"": false}",False
TXN-20260901-002900,20,,,2026-09-01 11:28:00,40000.00,FUND_ALLOCATION,NORMAL_WALLET,58,,Rent,COMPLETED,,Allocated ৳40000.00 to Asif's Rent Fund,556300.77,516300.77,91737.90,131737.90,,,"{""fund_name"": ""Asif's Rent Fund"", ""ground_truth_anomaly"": false}",False
TXN-20260901-002835,3,,,2026-09-01 11:30:00,14000.00,FUND_ALLOCATION,NORMAL_WALLET,10,,Education,COMPLETED,,Allocated ৳14000.00 to Farhan's Education Fund,164469.64,150469.64,20833.08,34833.08,,,"{""fund_name"": ""Farhan's Education Fund"", ""ground_truth_anomaly"": false}",False
TXN-20260901-002854,7,,,2026-09-01 11:30:00,15000.00,FUND_ALLOCATION,NORMAL_WALLET,25,,Grocery,COMPLETED,,Allocated ৳15000.00 to Delwar's Grocery Fund,188954.92,173954.92,62668.82,77668.82,,,"{""fund_name"": ""Delwar's Grocery Fund"", ""ground_truth_anomaly"": false}",False
TXN-20260901-002857,7,,,2026-09-01 11:30:00,4000.00,FUND_ALLOCATION,NORMAL_WALLET,28,,Transport,COMPLETED,,Allocated ৳4000.00 to Delwar's Transport Fund,165154.92,161154.92,15519.51,19519.51,,,"{""fund_name"": ""Delwar's Transport Fund"", ""ground_truth_anomaly"": false}",False
TXN-20260901-002878,13,,,2026-09-01 11:34:00,4000.00,FUND_ALLOCATION,NORMAL_WALLET,43,,Education,COMPLETED,,Allocated ৳4000.00 to Nahian's Education Fund,15965.74,11965.74,0.00,4000.00,,,"{""fund_name"": ""Nahian's Education Fund"", ""ground_truth_anomaly"": false}",False
TXN-20260901-002842,4,,,2026-09-01 11:35:00,8000.00,FUND_ALLOCATION,NORMAL_WALLET,16,,Medicine,COMPLETED,,Allocated ৳8000.00 to Mahbub's Medicine Fund,197318.34,189318.34,34722.02,42722.02,,,"{""fund_name"": ""Mahbub's Medicine Fund"", ""ground_truth_anomaly"": false}",False
TXN-20260901-002856,7,,,2026-09-01 11:36:00,5000.00,FUND_ALLOCATION,NORMAL_WALLET,27,,Medicine,COMPLETED,,Allocated ৳5000.00 to Delwar's Medicine Fund,170154.92,165154.92,21061.11,26061.11,,,"{""fund_name"": ""Delwar's Medicine Fund"", ""ground_truth_anomaly"": false}",False
TXN-20260901-002840,4,,,2026-09-01 11:38:00,30000.00,FUND_ALLOCATION,NORMAL_WALLET,14,,Rent,COMPLETED,,Allocated ৳30000.00 to Mahbub's Rent Fund,243318.34,213318.34,60501.98,90501.98,,,"{""fund_name"": ""Mahbub's Rent Fund"", ""ground_truth_anomaly"": false}",False
TXN-20260901-002839,4,,,2026-09-01 11:40:00,22000.00,FUND_ALLOCATION,NORMAL_WALLET,13,,Grocery,COMPLETED,,Allocated ৳22000.00 to Mahbub's Grocery Fund,265318.34,243318.34,103199.55,125199.55,,,"{""fund_name"": ""Mahbub's Grocery Fund"", ""ground_truth_anomaly"": false}",False
TXN-20260901-002836,3,,,2026-09-01 11:43:00,4000.00,FUND_ALLOCATION,NORMAL_WALLET,11,,Electricity,COMPLETED,,Allocated ৳4000.00 to Farhan's Electricity Fund,150469.64,146469.64,5268.41,9268.41,,,"{""fund_name"": ""Farhan's Electricity Fund"", ""ground_truth_anomaly"": false}",False
TXN-20260901-002855,7,,,2026-09-01 11:45:00,3800.00,FUND_ALLOCATION,NORMAL_WALLET,26,,Electricity,COMPLETED,,Allocated ৳3800.00 to Delwar's Electricity Fund,173954.92,170154.92,2630.51,6430.51,,,"{""fund_name"": ""Delwar's Electricity Fund"", ""ground_truth_anomaly"": false}",False
TXN-20260901-002841,4,,,2026-09-01 11:48:00,16000.00,FUND_ALLOCATION,NORMAL_WALLET,15,,Education,COMPLETED,,Allocated ৳16000.00 to Mahbub's Education Fund,213318.34,197318.34,31594.91,47594.91,,,"{""fund_name"": ""Mahbub's Education Fund"", ""ground_truth_anomaly"": false}",False
TXN-20260901-002837,3,,,2026-09-01 11:50:00,5000.00,FUND_ALLOCATION,NORMAL_WALLET,12,,Transport,COMPLETED,,Allocated ৳5000.00 to Farhan's Transport Fund,146469.64,141469.64,19843.30,24843.30,,,"{""fund_name"": ""Farhan's Transport Fund"", ""ground_truth_anomaly"": false}",False
TXN-20260901-002823,1,1,,2026-09-01 11:53:00,84542.58,CASH_IN,NORMAL_WALLET,,,Deposit,COMPLETED,,Monthly Salary / Bank Add Money,97276.98,181819.56,,,,,"{""source"": ""Bank Deposit"", ""ground_truth_anomaly"": false}",False
TXN-20260901-002827,1,,,2026-09-01 12:03:00,6000.00,FUND_ALLOCATION,NORMAL_WALLET,4,,Medicine,COMPLETED,,Allocated ৳6000.00 to Tariq's Medicine Fund,147319.56,141319.56,23987.70,29987.70,,,"{""fund_name"": ""Tariq's Medicine Fund"", ""ground_truth_anomaly"": false}",False
TXN-20260901-002825,1,,,2026-09-01 12:04:00,4500.00,FUND_ALLOCATION,NORMAL_WALLET,2,,Electricity,COMPLETED,,Allocated ৳4500.00 to Tariq's Electricity Fund,163819.56,159319.56,4521.32,9021.32,,,"{""fund_name"": ""Tariq's Electricity Fund"", ""ground_truth_anomaly"": false}",False
TXN-20260901-002826,1,,,2026-09-01 12:14:00,12000.00,FUND_ALLOCATION,NORMAL_WALLET,3,,Education,COMPLETED,,Allocated ৳12000.00 to Tariq's Education Fund,159319.56,147319.56,20961.14,32961.14,,,"{""fund_name"": ""Tariq's Education Fund"", ""ground_truth_anomaly"": false}",False
TXN-20260901-002824,1,,,2026-09-01 12:21:00,18000.00,FUND_ALLOCATION,NORMAL_WALLET,1,,Grocery,COMPLETED,,Allocated ৳18000.00 to Tariq's Grocery Fund,181819.56,163819.56,82490.41,100490.41,,,"{""fund_name"": ""Tariq's Grocery Fund"", ""ground_truth_anomaly"": false}",False
TXN-20260901-002926,13,,15,2026-09-01 17:09:25,821.28,MERCHANT_PAYMENT,FAMILY_PASS,,7,Education,COMPLETED,,FamilyPass spending by Nahian Hasan at Sunnydale Academy,127081.86,126260.58,,,3000.00,2178.72,"{""owner_id"": 5, ""member_id"": 13, ""merchant"": ""Sunnydale Academy"", ""ground_truth_anomaly"": false}",False
TXN-20260901-002927,13,,14,2026-09-01 19:35:43,1382.39,MERCHANT_PAYMENT,FAMILY_PASS,,7,Education,COMPLETED,,FamilyPass spending by Nahian Hasan at Scholastica School,126260.58,124878.19,,,2178.72,796.33,"{""owner_id"": 5, ""member_id"": 13, ""merchant"": ""Scholastica School"", ""ground_truth_anomaly"": false}",False
TXN-20260901-002928,11,,21,2026-09-01 20:00:15,360.43,MERCHANT_PAYMENT,FAMILY_PASS,,3,Restaurant/Food,COMPLETED,,FamilyPass spending by Tanvir Haque at Sultan's Dine Kacchi,217931.59,217571.16,,,3500.00,3139.57,"{""owner_id"": 2, ""member_id"": 11, ""merchant"": ""Sultan's Dine Kacchi"", ""ground_truth_anomaly"": false}",False
TXN-20260901-002925,16,,6,2026-09-01 20:02:58,563.44,MERCHANT_PAYMENT,FAMILY_PASS,,2,Grocery,COMPLETED,,FamilyPass spending by Nasrin Rahman at Karwan Bazar Wholesale,141319.56,140756.12,,,9000.00,8436.56,"{""owner_id"": 1, ""member_id"": 16, ""merchant"": ""Karwan Bazar Wholesale"", ""ground_truth_anomaly"": false}",False
TXN-ANOM-20260901-003146,24,,23,2026-09-01 21:17:00,2545.00,MERCHANT_PAYMENT,NORMAL_WALLET,,,Restaurant/Food,COMPLETED,,Large banquet charge at Kacchi Bhai Biryani,207054.75,204509.75,,,,,"{""ground_truth_anomaly"": true, ""anomaly_type"": ""SPENDING_BURST""}",True
TXN-20260901-002929,11,,21,2026-09-01 21:38:59,318.80,MERCHANT_PAYMENT,FAMILY_PASS,,3,Restaurant/Food,COMPLETED,,FamilyPass spending by Tanvir Haque at Sultan's Dine Kacchi,217571.16,217252.36,,,3139.57,2820.77,"{""owner_id"": 2, ""member_id"": 11, ""merchant"": ""Sultan's Dine Kacchi"", ""ground_truth_anomaly"": false}",False
TXN-20260902-002933,11,17,,2026-09-02 12:53:45,500.00,SEND_MONEY,NORMAL_WALLET,,,Transfer,COMPLETED,,Sent money to Farzana Haque,12256.46,11756.46,,,,,"{""recipient_phone"": ""01710000017"", ""ground_truth_anomaly"": false}",False
TXN-ANOM-20260902-003181,2,,30,2026-09-02 15:05:00,12293.00,MERCHANT_PAYMENT,NORMAL_WALLET,,,Shopping,COMPLETED,,High value purchase at Aarong Lifestyle Retail,231581.36,219288.36,,,,,"{""ground_truth_anomaly"": true, ""anomaly_type"": ""LARGE_AMOUNT""}",True
TXN-20260902-002931,10,,,2026-09-02 18:19:56,300.00,MOBILE_RECHARGE,NORMAL_WALLET,,,Recharge,COMPLETED,,Mobile Recharge to 01710000010,12130.91,11830.91,,,,,"{""operator"": ""Grameenphone"", ""ground_truth_anomaly"": false}",False
TXN-20260902-002930,10,,16,2026-09-02 19:52:35,1387.16,MERCHANT_PAYMENT,FAMILY_PASS,,1,Education,COMPLETED,,FamilyPass spending by Samiul Tariq at Daffodil University Tuition,140756.12,139368.96,,,4500.00,3112.84,"{""owner_id"": 1, ""member_id"": 10, ""merchant"": ""Daffodil University Tuition"", ""ground_truth_anomaly"": false}",False
TXN-20260902-002932,16,,7,2026-09-02 21:27:30,696.31,MERCHANT_PAYMENT,PURPOSE_FUND,50,,Medicine,COMPLETED,,Payment to Labaid Pharmacy via Nasrin's Medicine Fund,28184.48,28184.48,18980.57,18284.26,,,"{""merchant"": ""Labaid Pharmacy"", ""fund"": ""Nasrin's Medicine Fund"", ""ground_truth_anomaly"": false}",False
TXN-ANOM-20260903-003166,10,,25,2026-09-03 03:20:00,2136.00,MERCHANT_PAYMENT,NORMAL_WALLET,,,Transport,COMPLETED,,Late night inter-district transport fare via Shohoz Interdistrict Ride,5198.43,3062.43,,,,,"{""ground_truth_anomaly"": true, ""anomaly_type"": ""UNUSUAL_TIME""}",False
TXN-20260903-002934,13,,14,2026-09-03 11:02:47,796.33,MERCHANT_PAYMENT,FAMILY_PASS,,7,Education,COMPLETED,,FamilyPass spending by Nahian Hasan at Scholastica School,124878.19,124081.86,,,796.33,0.00,"{""owner_id"": 5, ""member_id"": 13, ""merchant"": ""Scholastica School"", ""ground_truth_anomaly"": false}",False
TXN-20260903-002935,13,,,2026-09-03 13:15:01,200.00,MOBILE_RECHARGE,NORMAL_WALLET,,,Recharge,COMPLETED,,Mobile Recharge to 01710000013,9965.74,9765.74,,,,,"{""operator"": ""Grameenphone"", ""ground_truth_anomaly"": false}",False
TXN-20260903-002936,16,,4,2026-09-03 18:41:55,738.80,MERCHANT_PAYMENT,FAMILY_PASS,,2,Grocery,COMPLETED,,FamilyPass spending by Nasrin Rahman at Meena Bazar,139368.96,138630.16,,,8436.56,7697.76,"{""owner_id"": 1, ""member_id"": 16, ""merchant"": ""Meena Bazar"", ""ground_truth_anomaly"": false}",True
TXN-ANOM-20260904-003120,23,,26,2026-09-04 03:29:00,1670.00,MERCHANT_PAYMENT,NORMAL_WALLET,,,Transport,COMPLETED,,Late night inter-district transport fare via Uber Bangladesh Mobility,227560.73,225890.73,,,,,"{""ground_truth_anomaly"": true, ""anomaly_type"": ""UNUSUAL_TIME""}",False
TXN-20260904-002937,16,,,2026-09-04 12:50:28,1000.00,CASH_OUT,NORMAL_WALLET,,,Cash Out,COMPLETED,,Agent Cash Out Withdrawal,28184.48,27184.48,,,,,"{""agent_code"": ""AGT-7712"", ""ground_truth_anomaly"": false}",False
TXN-20260905-002952,16,,6,2026-09-05 10:36:53,187.80,MERCHANT_PAYMENT,FAMILY_PASS,,2,Grocery,COMPLETED,,FamilyPass spending by Nasrin Rahman at Karwan Bazar Wholesale,117897.16,117709.36,,,7697.76,7509.96,"{""owner_id"": 1, ""member_id"": 16, ""merchant"": ""Karwan Bazar Wholesale"", ""ground_truth_anomaly"": false}",False
TXN-20260905-002944,7,,,2026-09-05 11:00:00,19363.00,BILL_PAYMENT,NORMAL_WALLET,,,Rent,COMPLETED,,Monthly Housing Rental Bill Payment,161154.92,141791.92,,,,,"{""provider"": ""Eastern Housing Rental"", ""bill_type"": ""Housing"", ""account_number"": ""EHR-88219"", ""ground_truth_anomaly"": false}",False
TXN-20260905-002955,13,,,2026-09-05 11:31:01,100.00,MOBILE_RECHARGE,NORMAL_WALLET,,,Recharge,COMPLETED,,Mobile Recharge to 01710000013,9265.74,9165.74,,,,,"{""operator"": ""Grameenphone"", ""ground_truth_anomaly"": false}",False
TXN-20260905-002938,1,,,2026-09-05 12:22:00,20733.00,BILL_PAYMENT,NORMAL_WALLET,,,Rent,COMPLETED,,Monthly Housing Rental Bill Payment,138630.16,117897.16,,,,,"{""provider"": ""Eastern Housing Rental"", ""bill_type"": ""Housing"", ""account_number"": ""EHR-88219"", ""ground_truth_anomaly"": false}",False
TXN-20260905-002940,3,,,2026-09-05 12:31:00,20494.00,BILL_PAYMENT,NORMAL_WALLET,,,Rent,COMPLETED,,Monthly Housing Rental Bill Payment,141469.64,120975.64,,,,,"{""provider"": ""Eastern Housing Rental"", ""bill_type"": ""Housing"", ""account_number"": ""EHR-88219"", ""ground_truth_anomaly"": false}",False
TXN-20260905-002946,9,,28,2026-09-05 13:01:00,23974.00,MERCHANT_PAYMENT,PURPOSE_FUND,34,,Rent,COMPLETED,,Monthly Apartment Rent to Eastern Housing Rental,253976.10,253976.10,40752.36,16778.36,,,"{""merchant"": ""Eastern Housing Rental"", ""ground_truth_anomaly"": false}",False
TXN-20260905-002943,6,,29,2026-09-05 13:21:00,23442.00,MERCHANT_PAYMENT,PURPOSE_FUND,22,,Rent,COMPLETED,,Monthly Apartment Rent to Rangs Living Rent,236949.37,236949.37,55597.86,32155.86,,,"{""merchant"": ""Rangs Living Rent"", ""ground_truth_anomaly"": false}",False
TXN-20260905-002947,20,,28,2026-09-05 13:24:00,25173.00,MERCHANT_PAYMENT,PURPOSE_FUND,58,,Rent,COMPLETED,,Monthly Apartment Rent to Eastern Housing Rental,481300.77,481300.77,131737.90,106564.90,,,"{""merchant"": ""Eastern Housing Rental"", ""ground_truth_anomaly"": false}",False
TXN-20260905-002945,8,,,2026-09-05 13:38:00,22263.00,BILL_PAYMENT,NORMAL_WALLET,,,Rent,COMPLETED,,Monthly Housing Rental Bill Payment,242159.84,219896.84,,,,,"{""provider"": ""Eastern Housing Rental"", ""bill_type"": ""Housing"", ""account_number"": ""EHR-88219"", ""ground_truth_anomaly"": false}",False
TXN-20260905-002942,5,,,2026-09-05 13:55:00,23610.00,BILL_PAYMENT,NORMAL_WALLET,,,Rent,COMPLETED,,Monthly Housing Rental Bill Payment,124081.86,100471.86,,,,,"{""provider"": ""Eastern Housing Rental"", ""bill_type"": ""Housing"", ""account_number"": ""EHR-88219"", ""ground_truth_anomaly"": false}",False
TXN-20260905-002954,13,,,2026-09-05 14:24:05,500.00,MOBILE_RECHARGE,NORMAL_WALLET,,,Recharge,COMPLETED,,Mobile Recharge to 01710000013,9765.74,9265.74,,,,,"{""operator"": ""Grameenphone"", ""ground_truth_anomaly"": false}",False
TXN-20260905-002948,21,,28,2026-09-05 14:39:00,25995.00,MERCHANT_PAYMENT,PURPOSE_FUND,62,,Rent,COMPLETED,,Monthly Apartment Rent to Eastern Housing Rental,597382.56,597382.56,150489.60,124494.60,,,"{""merchant"": ""Eastern Housing Rental"", ""ground_truth_anomaly"": false}",False
TXN-20260905-002949,22,,,2026-09-05 14:41:00,24861.00,BILL_PAYMENT,NORMAL_WALLET,,,Rent,COMPLETED,,Monthly Housing Rental Bill Payment,426786.38,401925.38,,,,,"{""provider"": ""Eastern Housing Rental"", ""bill_type"": ""Housing"", ""account_number"": ""EHR-88219"", ""ground_truth_anomaly"": false}",False
TXN-20260905-002939,2,,29,2026-09-05 14:49:00,20508.00,MERCHANT_PAYMENT,PURPOSE_FUND,6,,Rent,COMPLETED,,Monthly Apartment Rent to Rangs Living Rent,217252.36,217252.36,58578.04,38070.04,,,"{""merchant"": ""Rangs Living Rent"", ""ground_truth_anomaly"": false}",False
TXN-20260905-002941,4,,29,2026-09-05 15:02:00,21633.00,MERCHANT_PAYMENT,PURPOSE_FUND,14,,Rent,COMPLETED,,Monthly Apartment Rent to Rangs Living Rent,189318.34,189318.34,90501.98,68868.98,,,"{""merchant"": ""Rangs Living Rent"", ""ground_truth_anomaly"": false}",False
TXN-20260905-002956,10,,16,2026-09-05 16:51:00,1518.79,MERCHANT_PAYMENT,FAMILY_PASS,,1,Education,COMPLETED,,FamilyPass spending by Samiul Tariq at Daffodil University Tuition,117709.36,116190.57,,,3112.84,1594.05,"{""owner_id"": 1, ""member_id"": 10, ""merchant"": ""Daffodil University Tuition"", ""ground_truth_anomaly"": false}",False
TXN-REJ-20260905-003309,17,,3,2026-09-05 17:32:00,11552.00,MERCHANT_PAYMENT,FAMILY_PASS,,4,Grocery,REJECTED,"FamilyPass spending limit exceeded. Remaining allowance: ৳10,000.00, requested: ৳11,552.00",Attempted FamilyPass spending exceeding allowance,206213.36,206213.36,,,10000.00,10000.00,"{""ground_truth_anomaly"": false, ""policy_violation"": ""FAMILYPASS_LIMIT_EXCEEDED""}",False
TXN-20260905-002953,16,14,,2026-09-05 20:04:46,300.00,SEND_MONEY,NORMAL_WALLET,,,Transfer,COMPLETED,,Sent money to Sakib Chowdhury,27184.48,26884.48,,,,,"{""recipient_phone"": ""01710000014"", ""ground_truth_anomaly"": false}",False
TXN-20260905-002951,11,,22,2026-09-05 20:21:33,416.19,MERCHANT_PAYMENT,FAMILY_PASS,,3,Restaurant/Food,COMPLETED,,FamilyPass spending by Tanvir Haque at Star Kabab & Restaurant,217252.36,216836.17,,,2820.77,2404.58,"{""owner_id"": 2, ""member_id"": 11, ""merchant"": ""Star Kabab & Restaurant"", ""ground_truth_anomaly"": false}",True
TXN-ANOM-20260905-003206,7,,21,2026-09-05 21:11:00,3383.00,MERCHANT_PAYMENT,NORMAL_WALLET,,,Restaurant/Food,COMPLETED,,Large banquet charge at Sultan's Dine Kacchi,98824.11,95441.11,,,,,"{""ground_truth_anomaly"": true, ""anomaly_type"": ""SPENDING_BURST""}",True
TXN-20260905-002950,11,,15,2026-09-05 22:03:48,3945.68,MERCHANT_PAYMENT,PURPOSE_FUND,39,,Education,COMPLETED,,Payment to Sunnydale Academy via Tanvir's Education Fund,11756.46,11756.46,4000.00,54.32,,,"{""merchant"": ""Sunnydale Academy"", ""fund"": ""Tanvir's Education Fund"", ""ground_truth_anomaly"": false}",False
TXN-20260905-002957,10,,17,2026-09-05 22:56:12,1108.04,MERCHANT_PAYMENT,FAMILY_PASS,,1,Education,COMPLETED,,FamilyPass spending by Samiul Tariq at Mastermind School,116190.57,115082.53,,,1594.05,486.01,"{""owner_id"": 1, ""member_id"": 10, ""merchant"": ""Mastermind School"", ""ground_truth_anomaly"": false}",False
TXN-20260906-002960,10,,17,2026-09-06 09:09:36,486.01,MERCHANT_PAYMENT,FAMILY_PASS,,1,Education,COMPLETED,,FamilyPass spending by Samiul Tariq at Mastermind School,115082.53,114596.52,,,486.01,0.00,"{""owner_id"": 1, ""member_id"": 10, ""merchant"": ""Mastermind School"", ""ground_truth_anomaly"": false}",False
TXN-REJ-20260906-003258,20,,17,2026-09-06 13:17:00,1178.00,MERCHANT_PAYMENT,PURPOSE_FUND,60,,Education,REJECTED,"Category Restriction Mismatch: Merchant 'Mastermind School' is registered as 'Education', but 'Asif's Treatment Fund' can ONLY be used for 'Treatment' payments.",Attempted payment to Mastermind School via Asif's Treatment Fund,481695.88,481695.88,71312.03,71312.03,,,"{""ground_truth_anomaly"": false, ""policy_violation"": ""CATEGORY_RESTRICTION_ERROR""}",False
TXN-20260906-002958,13,,26,2026-09-06 18:39:25,561.33,MERCHANT_PAYMENT,NORMAL_WALLET,,,Transport,COMPLETED,,Payment to Uber Bangladesh Mobility from Normal Wallet,9165.74,8604.41,,,,,"{""merchant"": ""Uber Bangladesh Mobility"", ""ground_truth_anomaly"": false}",False
TXN-20260906-002961,10,,,2026-09-06 20:25:15,500.00,MOBILE_RECHARGE,NORMAL_WALLET,,,Recharge,COMPLETED,,Mobile Recharge to 01710000010,11830.91,11330.91,,,,,"{""operator"": ""Grameenphone"", ""ground_truth_anomaly"": false}",False
TXN-20260906-002959,13,,,2026-09-06 20:40:54,50.00,MOBILE_RECHARGE,NORMAL_WALLET,,,Recharge,COMPLETED,,Mobile Recharge to 01710000013,8604.41,8554.41,,,,,"{""operator"": ""Grameenphone"", ""ground_truth_anomaly"": false}",False
TXN-ANOM-20260906-003219,16,,21,2026-09-06 21:14:00,2882.00,MERCHANT_PAYMENT,NORMAL_WALLET,,,Restaurant/Food,COMPLETED,,Large banquet charge at Sultan's Dine Kacchi,2889.51,7.51,,,,,"{""ground_truth_anomaly"": true, ""anomaly_type"": ""SPENDING_BURST""}",True
TXN-20260907-002964,13,,27,2026-09-07 12:35:52,190.24,MERCHANT_PAYMENT,PURPOSE_FUND,44,,Transport,COMPLETED,,Payment to Pathao Transportation via Nahian's Transport Fund,8554.41,8554.41,2000.00,1809.76,,,"{""merchant"": ""Pathao Transportation"", ""fund"": ""Nahian's Transport Fund"", ""ground_truth_anomaly"": false}",False
TXN-20260907-002962,11,,,2026-09-07 15:49:15,500.00,CASH_OUT,NORMAL_WALLET,,,Cash Out,COMPLETED,,Agent Cash Out Withdrawal,11756.46,11256.46,,,,,"{""agent_code"": ""AGT-7712"", ""ground_truth_anomaly"": false}",False
TXN-ANOM-20260907-003121,16,,30,2026-09-07 17:52:00,13101.00,MERCHANT_PAYMENT,NORMAL_WALLET,,,Shopping,COMPLETED,,High value purchase at Aarong Lifestyle Retail,30523.51,17422.51,,,,,"{""ground_truth_anomaly"": true, ""anomaly_type"": ""LARGE_AMOUNT""}",True
TXN-20260907-002963,11,,24,2026-09-07 19:55:45,555.61,MERCHANT_PAYMENT,PURPOSE_FUND,40,,Restaurant/Food,COMPLETED,,Payment to Takeout Gourmet Burgers via Tanvir's Restaurant/Food Fund,11256.46,11256.46,3000.00,2444.39,,,"{""merchant"": ""Takeout Gourmet Burgers"", ""fund"": ""Tanvir's Restaurant/Food Fund"", ""ground_truth_anomaly"": false}",False
TXN-ANOM-20260908-003251,11,,11,2026-09-08 15:11:00,13950.00,MERCHANT_PAYMENT,NORMAL_WALLET,,,Treatment,COMPLETED,,Emergency diagnostic package at Square Hospital Diagnostic,21416.87,7466.87,,,,,"{""ground_truth_anomaly"": true, ""anomaly_type"": ""UNUSUAL_CATEGORY""}",True
TXN-20260909-002967,10,,26,2026-09-09 14:42:58,242.16,MERCHANT_PAYMENT,PURPOSE_FUND,38,,Transport,COMPLETED,,Payment to Uber Bangladesh Mobility via Samiul's Transport Fund,11330.91,11330.91,6284.35,6042.19,,,"{""merchant"": ""Uber Bangladesh Mobility"", ""fund"": ""Samiul's Transport Fund"", ""ground_truth_anomaly"": false}",False
TXN-ANOM-20260909-003124,12,,30,2026-09-09 14:58:00,12609.00,MERCHANT_PAYMENT,NORMAL_WALLET,,,Shopping,COMPLETED,,High value purchase at Aarong Lifestyle Retail,28078.37,15469.37,,,,,"{""ground_truth_anomaly"": true, ""anomaly_type"": ""LARGE_AMOUNT""}",True
TXN-20260909-002965,13,,16,2026-09-09 17:49:09,4000.00,MERCHANT_PAYMENT,PURPOSE_FUND,43,,Education,COMPLETED,,Payment to Daffodil University Tuition via Nahian's Education Fund,8554.41,8554.41,4000.00,0.00,,,"{""merchant"": ""Daffodil University Tuition"", ""fund"": ""Nahian's Education Fund"", ""ground_truth_anomaly"": false}",False
TXN-20260909-002966,11,,22,2026-09-09 23:48:12,376.04,MERCHANT_PAYMENT,FAMILY_PASS,,3,Restaurant/Food,COMPLETED,,FamilyPass spending by Tanvir Haque at Star Kabab & Restaurant,216836.17,216460.13,,,2404.58,2028.54,"{""owner_id"": 2, ""member_id"": 11, ""merchant"": ""Star Kabab & Restaurant"", ""ground_truth_anomaly"": false}",False
TXN-ANOM-20260910-003233,19,,30,2026-09-10 18:10:00,16662.00,MERCHANT_PAYMENT,NORMAL_WALLET,,,Shopping,COMPLETED,,High value purchase at Aarong Lifestyle Retail,23251.04,6589.04,,,,,"{""ground_truth_anomaly"": true, ""anomaly_type"": ""LARGE_AMOUNT""}",True
TXN-20260910-002969,10,,23,2026-09-10 19:48:22,440.34,MERCHANT_PAYMENT,NORMAL_WALLET,,,Restaurant/Food,COMPLETED,,Payment to Kacchi Bhai Biryani from Normal Wallet,11330.91,10890.57,,,,,"{""merchant"": ""Kacchi Bhai Biryani"", ""ground_truth_anomaly"": false}",False
TXN-20260910-002968,10,,15,2026-09-10 21:42:59,5000.00,MERCHANT_PAYMENT,PURPOSE_FUND,37,,Education,COMPLETED,,Payment to Sunnydale Academy via Samiul's Education Fund,11330.91,11330.91,5000.00,0.00,,,"{""merchant"": ""Sunnydale Academy"", ""fund"": ""Samiul's Education Fund"", ""ground_truth_anomaly"": false}",False
TXN-REJ-20260911-003302,21,,32,2026-09-11 15:54:00,1855.00,MERCHANT_PAYMENT,PURPOSE_FUND,62,,Other,REJECTED,"Category Restriction Mismatch: Merchant 'Beximco Digital Services' is registered as 'Other', but 'Tanzeem's Rent Fund' can ONLY be used for 'Rent' payments.",Attempted payment to Beximco Digital Services via Tanzeem's Rent Fund,665700.56,665700.56,139780.60,139780.60,,,"{""ground_truth_anomaly"": false, ""policy_violation"": ""CATEGORY_RESTRICTION_ERROR""}",False
TXN-20260912-002986,13,,,2026-09-12 11:09:29,100.00,MOBILE_RECHARGE,NORMAL_WALLET,,,Recharge,COMPLETED,,Mobile Recharge to 01710000013,8554.41,8454.41,,,,,"{""operator"": ""Grameenphone"", ""ground_truth_anomaly"": false}",False
TXN-REJ-20260912-003284,16,,2,2026-09-12 13:24:00,11085.00,MERCHANT_PAYMENT,FAMILY_PASS,,2,Grocery,REJECTED,"FamilyPass spending limit exceeded. Remaining allowance: ৳9,000.00, requested: ৳11,085.00",Attempted FamilyPass spending exceeding allowance,91000.58,91000.58,,,9000.00,9000.00,"{""ground_truth_anomaly"": false, ""policy_violation"": ""FAMILYPASS_LIMIT_EXCEEDED""}",False
TXN-20260912-002974,5,,19,2026-09-12 14:09:00,2691.00,MERCHANT_PAYMENT,PURPOSE_FUND,18,,Electricity,COMPLETED,,Electricity recharge at DPDC Electricity Payment,100471.86,100471.86,7443.98,4752.98,,,"{""provider"": ""DPDC Electricity Payment"", ""ground_truth_anomaly"": false}",False
TXN-20260912-002978,9,,19,2026-09-12 14:14:00,3737.00,MERCHANT_PAYMENT,PURPOSE_FUND,35,,Electricity,COMPLETED,,Electricity recharge at DPDC Electricity Payment,253976.10,253976.10,7240.77,3503.77,,,"{""provider"": ""DPDC Electricity Payment"", ""ground_truth_anomaly"": false}",False
TXN-20260912-002982,19,,,2026-09-12 14:30:00,3274.00,BILL_PAYMENT,NORMAL_WALLET,,,Electricity,COMPLETED,,DESCO Prepaid Meter Utility Recharge,59192.94,55918.94,,,,,"{""provider"": ""DESCO"", ""bill_type"": ""Electricity"", ""account_number"": ""MTR-99410"", ""ground_truth_anomaly"": false}",False
TXN-20260912-002970,1,,19,2026-09-12 14:57:00,3264.00,MERCHANT_PAYMENT,PURPOSE_FUND,2,,Electricity,COMPLETED,,Electricity recharge at DPDC Electricity Payment,114596.52,114596.52,9021.32,5757.32,,,"{""provider"": ""DPDC Electricity Payment"", ""ground_truth_anomaly"": false}",False
TXN-20260912-002977,8,,20,2026-09-12 15:03:00,4282.00,MERCHANT_PAYMENT,PURPOSE_FUND,31,,Electricity,COMPLETED,,Electricity recharge at Link3 Internet Utilities,219896.84,219896.84,9233.52,4951.52,,,"{""provider"": ""Link3 Internet Utilities"", ""ground_truth_anomaly"": false}",False
TXN-20260912-002979,16,,,2026-09-12 15:25:00,3796.00,BILL_PAYMENT,NORMAL_WALLET,,,Electricity,COMPLETED,,DESCO Prepaid Meter Utility Recharge,26884.48,23088.48,,,,,"{""provider"": ""DESCO"", ""bill_type"": ""Electricity"", ""account_number"": ""MTR-99410"", ""ground_truth_anomaly"": false}",False
TXN-20260912-002985,22,,,2026-09-12 16:07:00,3282.00,BILL_PAYMENT,NORMAL_WALLET,,,Electricity,COMPLETED,,DESCO Prepaid Meter Utility Recharge,401925.38,398643.38,,,,,"{""provider"": ""DESCO"", ""bill_type"": ""Electricity"", ""account_number"": ""MTR-99410"", ""ground_truth_anomaly"": false}",False
TXN-20260912-002981,18,,,2026-09-12 16:09:00,2664.00,BILL_PAYMENT,NORMAL_WALLET,,,Electricity,COMPLETED,,DESCO Prepaid Meter Utility Recharge,47165.75,44501.75,,,,,"{""provider"": ""DESCO"", ""bill_type"": ""Electricity"", ""account_number"": ""MTR-99410"", ""ground_truth_anomaly"": false}",False
TXN-20260912-002971,2,,18,2026-09-12 16:16:00,3672.00,MERCHANT_PAYMENT,PURPOSE_FUND,7,,Electricity,COMPLETED,,Electricity recharge at DESCO Prepaid Utility,216460.13,216460.13,5655.00,1983.00,,,"{""provider"": ""DESCO Prepaid Utility"", ""ground_truth_anomaly"": false}",False
TXN-20260912-002975,6,,18,2026-09-12 16:38:00,2502.00,MERCHANT_PAYMENT,PURPOSE_FUND,23,,Electricity,COMPLETED,,Electricity recharge at DESCO Prepaid Utility,236949.37,236949.37,5725.02,3223.02,,,"{""provider"": ""DESCO Prepaid Utility"", ""ground_truth_anomaly"": false}",False
TXN-20260912-002972,3,,18,2026-09-12 16:41:00,3056.00,MERCHANT_PAYMENT,PURPOSE_FUND,11,,Electricity,COMPLETED,,Electricity recharge at DESCO Prepaid Utility,120975.64,120975.64,9268.41,6212.41,,,"{""provider"": ""DESCO Prepaid Utility"", ""ground_truth_anomaly"": false}",False
TXN-20260912-002984,21,,,2026-09-12 17:15:00,4753.00,BILL_PAYMENT,NORMAL_WALLET,,,Electricity,COMPLETED,,DESCO Prepaid Meter Utility Recharge,597382.56,592629.56,,,,,"{""provider"": ""DESCO"", ""bill_type"": ""Electricity"", ""account_number"": ""MTR-99410"", ""ground_truth_anomaly"": false}",False
TXN-20260912-002983,20,,,2026-09-12 17:44:00,2268.00,BILL_PAYMENT,NORMAL_WALLET,,,Electricity,COMPLETED,,DESCO Prepaid Meter Utility Recharge,481300.77,479032.77,,,,,"{""provider"": ""DESCO"", ""bill_type"": ""Electricity"", ""account_number"": ""MTR-99410"", ""ground_truth_anomaly"": false}",False
TXN-20260912-002976,7,,20,2026-09-12 17:58:00,4091.00,MERCHANT_PAYMENT,PURPOSE_FUND,26,,Electricity,COMPLETED,,Electricity recharge at Link3 Internet Utilities,141791.92,141791.92,6430.51,2339.51,,,"{""provider"": ""Link3 Internet Utilities"", ""ground_truth_anomaly"": false}",False
TXN-20260912-002980,17,,,2026-09-12 18:08:00,4570.00,BILL_PAYMENT,NORMAL_WALLET,,,Electricity,COMPLETED,,DESCO Prepaid Meter Utility Recharge,37674.46,33104.46,,,,,"{""provider"": ""DESCO"", ""bill_type"": ""Electricity"", ""account_number"": ""MTR-99410"", ""ground_truth_anomaly"": false}",False
TXN-20260912-002973,4,,,2026-09-12 18:12:00,4110.00,BILL_PAYMENT,NORMAL_WALLET,,,Electricity,COMPLETED,,DESCO Prepaid Meter Utility Recharge,189318.34,185208.34,,,,,"{""provider"": ""DESCO"", ""bill_type"": ""Electricity"", ""account_number"": ""MTR-99410"", ""ground_truth_anomaly"": false}",False
TXN-ANOM-20260913-003132,9,,26,2026-09-13 03:09:00,3032.00,MERCHANT_PAYMENT,NORMAL_WALLET,,,Transport,COMPLETED,,Late night inter-district transport fare via Uber Bangladesh Mobility,293272.29,290240.29,,,,,"{""ground_truth_anomaly"": true, ""anomaly_type"": ""UNUSUAL_TIME""}",False
TXN-20260913-002988,11,,22,2026-09-13 11:58:28,948.72,MERCHANT_PAYMENT,PURPOSE_FUND,40,,Restaurant/Food,COMPLETED,,Payment to Star Kabab & Restaurant via Tanvir's Restaurant/Food Fund,11256.46,11256.46,1274.34,325.62,,,"{""merchant"": ""Star Kabab & Restaurant"", ""fund"": ""Tanvir's Restaurant/Food Fund"", ""ground_truth_anomaly"": false}",False
TXN-20260913-002987,11,,23,2026-09-13 19:52:47,1170.05,MERCHANT_PAYMENT,PURPOSE_FUND,40,,Restaurant/Food,COMPLETED,,Payment to Kacchi Bhai Biryani via Tanvir's Restaurant/Food Fund,11256.46,11256.46,2444.39,1274.34,,,"{""merchant"": ""Kacchi Bhai Biryani"", ""fund"": ""Tanvir's Restaurant/Food Fund"", ""ground_truth_anomaly"": false}",False
TXN-ANOM-20260914-003126,8,,24,2026-09-14 21:24:00,2386.00,MERCHANT_PAYMENT,NORMAL_WALLET,,,Restaurant/Food,COMPLETED,,Large banquet charge at Takeout Gourmet Burgers,233627.39,231241.39,,,,,"{""ground_truth_anomaly"": true, ""anomaly_type"": ""SPENDING_BURST""}",True
TXN-20260915-002989,11,,22,2026-09-15 18:00:44,325.62,MERCHANT_PAYMENT,PURPOSE_FUND,40,,Restaurant/Food,COMPLETED,,Payment to Star Kabab & Restaurant via Tanvir's Restaurant/Food Fund,11256.46,11256.46,325.62,0.00,,,"{""merchant"": ""Star Kabab & Restaurant"", ""fund"": ""Tanvir's Restaurant/Food Fund"", ""ground_truth_anomaly"": false}",False
TXN-REJ-20260916-003279,16,,30,2026-09-16 15:03:00,1828.00,MERCHANT_PAYMENT,PURPOSE_FUND,49,,Shopping,REJECTED,"Category Restriction Mismatch: Merchant 'Aarong Lifestyle Retail' is registered as 'Shopping', but 'Nasrin's Grocery Fund' can ONLY be used for 'Grocery' payments.",Attempted payment to Aarong Lifestyle Retail via Nasrin's Grocery Fund,473.510,473.510,46801.18,46801.18,,,"{""ground_truth_anomaly"": false, ""policy_violation"": ""CATEGORY_RESTRICTION_ERROR""}",False
TXN-ANOM-20260916-003127,14,,30,2026-09-16 17:54:00,10831.00,MERCHANT_PAYMENT,NORMAL_WALLET,,,Shopping,COMPLETED,,High value purchase at Aarong Lifestyle Retail,25457.38,14626.38,,,,,"{""ground_truth_anomaly"": true, ""anomaly_type"": ""LARGE_AMOUNT""}",True
TXN-REJ-20260917-003260,11,,21,2026-09-17 18:44:00,4413.00,MERCHANT_PAYMENT,FAMILY_PASS,,3,Restaurant/Food,REJECTED,"FamilyPass spending limit exceeded. Remaining allowance: ৳3,500.00, requested: ৳4,413.00",Attempted FamilyPass spending exceeding allowance,206213.36,206213.36,,,3500.00,3500.00,"{""ground_truth_anomaly"": false, ""policy_violation"": ""FAMILYPASS_LIMIT_EXCEEDED""}",False
TXN-ANOM-20260917-003115,4,,30,2026-09-17 20:52:00,16908.00,MERCHANT_PAYMENT,NORMAL_WALLET,,,Shopping,COMPLETED,,High value purchase at Aarong Lifestyle Retail,218331.00,201423.00,,,,,"{""ground_truth_anomaly"": true, ""anomaly_type"": ""LARGE_AMOUNT""}",True
TXN-ANOM-20260918-003179,22,,27,2026-09-18 03:42:00,1200.00,MERCHANT_PAYMENT,NORMAL_WALLET,,,Transport,COMPLETED,,Late night inter-district transport fare via Pathao Transportation,429694.75,428494.75,,,,,"{""ground_truth_anomaly"": true, ""anomaly_type"": ""UNUSUAL_TIME""}",False
TXN-ANOM-20260919-003240,22,,30,2026-09-19 16:10:00,12442.00,MERCHANT_PAYMENT,NORMAL_WALLET,,,Shopping,COMPLETED,,High value purchase at Aarong Lifestyle Retail,391094.75,378652.75,,,,,"{""ground_truth_anomaly"": true, ""anomaly_type"": ""LARGE_AMOUNT""}",True
TXN-ANOM-20260920-003245,18,,12,2026-09-20 10:27:00,8797.00,MERCHANT_PAYMENT,NORMAL_WALLET,,,Treatment,COMPLETED,,Emergency diagnostic package at Evercare Hospital Lab,41722.12,32925.12,,,,,"{""ground_truth_anomaly"": true, ""anomaly_type"": ""UNUSUAL_CATEGORY""}",True
TXN-ANOM-20260921-003157,23,,13,2026-09-21 16:53:00,15755.00,MERCHANT_PAYMENT,NORMAL_WALLET,,,Treatment,COMPLETED,,Emergency diagnostic package at Popular Diagnostic Centre,219580.73,203825.73,,,,,"{""ground_truth_anomaly"": true, ""anomaly_type"": ""UNUSUAL_CATEGORY""}",True
TXN-20260922-002990,11,,23,2026-09-22 08:47:57,414.63,MERCHANT_PAYMENT,FAMILY_PASS,,3,Restaurant/Food,COMPLETED,,FamilyPass spending by Tanvir Haque at Kacchi Bhai Biryani,216460.13,216045.50,,,2028.54,1613.91,"{""owner_id"": 2, ""member_id"": 11, ""merchant"": ""Kacchi Bhai Biryani"", ""ground_truth_anomaly"": false}",False
TXN-ANOM-20260922-003183,9,,12,2026-09-22 11:50:00,14913.00,MERCHANT_PAYMENT,NORMAL_WALLET,,,Treatment,COMPLETED,,Emergency diagnostic package at Evercare Hospital Lab,284804.29,269891.29,,,,,"{""ground_truth_anomaly"": true, ""anomaly_type"": ""UNUSUAL_CATEGORY""}",True
TXN-ANOM-20260923-003239,4,,26,2026-09-23 01:50:00,2647.00,MERCHANT_PAYMENT,NORMAL_WALLET,,,Transport,COMPLETED,,Late night inter-district transport fare via Uber Bangladesh Mobility,169332.00,166685.00,,,,,"{""ground_truth_anomaly"": true, ""anomaly_type"": ""UNUSUAL_TIME""}",False
TXN-ANOM-20260924-003189,5,,27,2026-09-24 04:13:00,1546.00,MERCHANT_PAYMENT,NORMAL_WALLET,,,Transport,COMPLETED,,Late night inter-district transport fare via Pathao Transportation,97410.03,95864.03,,,,,"{""ground_truth_anomaly"": true, ""anomaly_type"": ""UNUSUAL_TIME""}",False
TXN-ANOM-20260925-003170,22,,25,2026-09-25 02:14:00,2558.00,MERCHANT_PAYMENT,NORMAL_WALLET,,,Transport,COMPLETED,,Late night inter-district transport fare via Shohoz Interdistrict Ride,432252.75,429694.75,,,,,"{""ground_truth_anomaly"": true, ""anomaly_type"": ""UNUSUAL_TIME""}",False
TXN-REJ-20260926-003303,19,,13,2026-09-26 19:47:00,1180.00,MERCHANT_PAYMENT,FAMILY_PASS,,9,Treatment,REJECTED,Category Restriction Mismatch: Merchant 'Popular Diagnostic Centre' category 'Treatment' is not allowed for this FamilyPass.,Attempted FamilyPass spending at Popular Diagnostic Centre,481695.88,481695.88,,,15000.00,15000.00,"{""ground_truth_anomaly"": false, ""policy_violation"": ""FAMILYPASS_CATEGORY_MISMATCH""}",False
TXN-ANOM-20260926-003221,24,,24,2026-09-26 21:22:00,3418.00,MERCHANT_PAYMENT,NORMAL_WALLET,,,Restaurant/Food,COMPLETED,,Large banquet charge at Takeout Gourmet Burgers,204509.75,201091.75,,,,,"{""ground_truth_anomaly"": true, ""anomaly_type"": ""SPENDING_BURST""}",True
TXN-REJ-20260927-003273,14,,10,2026-09-27 18:39:00,550.00,MERCHANT_PAYMENT,PURPOSE_FUND,45,,Medicine,REJECTED,"Category Restriction Mismatch: Merchant 'Square Hospital Pharmacy' is registered as 'Medicine', but 'Sakib's Restaurant/Food Fund' can ONLY be used for 'Restaurant/Food' payments.",Attempted payment to Square Hospital Pharmacy via Sakib's Restaurant/Food Fund,10624.380,10624.380,14579.25,14579.25,,,"{""ground_truth_anomaly"": false, ""policy_violation"": ""CATEGORY_RESTRICTION_ERROR""}",False
TXN-ANOM-20260928-003244,9,,12,2026-09-28 16:09:00,14093.00,MERCHANT_PAYMENT,NORMAL_WALLET,,,Treatment,COMPLETED,,Emergency diagnostic package at Evercare Hospital Lab,253220.29,239127.29,,,,,"{""ground_truth_anomaly"": true, ""anomaly_type"": ""UNUSUAL_CATEGORY""}",True
TXN-ANOM-20260929-003200,22,,27,2026-09-29 03:37:00,2813.00,MERCHANT_PAYMENT,NORMAL_WALLET,,,Transport,COMPLETED,,Late night inter-district transport fare via Pathao Transportation,411164.75,408351.75,,,,,"{""ground_truth_anomaly"": true, ""anomaly_type"": ""UNUSUAL_TIME""}",False
TXN-20260929-002991,11,,21,2026-09-29 21:57:03,476.90,MERCHANT_PAYMENT,FAMILY_PASS,,3,Restaurant/Food,COMPLETED,,FamilyPass spending by Tanvir Haque at Sultan's Dine Kacchi,216045.50,215568.60,,,1613.91,1137.01,"{""owner_id"": 2, ""member_id"": 11, ""merchant"": ""Sultan's Dine Kacchi"", ""ground_truth_anomaly"": false}",False
TXN-ANOM-20260930-003110,13,,11,2026-09-30 17:49:00,12003.00,MERCHANT_PAYMENT,NORMAL_WALLET,,,Treatment,COMPLETED,,Emergency diagnostic package at Square Hospital Diagnostic,35472.53,23469.53,,,,,"{""ground_truth_anomaly"": true, ""anomaly_type"": ""UNUSUAL_CATEGORY""}",True
TXN-REJ-20260930-003270,18,,32,2026-09-30 18:27:00,858.00,MERCHANT_PAYMENT,FAMILY_PASS,,6,Other,REJECTED,Category Restriction Mismatch: Merchant 'Beximco Digital Services' category 'Other' is not allowed for this FamilyPass.,Attempted FamilyPass spending at Beximco Digital Services,166685.00,166685.00,,,12000.00,12000.00,"{""ground_truth_anomaly"": false, ""policy_violation"": ""FAMILYPASS_CATEGORY_MISMATCH""}",False
TXN-20261001-003052,15,15,,2026-10-01 09:06:00,10232.51,CASH_IN,NORMAL_WALLET,,,Deposit,COMPLETED,,Monthly Salary / Bank Add Money,20209.23,30441.74,,,,,"{""source"": ""Bank Deposit"", ""ground_truth_anomaly"": false}",False
TXN-20261001-003037,10,10,,2026-10-01 09:07:00,11682.86,CASH_IN,NORMAL_WALLET,,,Deposit,COMPLETED,,Monthly Salary / Bank Add Money,10890.57,22573.43,,,,,"{""source"": ""Bank Deposit"", ""ground_truth_anomaly"": false}",False
TXN-20261001-003039,10,,,2026-10-01 09:17:00,3000.00,FUND_ALLOCATION,NORMAL_WALLET,38,,Transport,COMPLETED,,Allocated ৳3000.00 to Samiul's Transport Fund,17573.43,14573.43,6042.19,9042.19,,,"{""fund_name"": ""Samiul's Transport Fund"", ""ground_truth_anomaly"": false}",False
TXN-20261001-003053,15,,,2026-10-01 09:21:00,4500.00,FUND_ALLOCATION,NORMAL_WALLET,47,,Education,COMPLETED,,Allocated ৳4500.00 to Zubair's Education Fund,30441.74,25941.74,4500.00,9000.00,,,"{""fund_name"": ""Zubair's Education Fund"", ""ground_truth_anomaly"": false}",False
TXN-20261001-003038,10,,,2026-10-01 09:26:00,5000.00,FUND_ALLOCATION,NORMAL_WALLET,37,,Education,COMPLETED,,Allocated ৳5000.00 to Samiul's Education Fund,22573.43,17573.43,0.00,5000.00,,,"{""fund_name"": ""Samiul's Education Fund"", ""ground_truth_anomaly"": false}",False
TXN-20261001-003054,15,,,2026-10-01 09:27:00,2500.00,FUND_ALLOCATION,NORMAL_WALLET,48,,Transport,COMPLETED,,Allocated ৳2500.00 to Zubair's Transport Fund,25941.74,23441.74,9386.90,11886.90,,,"{""fund_name"": ""Zubair's Transport Fund"", ""ground_truth_anomaly"": false}",False
TXN-20261001-003077,22,22,,2026-10-01 09:47:00,168692.37,CASH_IN,NORMAL_WALLET,,,Deposit,COMPLETED,,Monthly Salary / Bank Add Money,398643.38,567335.75,,,,,"{""source"": ""Bank Deposit"", ""ground_truth_anomaly"": false}",False
TXN-20261001-003079,22,,,2026-10-01 09:52:00,20000.00,FUND_ALLOCATION,NORMAL_WALLET,66,,Treatment,COMPLETED,,Allocated ৳20000.00 to Nafis's Treatment Fund,542335.75,522335.75,82320.58,102320.58,,,"{""fund_name"": ""Nafis's Treatment Fund"", ""ground_truth_anomaly"": false}",False
TXN-20261001-003049,14,14,,2026-10-01 09:54:00,14179.27,CASH_IN,NORMAL_WALLET,,,Deposit,COMPLETED,,Monthly Salary / Bank Add Money,32312.11,46491.38,,,,,"{""source"": ""Bank Deposit"", ""ground_truth_anomaly"": false}",False
TXN-20261001-003012,5,5,,2026-10-01 09:57:00,71924.17,CASH_IN,NORMAL_WALLET,,,Deposit,COMPLETED,,Monthly Salary / Bank Add Money,100471.86,172396.03,,,,,"{""source"": ""Bank Deposit"", ""ground_truth_anomaly"": false}",False
TXN-20261001-003072,21,21,,2026-10-01 10:00:00,206167.00,CASH_IN,NORMAL_WALLET,,,Deposit,COMPLETED,,Monthly Salary / Bank Add Money,592629.56,798796.56,,,,,"{""source"": ""Bank Deposit"", ""ground_truth_anomaly"": false}",False
TXN-20261001-003081,22,,,2026-10-01 10:01:00,15000.00,FUND_ALLOCATION,NORMAL_WALLET,68,,Shopping,COMPLETED,,Allocated ৳15000.00 to Nafis's Shopping Fund,500335.75,485335.75,69301.09,84301.09,,,"{""fund_name"": ""Nafis's Shopping Fund"", ""ground_truth_anomaly"": false}",False
TXN-20261001-003046,13,13,,2026-10-01 10:02:00,9012.12,CASH_IN,NORMAL_WALLET,,,Deposit,COMPLETED,,Monthly Salary / Bank Add Money,8454.41,17466.53,,,,,"{""source"": ""Bank Deposit"", ""ground_truth_anomaly"": false}",False
TXN-20261001-003050,14,,,2026-10-01 10:04:00,5000.00,FUND_ALLOCATION,NORMAL_WALLET,45,,Restaurant/Food,COMPLETED,,Allocated ৳5000.00 to Sakib's Restaurant/Food Fund,46491.38,41491.38,9579.25,14579.25,,,"{""fund_name"": ""Sakib's Restaurant/Food Fund"", ""ground_truth_anomaly"": false}",False
TXN-20261001-003080,22,,,2026-10-01 10:06:00,22000.00,FUND_ALLOCATION,NORMAL_WALLET,67,,Education,COMPLETED,,Allocated ৳22000.00 to Nafis's Education Fund,522335.75,500335.75,81601.75,103601.75,,,"{""fund_name"": ""Nafis's Education Fund"", ""ground_truth_anomaly"": false}",False
TXN-20261001-003015,5,,,2026-10-01 10:07:00,6000.00,FUND_ALLOCATION,NORMAL_WALLET,19,,Medicine,COMPLETED,,Allocated ৳6000.00 to Kamrul's Medicine Fund,153196.03,147196.03,28943.97,34943.97,,,"{""fund_name"": ""Kamrul's Medicine Fund"", ""ground_truth_anomaly"": false}",False
TXN-20261001-003043,12,12,,2026-10-01 10:07:00,10827.40,CASH_IN,NORMAL_WALLET,,,Deposit,COMPLETED,,Monthly Salary / Bank Add Money,24250.97,35078.37,,,,,"{""source"": ""Bank Deposit"", ""ground_truth_anomaly"": false}",False
TXN-20261001-003014,5,,,2026-10-01 10:08:00,4200.00,FUND_ALLOCATION,NORMAL_WALLET,18,,Electricity,COMPLETED,,Allocated ৳4200.00 to Kamrul's Electricity Fund,157396.03,153196.03,4752.98,8952.98,,,"{""fund_name"": ""Kamrul's Electricity Fund"", ""ground_truth_anomaly"": false}",False
TXN-20261001-003013,5,,,2026-10-01 10:11:00,15000.00,FUND_ALLOCATION,NORMAL_WALLET,17,,Grocery,COMPLETED,,Allocated ৳15000.00 to Kamrul's Grocery Fund,172396.03,157396.03,72856.62,87856.62,,,"{""fund_name"": ""Kamrul's Grocery Fund"", ""ground_truth_anomaly"": false}",False
TXN-20261001-002992,1,1,,2026-10-01 10:12:00,85310.06,CASH_IN,NORMAL_WALLET,,,Deposit,COMPLETED,,Monthly Salary / Bank Add Money,114596.52,199906.58,,,,,"{""source"": ""Bank Deposit"", ""ground_truth_anomaly"": false}",False
TXN-20261001-003075,21,,,2026-10-01 10:12:00,18000.00,FUND_ALLOCATION,NORMAL_WALLET,63,,Restaurant/Food,COMPLETED,,Allocated ৳18000.00 to Tanzeem's Restaurant/Food Fund,721796.56,703796.56,95614.91,113614.91,,,"{""fund_name"": ""Tanzeem's Restaurant/Food Fund"", ""ground_truth_anomaly"": false}",False
TXN-20261001-003047,13,,,2026-10-01 10:14:00,4000.00,FUND_ALLOCATION,NORMAL_WALLET,43,,Education,COMPLETED,,Allocated ৳4000.00 to Nahian's Education Fund,17466.53,13466.53,0.00,4000.00,,,"{""fund_name"": ""Nahian's Education Fund"", ""ground_truth_anomaly"": false}",False
TXN-20261001-003051,14,,,2026-10-01 10:14:00,4000.00,FUND_ALLOCATION,NORMAL_WALLET,46,,Shopping,COMPLETED,,Allocated ৳4000.00 to Sakib's Shopping Fund,41491.38,37491.38,5553.36,9553.36,,,"{""fund_name"": ""Sakib's Shopping Fund"", ""ground_truth_anomaly"": false}",False
TXN-20261001-003078,22,,,2026-10-01 10:15:00,25000.00,FUND_ALLOCATION,NORMAL_WALLET,65,,Grocery,COMPLETED,,Allocated ৳25000.00 to Nafis's Grocery Fund,567335.75,542335.75,143468.03,168468.03,,,"{""fund_name"": ""Nafis's Grocery Fund"", ""ground_truth_anomaly"": false}",False
TXN-20261001-003073,21,,,2026-10-01 10:16:00,32000.00,FUND_ALLOCATION,NORMAL_WALLET,61,,Grocery,COMPLETED,,Allocated ৳32000.00 to Tanzeem's Grocery Fund,798796.56,766796.56,185753.95,217753.95,,,"{""fund_name"": ""Tanzeem's Grocery Fund"", ""ground_truth_anomaly"": false}",False
TXN-20261001-003076,21,,,2026-10-01 10:17:00,22000.00,FUND_ALLOCATION,NORMAL_WALLET,64,,Shopping,COMPLETED,,Allocated ৳22000.00 to Tanzeem's Shopping Fund,703796.56,681796.56,108895.93,130895.93,,,"{""fund_name"": ""Tanzeem's Shopping Fund"", ""ground_truth_anomaly"": false}",False
TXN-20261001-003007,4,4,,2026-10-01 10:18:00,109122.66,CASH_IN,NORMAL_WALLET,,,Deposit,COMPLETED,,Monthly Salary / Bank Add Money,185208.34,294331.00,,,,,"{""source"": ""Bank Deposit"", ""ground_truth_anomaly"": false}",False
TXN-20261001-003048,13,,,2026-10-01 10:18:00,2000.00,FUND_ALLOCATION,NORMAL_WALLET,44,,Transport,COMPLETED,,Allocated ৳2000.00 to Nahian's Transport Fund,13466.53,11466.53,1809.76,3809.76,,,"{""fund_name"": ""Nahian's Transport Fund"", ""ground_truth_anomaly"": false}",False
TXN-20261001-002993,1,,,2026-10-01 10:19:00,18000.00,FUND_ALLOCATION,NORMAL_WALLET,1,,Grocery,COMPLETED,,Allocated ৳18000.00 to Tariq's Grocery Fund,199906.58,181906.58,100490.41,118490.41,,,"{""fund_name"": ""Tariq's Grocery Fund"", ""ground_truth_anomaly"": false}",False
TXN-20261001-003045,12,,,2026-10-01 10:19:00,2500.00,FUND_ALLOCATION,NORMAL_WALLET,42,,Transport,COMPLETED,,Allocated ৳2500.00 to Rafid's Transport Fund,30578.37,28078.37,7485.30,9985.30,,,"{""fund_name"": ""Rafid's Transport Fund"", ""ground_truth_anomaly"": false}",False
TXN-20261001-002994,1,,,2026-10-01 10:20:00,4500.00,FUND_ALLOCATION,NORMAL_WALLET,2,,Electricity,COMPLETED,,Allocated ৳4500.00 to Tariq's Electricity Fund,181906.58,177406.58,5757.32,10257.32,,,"{""fund_name"": ""Tariq's Electricity Fund"", ""ground_truth_anomaly"": false}",False
TXN-20261001-003008,4,,,2026-10-01 10:23:00,22000.00,FUND_ALLOCATION,NORMAL_WALLET,13,,Grocery,COMPLETED,,Allocated ৳22000.00 to Mahbub's Grocery Fund,294331.00,272331.00,125199.55,147199.55,,,"{""fund_name"": ""Mahbub's Grocery Fund"", ""ground_truth_anomaly"": false}",False
TXN-20261001-003010,4,,,2026-10-01 10:23:00,16000.00,FUND_ALLOCATION,NORMAL_WALLET,15,,Education,COMPLETED,,Allocated ৳16000.00 to Mahbub's Education Fund,242331.00,226331.00,47594.91,63594.91,,,"{""fund_name"": ""Mahbub's Education Fund"", ""ground_truth_anomaly"": false}",False
TXN-20261001-002995,1,,,2026-10-01 10:24:00,12000.00,FUND_ALLOCATION,NORMAL_WALLET,3,,Education,COMPLETED,,Allocated ৳12000.00 to Tariq's Education Fund,177406.58,165406.58,32961.14,44961.14,,,"{""fund_name"": ""Tariq's Education Fund"", ""ground_truth_anomaly"": false}",False
TXN-20261001-003044,12,,,2026-10-01 10:24:00,4500.00,FUND_ALLOCATION,NORMAL_WALLET,41,,Education,COMPLETED,,Allocated ৳4500.00 to Rafid's Education Fund,35078.37,30578.37,9000.00,13500.00,,,"{""fund_name"": ""Rafid's Education Fund"", ""ground_truth_anomaly"": false}",False
TXN-20261001-003016,5,,,2026-10-01 10:25:00,10000.00,FUND_ALLOCATION,NORMAL_WALLET,20,,Education,COMPLETED,,Allocated ৳10000.00 to Kamrul's Education Fund,147196.03,137196.03,20000.00,30000.00,,,"{""fund_name"": ""Kamrul's Education Fund"", ""ground_truth_anomaly"": false}",False
TXN-20261001-003067,20,20,,2026-10-01 10:26:00,186152.11,CASH_IN,NORMAL_WALLET,,,Deposit,COMPLETED,,Monthly Salary / Bank Add Money,479032.77,665184.88,,,,,"{""source"": ""Bank Deposit"", ""ground_truth_anomaly"": false}",False
TXN-20261001-003074,21,,,2026-10-01 10:30:00,45000.00,FUND_ALLOCATION,NORMAL_WALLET,62,,Rent,COMPLETED,,Allocated ৳45000.00 to Tanzeem's Rent Fund,766796.56,721796.56,124494.60,169494.60,,,"{""fund_name"": ""Tanzeem's Rent Fund"", ""ground_truth_anomaly"": false}",False
TXN-20261001-002996,1,,,2026-10-01 10:37:00,6000.00,FUND_ALLOCATION,NORMAL_WALLET,4,,Medicine,COMPLETED,,Allocated ৳6000.00 to Tariq's Medicine Fund,165406.58,159406.58,29987.70,35987.70,,,"{""fund_name"": ""Tariq's Medicine Fund"", ""ground_truth_anomaly"": false}",False
TXN-20261001-003071,20,,,2026-10-01 10:39:00,15000.00,FUND_ALLOCATION,NORMAL_WALLET,60,,Treatment,COMPLETED,,Allocated ৳15000.00 to Asif's Treatment Fund,577184.88,562184.88,56312.03,71312.03,,,"{""fund_name"": ""Asif's Treatment Fund"", ""ground_truth_anomaly"": false}",False
TXN-20261001-003011,4,,,2026-10-01 10:40:00,8000.00,FUND_ALLOCATION,NORMAL_WALLET,16,,Medicine,COMPLETED,,Allocated ৳8000.00 to Mahbub's Medicine Fund,226331.00,218331.00,42722.02,50722.02,,,"{""fund_name"": ""Mahbub's Medicine Fund"", ""ground_truth_anomaly"": false}",False
TXN-20261001-003070,20,,,2026-10-01 10:40:00,20000.00,FUND_ALLOCATION,NORMAL_WALLET,59,,Shopping,COMPLETED,,Allocated ৳20000.00 to Asif's Shopping Fund,597184.88,577184.88,98636.69,118636.69,,,"{""fund_name"": ""Asif's Shopping Fund"", ""ground_truth_anomaly"": false}",False
TXN-20261001-003082,23,23,,2026-10-01 10:41:00,66170.30,CASH_IN,NORMAL_WALLET,,,Deposit,COMPLETED,,Monthly Salary / Bank Add Money,193390.43,259560.73,,,,,"{""source"": ""Bank Deposit"", ""ground_truth_anomaly"": false}",False
TXN-20261001-003068,20,,,2026-10-01 10:45:00,28000.00,FUND_ALLOCATION,NORMAL_WALLET,57,,Grocery,COMPLETED,,Allocated ৳28000.00 to Asif's Grocery Fund,665184.88,637184.88,156992.20,184992.20,,,"{""fund_name"": ""Asif's Grocery Fund"", ""ground_truth_anomaly"": false}",False
TXN-20261001-003009,4,,,2026-10-01 10:47:00,30000.00,FUND_ALLOCATION,NORMAL_WALLET,14,,Rent,COMPLETED,,Allocated ৳30000.00 to Mahbub's Rent Fund,272331.00,242331.00,68868.98,98868.98,,,"{""fund_name"": ""Mahbub's Rent Fund"", ""ground_truth_anomaly"": false}",False
TXN-20261001-003084,23,,,2026-10-01 10:47:00,14000.00,FUND_ALLOCATION,NORMAL_WALLET,70,,Shopping,COMPLETED,,Allocated ৳14000.00 to Shafiqul's Shopping Fund,247560.73,233560.73,44999.61,58999.61,,,"{""fund_name"": ""Shafiqul's Shopping Fund"", ""ground_truth_anomaly"": false}",False
TXN-20261001-003085,23,,,2026-10-01 10:47:00,6000.00,FUND_ALLOCATION,NORMAL_WALLET,71,,Transport,COMPLETED,,Allocated ৳6000.00 to Shafiqul's Transport Fund,233560.73,227560.73,29955.35,35955.35,,,"{""fund_name"": ""Shafiqul's Transport Fund"", ""ground_truth_anomaly"": false}",False
TXN-20261001-003069,20,,,2026-10-01 10:48:00,40000.00,FUND_ALLOCATION,NORMAL_WALLET,58,,Rent,COMPLETED,,Allocated ৳40000.00 to Asif's Rent Fund,637184.88,597184.88,106564.90,146564.90,,,"{""fund_name"": ""Asif's Rent Fund"", ""ground_truth_anomaly"": false}",False
TXN-20261001-003027,8,8,,2026-10-01 10:53:00,103353.55,CASH_IN,NORMAL_WALLET,,,Deposit,COMPLETED,,Monthly Salary / Bank Add Money,219896.84,323250.39,,,,,"{""source"": ""Bank Deposit"", ""ground_truth_anomaly"": false}",False
TXN-20261001-003058,17,17,,2026-10-01 10:56:00,22375.27,CASH_IN,NORMAL_WALLET,,,Deposit,COMPLETED,,Monthly Salary / Bank Add Money,33104.46,55479.73,,,,,"{""source"": ""Bank Deposit"", ""ground_truth_anomaly"": false}",False
TXN-20261001-003028,8,,,2026-10-01 11:01:00,20000.00,FUND_ALLOCATION,NORMAL_WALLET,29,,Grocery,COMPLETED,,Allocated ৳20000.00 to Saifur's Grocery Fund,323250.39,303250.39,107956.27,127956.27,,,"{""fund_name"": ""Saifur's Grocery Fund"", ""ground_truth_anomaly"": false}",False
TXN-20261001-003031,8,,,2026-10-01 11:01:00,10000.00,FUND_ALLOCATION,NORMAL_WALLET,32,,Treatment,COMPLETED,,Allocated ৳10000.00 to Saifur's Treatment Fund,279750.39,269750.39,23863.40,33863.40,,,"{""fund_name"": ""Saifur's Treatment Fund"", ""ground_truth_anomaly"": false}",False
TXN-20261001-003061,18,18,,2026-10-01 11:01:00,25194.37,CASH_IN,NORMAL_WALLET,,,Deposit,COMPLETED,,Monthly Salary / Bank Add Money,44501.75,69696.12,,,,,"{""source"": ""Bank Deposit"", ""ground_truth_anomaly"": false}",False
TXN-20261001-003083,23,,,2026-10-01 11:01:00,12000.00,FUND_ALLOCATION,NORMAL_WALLET,69,,Restaurant/Food,COMPLETED,,Allocated ৳12000.00 to Shafiqul's Restaurant/Food Fund,259560.73,247560.73,58541.80,70541.80,,,"{""fund_name"": ""Shafiqul's Restaurant/Food Fund"", ""ground_truth_anomaly"": false}",False
TXN-20261001-003086,24,24,,2026-10-01 11:01:00,54350.17,CASH_IN,NORMAL_WALLET,,,Deposit,COMPLETED,,Monthly Salary / Bank Add Money,178704.58,233054.75,,,,,"{""source"": ""Bank Deposit"", ""ground_truth_anomaly"": false}",False
TXN-20261001-003029,8,,,2026-10-01 11:03:00,18000.00,FUND_ALLOCATION,NORMAL_WALLET,30,,Education,COMPLETED,,Allocated ৳18000.00 to Saifur's Education Fund,303250.39,285250.39,28957.04,46957.04,,,"{""fund_name"": ""Saifur's Education Fund"", ""ground_truth_anomaly"": false}",False
TXN-20261001-003059,17,,,2026-10-01 11:03:00,9000.00,FUND_ALLOCATION,NORMAL_WALLET,51,,Grocery,COMPLETED,,Allocated ৳9000.00 to Farzana's Grocery Fund,55479.73,46479.73,41737.98,50737.98,,,"{""fund_name"": ""Farzana's Grocery Fund"", ""ground_truth_anomaly"": false}",False
TXN-20261001-003055,16,16,,2026-10-01 11:06:00,19435.03,CASH_IN,NORMAL_WALLET,,,Deposit,COMPLETED,,Monthly Salary / Bank Add Money,23088.48,42523.51,,,,,"{""source"": ""Bank Deposit"", ""ground_truth_anomaly"": false}",False
TXN-20261001-003030,8,,,2026-10-01 11:07:00,5500.00,FUND_ALLOCATION,NORMAL_WALLET,31,,Electricity,COMPLETED,,Allocated ৳5500.00 to Saifur's Electricity Fund,285250.39,279750.39,4951.52,10451.52,,,"{""fund_name"": ""Saifur's Electricity Fund"", ""ground_truth_anomaly"": false}",False
TXN-20261001-003002,3,3,,2026-10-01 11:09:00,78018.55,CASH_IN,NORMAL_WALLET,,,Deposit,COMPLETED,,Monthly Salary / Bank Add Money,120975.64,198994.19,,,,,"{""source"": ""Bank Deposit"", ""ground_truth_anomaly"": false}",False
TXN-20261001-003090,25,25,,2026-10-01 11:10:00,68567.57,CASH_IN,NORMAL_WALLET,,,Deposit,COMPLETED,,Monthly Salary / Bank Add Money,197422.44,265990.01,,,,,"{""source"": ""Bank Deposit"", ""ground_truth_anomaly"": false}",False
TXN-20261001-003057,16,,,2026-10-01 11:11:00,4000.00,FUND_ALLOCATION,NORMAL_WALLET,50,,Medicine,COMPLETED,,Allocated ৳4000.00 to Nasrin's Medicine Fund,34523.51,30523.51,18284.26,22284.26,,,"{""fund_name"": ""Nasrin's Medicine Fund"", ""ground_truth_anomaly"": false}",False
TXN-20261001-003089,24,,,2026-10-01 11:11:00,5000.00,FUND_ALLOCATION,NORMAL_WALLET,74,,Transport,COMPLETED,,Allocated ৳5000.00 to Emon's Transport Fund,212054.75,207054.75,24931.67,29931.67,,,"{""fund_name"": ""Emon's Transport Fund"", ""ground_truth_anomaly"": false}",False
TXN-20261001-003087,24,,,2026-10-01 11:13:00,10000.00,FUND_ALLOCATION,NORMAL_WALLET,72,,Restaurant/Food,COMPLETED,,Allocated ৳10000.00 to Emon's Restaurant/Food Fund,233054.75,223054.75,38509.61,48509.61,,,"{""fund_name"": ""Emon's Restaurant/Food Fund"", ""ground_truth_anomaly"": false}",False
TXN-20261001-003091,25,,,2026-10-01 11:15:00,13000.00,FUND_ALLOCATION,NORMAL_WALLET,75,,Restaurant/Food,COMPLETED,,Allocated ৳13000.00 to Arif's Restaurant/Food Fund,265990.01,252990.01,60196.56,73196.56,,,"{""fund_name"": ""Arif's Restaurant/Food Fund"", ""ground_truth_anomaly"": false}",False
TXN-20261001-003088,24,,,2026-10-01 11:17:00,11000.00,FUND_ALLOCATION,NORMAL_WALLET,73,,Shopping,COMPLETED,,Allocated ৳11000.00 to Emon's Shopping Fund,223054.75,212054.75,38049.55,49049.55,,,"{""fund_name"": ""Emon's Shopping Fund"", ""ground_truth_anomaly"": false}",False
TXN-20261001-003063,18,,,2026-10-01 11:20:00,5000.00,FUND_ALLOCATION,NORMAL_WALLET,54,,Shopping,COMPLETED,,Allocated ৳5000.00 to Rumana's Shopping Fund,59696.12,54696.12,8584.13,13584.13,,,"{""fund_name"": ""Rumana's Shopping Fund"", ""ground_truth_anomaly"": false}",False
TXN-20261001-003004,3,,,2026-10-01 11:21:00,14000.00,FUND_ALLOCATION,NORMAL_WALLET,10,,Education,COMPLETED,,Allocated ৳14000.00 to Farhan's Education Fund,182994.19,168994.19,34833.08,48833.08,,,"{""fund_name"": ""Farhan's Education Fund"", ""ground_truth_anomaly"": false}",False
TXN-20261001-003032,9,9,,2026-10-01 11:21:00,90296.19,CASH_IN,NORMAL_WALLET,,,Deposit,COMPLETED,,Monthly Salary / Bank Add Money,253976.10,344272.29,,,,,"{""source"": ""Bank Deposit"", ""ground_truth_anomaly"": false}",False
TXN-20261001-003056,16,,,2026-10-01 11:21:00,8000.00,FUND_ALLOCATION,NORMAL_WALLET,49,,Grocery,COMPLETED,,Allocated ৳8000.00 to Nasrin's Grocery Fund,42523.51,34523.51,38801.18,46801.18,,,"{""fund_name"": ""Nasrin's Grocery Fund"", ""ground_truth_anomaly"": false}",False
TXN-20261001-003062,18,,,2026-10-01 11:21:00,10000.00,FUND_ALLOCATION,NORMAL_WALLET,53,,Grocery,COMPLETED,,Allocated ৳10000.00 to Rumana's Grocery Fund,69696.12,59696.12,46258.82,56258.82,,,"{""fund_name"": ""Rumana's Grocery Fund"", ""ground_truth_anomaly"": false}",False
TXN-20261001-003092,25,,,2026-10-01 11:22:00,15000.00,FUND_ALLOCATION,NORMAL_WALLET,76,,Shopping,COMPLETED,,Allocated ৳15000.00 to Arif's Shopping Fund,252990.01,237990.01,63078.04,78078.04,,,"{""fund_name"": ""Arif's Shopping Fund"", ""ground_truth_anomaly"": false}",False
TXN-20261001-003064,19,19,,2026-10-01 11:24:00,28247.10,CASH_IN,NORMAL_WALLET,,,Deposit,COMPLETED,,Monthly Salary / Bank Add Money,55918.94,84166.04,,,,,"{""source"": ""Bank Deposit"", ""ground_truth_anomaly"": false}",False
TXN-20261001-003006,3,,,2026-10-01 11:25:00,5000.00,FUND_ALLOCATION,NORMAL_WALLET,12,,Transport,COMPLETED,,Allocated ৳5000.00 to Farhan's Transport Fund,164994.19,159994.19,24843.30,29843.30,,,"{""fund_name"": ""Farhan's Transport Fund"", ""ground_truth_anomaly"": false}",False
TXN-20261001-003060,17,,,2026-10-01 11:25:00,4500.00,FUND_ALLOCATION,NORMAL_WALLET,52,,Medicine,COMPLETED,,Allocated ৳4500.00 to Farzana's Medicine Fund,46479.73,41979.73,19781.74,24281.74,,,"{""fund_name"": ""Farzana's Medicine Fund"", ""ground_truth_anomaly"": false}",False
TXN-20261001-003066,19,,,2026-10-01 11:29:00,5000.00,FUND_ALLOCATION,NORMAL_WALLET,56,,Medicine,COMPLETED,,Allocated ৳5000.00 to Sadia's Medicine Fund,72166.04,67166.04,22252.39,27252.39,,,"{""fund_name"": ""Sadia's Medicine Fund"", ""ground_truth_anomaly"": false}",False
TXN-20261001-002997,2,2,,2026-10-01 11:30:00,95363.76,CASH_IN,NORMAL_WALLET,,,Deposit,COMPLETED,,Monthly Salary / Bank Add Money,215568.60,310932.36,,,,,"{""source"": ""Bank Deposit"", ""ground_truth_anomaly"": false}",False
TXN-20261001-003003,3,,,2026-10-01 11:30:00,16000.00,FUND_ALLOCATION,NORMAL_WALLET,9,,Grocery,COMPLETED,,Allocated ৳16000.00 to Farhan's Grocery Fund,198994.19,182994.19,82764.05,98764.05,,,"{""fund_name"": ""Farhan's Grocery Fund"", ""ground_truth_anomaly"": false}",False
TXN-20261001-003034,9,,,2026-10-01 11:31:00,22000.00,FUND_ALLOCATION,NORMAL_WALLET,34,,Rent,COMPLETED,,Allocated ৳22000.00 to Shahidul's Rent Fund,325272.29,303272.29,16778.36,38778.36,,,"{""fund_name"": ""Shahidul's Rent Fund"", ""ground_truth_anomaly"": false}",False
TXN-20261001-003093,25,,,2026-10-01 11:33:00,10000.00,FUND_ALLOCATION,NORMAL_WALLET,77,,Grocery,COMPLETED,,Allocated ৳10000.00 to Arif's Grocery Fund,237990.01,227990.01,38257.77,48257.77,,,"{""fund_name"": ""Arif's Grocery Fund"", ""ground_truth_anomaly"": false}",False
TXN-20261001-003000,2,,,2026-10-01 11:35:00,5000.00,FUND_ALLOCATION,NORMAL_WALLET,7,,Electricity,COMPLETED,,Allocated ৳5000.00 to Anisul's Electricity Fund,265932.36,260932.36,1983.00,6983.00,,,"{""fund_name"": ""Anisul's Electricity Fund"", ""ground_truth_anomaly"": false}",False
TXN-20261001-003001,2,,,2026-10-01 11:38:00,5000.00,FUND_ALLOCATION,NORMAL_WALLET,8,,Medicine,COMPLETED,,Allocated ৳5000.00 to Anisul's Medicine Fund,260932.36,255932.36,22862.79,27862.79,,,"{""fund_name"": ""Anisul's Medicine Fund"", ""ground_truth_anomaly"": false}",False
TXN-20261001-003036,9,,,2026-10-01 11:38:00,6000.00,FUND_ALLOCATION,NORMAL_WALLET,36,,Medicine,COMPLETED,,Allocated ৳6000.00 to Shahidul's Medicine Fund,299272.29,293272.29,27819.86,33819.86,,,"{""fund_name"": ""Shahidul's Medicine Fund"", ""ground_truth_anomaly"": false}",False
TXN-20261001-003005,3,,,2026-10-01 11:39:00,4000.00,FUND_ALLOCATION,NORMAL_WALLET,11,,Electricity,COMPLETED,,Allocated ৳4000.00 to Farhan's Electricity Fund,168994.19,164994.19,6212.41,10212.41,,,"{""fund_name"": ""Farhan's Electricity Fund"", ""ground_truth_anomaly"": false}",False
TXN-20261001-003035,9,,,2026-10-01 11:39:00,4000.00,FUND_ALLOCATION,NORMAL_WALLET,35,,Electricity,COMPLETED,,Allocated ৳4000.00 to Shahidul's Electricity Fund,303272.29,299272.29,3503.77,7503.77,,,"{""fund_name"": ""Shahidul's Electricity Fund"", ""ground_truth_anomaly"": false}",False
TXN-20261001-003022,7,7,,2026-10-01 11:42:00,67063.19,CASH_IN,NORMAL_WALLET,,,Deposit,COMPLETED,,Monthly Salary / Bank Add Money,141791.92,208855.11,,,,,"{""source"": ""Bank Deposit"", ""ground_truth_anomaly"": false}",False
TXN-20261001-003017,6,6,,2026-10-01 11:45:00,86057.00,CASH_IN,NORMAL_WALLET,,,Deposit,COMPLETED,,Monthly Salary / Bank Add Money,236949.37,323006.37,,,,,"{""source"": ""Bank Deposit"", ""ground_truth_anomaly"": false}",False
TXN-20261001-003065,19,,,2026-10-01 11:45:00,12000.00,FUND_ALLOCATION,NORMAL_WALLET,55,,Grocery,COMPLETED,,Allocated ৳12000.00 to Sadia's Grocery Fund,84166.04,72166.04,55615.99,67615.99,,,"{""fund_name"": ""Sadia's Grocery Fund"", ""ground_truth_anomaly"": false}",False
TXN-20261001-003033,9,,,2026-10-01 11:47:00,19000.00,FUND_ALLOCATION,NORMAL_WALLET,33,,Grocery,COMPLETED,,Allocated ৳19000.00 to Shahidul's Grocery Fund,344272.29,325272.29,104986.70,123986.70,,,"{""fund_name"": ""Shahidul's Grocery Fund"", ""ground_truth_anomaly"": false}",False
TXN-20261001-002998,2,,,2026-10-01 11:50:00,20000.00,FUND_ALLOCATION,NORMAL_WALLET,5,,Grocery,COMPLETED,,Allocated ৳20000.00 to Anisul's Grocery Fund,310932.36,290932.36,112119.03,132119.03,,,"{""fund_name"": ""Anisul's Grocery Fund"", ""ground_truth_anomaly"": false}",False
TXN-20261001-003024,7,,,2026-10-01 11:52:00,3800.00,FUND_ALLOCATION,NORMAL_WALLET,26,,Electricity,COMPLETED,,Allocated ৳3800.00 to Delwar's Electricity Fund,193855.11,190055.11,2339.51,6139.51,,,"{""fund_name"": ""Delwar's Electricity Fund"", ""ground_truth_anomaly"": false}",False
TXN-20261001-002999,2,,,2026-10-01 11:54:00,25000.00,FUND_ALLOCATION,NORMAL_WALLET,6,,Rent,COMPLETED,,Allocated ৳25000.00 to Anisul's Rent Fund,290932.36,265932.36,38070.04,63070.04,,,"{""fund_name"": ""Anisul's Rent Fund"", ""ground_truth_anomaly"": false}",False
TXN-20261001-003040,11,11,,2026-10-01 11:54:00,10242.41,CASH_IN,NORMAL_WALLET,,,Deposit,COMPLETED,,Monthly Salary / Bank Add Money,11256.46,21498.87,,,,,"{""source"": ""Bank Deposit"", ""ground_truth_anomaly"": false}",False
TXN-20261001-003023,7,,,2026-10-01 11:57:00,15000.00,FUND_ALLOCATION,NORMAL_WALLET,25,,Grocery,COMPLETED,,Allocated ৳15000.00 to Delwar's Grocery Fund,208855.11,193855.11,77668.82,92668.82,,,"{""fund_name"": ""Delwar's Grocery Fund"", ""ground_truth_anomaly"": false}",False
TXN-20261001-003018,6,,,2026-10-01 11:59:00,18000.00,FUND_ALLOCATION,NORMAL_WALLET,21,,Grocery,COMPLETED,,Allocated ৳18000.00 to Zahid's Grocery Fund,323006.37,305006.37,98123.34,116123.34,,,"{""fund_name"": ""Zahid's Grocery Fund"", ""ground_truth_anomaly"": false}",False
TXN-20261001-003019,6,,,2026-10-01 12:02:00,24000.00,FUND_ALLOCATION,NORMAL_WALLET,22,,Rent,COMPLETED,,Allocated ৳24000.00 to Zahid's Rent Fund,305006.37,281006.37,32155.86,56155.86,,,"{""fund_name"": ""Zahid's Rent Fund"", ""ground_truth_anomaly"": false}",False
TXN-20261001-003025,7,,,2026-10-01 12:07:00,5000.00,FUND_ALLOCATION,NORMAL_WALLET,27,,Medicine,COMPLETED,,Allocated ৳5000.00 to Delwar's Medicine Fund,190055.11,185055.11,26061.11,31061.11,,,"{""fund_name"": ""Delwar's Medicine Fund"", ""ground_truth_anomaly"": false}",False
TXN-20261001-003020,6,,,2026-10-01 12:10:00,4500.00,FUND_ALLOCATION,NORMAL_WALLET,23,,Electricity,COMPLETED,,Allocated ৳4500.00 to Zahid's Electricity Fund,281006.37,276506.37,3223.02,7723.02,,,"{""fund_name"": ""Zahid's Electricity Fund"", ""ground_truth_anomaly"": false}",False
TXN-20261001-003026,7,,,2026-10-01 12:11:00,4000.00,FUND_ALLOCATION,NORMAL_WALLET,28,,Transport,COMPLETED,,Allocated ৳4000.00 to Delwar's Transport Fund,185055.11,181055.11,19519.51,23519.51,,,"{""fund_name"": ""Delwar's Transport Fund"", ""ground_truth_anomaly"": false}",False
TXN-20261001-003041,11,,,2026-10-01 12:11:00,4000.00,FUND_ALLOCATION,NORMAL_WALLET,39,,Education,COMPLETED,,Allocated ৳4000.00 to Tanvir's Education Fund,21498.87,17498.87,54.32,4054.32,,,"{""fund_name"": ""Tanvir's Education Fund"", ""ground_truth_anomaly"": false}",False
TXN-20261001-003021,6,,,2026-10-01 12:13:00,6000.00,FUND_ALLOCATION,NORMAL_WALLET,24,,Shopping,COMPLETED,,Allocated ৳6000.00 to Zahid's Shopping Fund,276506.37,270506.37,15381.70,21381.70,,,"{""fund_name"": ""Zahid's Shopping Fund"", ""ground_truth_anomaly"": false}",False
TXN-20261001-003042,11,,,2026-10-01 12:19:00,3000.00,FUND_ALLOCATION,NORMAL_WALLET,40,,Restaurant/Food,COMPLETED,,Allocated ৳3000.00 to Tanvir's Restaurant/Food Fund,17498.87,14498.87,0.00,3000.00,,,"{""fund_name"": ""Tanvir's Restaurant/Food Fund"", ""ground_truth_anomaly"": false}",False
TXN-ANOM-20261001-003225,3,,11,2026-10-01 15:26:00,11372.00,MERCHANT_PAYMENT,NORMAL_WALLET,,,Treatment,COMPLETED,,Emergency diagnostic package at Square Hospital Diagnostic,129514.19,118142.19,,,,,"{""ground_truth_anomaly"": true, ""anomaly_type"": ""UNUSUAL_CATEGORY""}",True
TXN-REJ-20261001-003298,12,,27,2026-10-01 16:49:00,5325.00,MERCHANT_PAYMENT,FAMILY_PASS,,5,Transport,REJECTED,"FamilyPass spending limit exceeded. Remaining allowance: ৳4,000.00, requested: ৳5,325.00",Attempted FamilyPass spending exceeding allowance,103781.19,103781.19,,,4000.00,4000.00,"{""ground_truth_anomaly"": false, ""policy_violation"": ""FAMILYPASS_LIMIT_EXCEEDED""}",False
TXN-20261005-003100,7,,,2026-10-05 11:27:00,22387.00,BILL_PAYMENT,NORMAL_WALLET,,,Rent,COMPLETED,,Monthly Housing Rental Bill Payment,181055.11,158668.11,,,,,"{""provider"": ""Eastern Housing Rental"", ""bill_type"": ""Housing"", ""account_number"": ""EHR-88219"", ""ground_truth_anomaly"": false}",False
TXN-20261005-003104,21,,29,2026-10-05 11:58:00,29714.00,MERCHANT_PAYMENT,PURPOSE_FUND,62,,Rent,COMPLETED,,Monthly Apartment Rent to Rangs Living Rent,681796.56,681796.56,169494.60,139780.60,,,"{""merchant"": ""Rangs Living Rent"", ""ground_truth_anomaly"": false}",False
TXN-20261005-003098,5,,,2026-10-05 12:48:00,23190.00,BILL_PAYMENT,NORMAL_WALLET,,,Rent,COMPLETED,,Monthly Housing Rental Bill Payment,137196.03,114006.03,,,,,"{""provider"": ""Eastern Housing Rental"", ""bill_type"": ""Housing"", ""account_number"": ""EHR-88219"", ""ground_truth_anomaly"": false}",False
TXN-20261005-003103,20,,28,2026-10-05 13:20:00,21310.00,MERCHANT_PAYMENT,PURPOSE_FUND,58,,Rent,COMPLETED,,Monthly Apartment Rent to Eastern Housing Rental,562184.88,562184.88,146564.90,125254.90,,,"{""merchant"": ""Eastern Housing Rental"", ""ground_truth_anomaly"": false}",False
TXN-20261005-003096,3,,,2026-10-05 13:29:00,22721.00,BILL_PAYMENT,NORMAL_WALLET,,,Rent,COMPLETED,,Monthly Housing Rental Bill Payment,159994.19,137273.19,,,,,"{""provider"": ""Eastern Housing Rental"", ""bill_type"": ""Housing"", ""account_number"": ""EHR-88219"", ""ground_truth_anomaly"": false}",False
TXN-20261005-003101,8,,,2026-10-05 13:33:00,21777.00,BILL_PAYMENT,NORMAL_WALLET,,,Rent,COMPLETED,,Monthly Housing Rental Bill Payment,269750.39,247973.39,,,,,"{""provider"": ""Eastern Housing Rental"", ""bill_type"": ""Housing"", ""account_number"": ""EHR-88219"", ""ground_truth_anomaly"": false}",False
TXN-20261005-003105,22,,,2026-10-05 14:59:00,25617.00,BILL_PAYMENT,NORMAL_WALLET,,,Rent,COMPLETED,,Monthly Housing Rental Bill Payment,485335.75,459718.75,,,,,"{""provider"": ""Eastern Housing Rental"", ""bill_type"": ""Housing"", ""account_number"": ""EHR-88219"", ""ground_truth_anomaly"": false}",False
TXN-20261005-003102,9,,28,2026-10-05 15:20:00,23750.00,MERCHANT_PAYMENT,PURPOSE_FUND,34,,Rent,COMPLETED,,Monthly Apartment Rent to Eastern Housing Rental,293272.29,293272.29,38778.36,15028.36,,,"{""merchant"": ""Eastern Housing Rental"", ""ground_truth_anomaly"": false}",False
TXN-20261005-003099,6,,28,2026-10-05 16:02:00,22900.00,MERCHANT_PAYMENT,PURPOSE_FUND,22,,Rent,COMPLETED,,Monthly Apartment Rent to Eastern Housing Rental,270506.37,270506.37,56155.86,33255.86,,,"{""merchant"": ""Eastern Housing Rental"", ""ground_truth_anomaly"": false}",False
TXN-20261005-003095,2,,28,2026-10-05 16:03:00,24711.00,MERCHANT_PAYMENT,PURPOSE_FUND,6,,Rent,COMPLETED,,Monthly Apartment Rent to Eastern Housing Rental,255932.36,255932.36,63070.04,38359.04,,,"{""merchant"": ""Eastern Housing Rental"", ""ground_truth_anomaly"": false}",False
TXN-20261005-003094,1,,,2026-10-05 16:18:00,19266.00,BILL_PAYMENT,NORMAL_WALLET,,,Rent,COMPLETED,,Monthly Housing Rental Bill Payment,159406.58,140140.58,,,,,"{""provider"": ""Eastern Housing Rental"", ""bill_type"": ""Housing"", ""account_number"": ""EHR-88219"", ""ground_truth_anomaly"": false}",False
TXN-20261005-003097,4,,29,2026-10-05 16:48:00,22865.00,MERCHANT_PAYMENT,PURPOSE_FUND,14,,Rent,COMPLETED,,Monthly Apartment Rent to Rangs Living Rent,218331.00,218331.00,98868.98,76003.98,,,"{""merchant"": ""Rangs Living Rent"", ""ground_truth_anomaly"": false}",False
